card_id,provider,plan,plan_variants,country,country_code,location,os,vcpu,cpu_share_pct,ram_gb,storage_gb,storage_type,traffic_tb,port_mbps,price,currency,price_period,price_usd_month,payment_crypto,payment_ru_cards,payment_methods,source_url,checked_at
firstbyte:firstbyte-msk-kvm-ssd-1-vl1-row-1,Firstbyte,MSK-KVM-SSD-1 VL1,,Russia,RU,"Россия, Москва",,1,,0.75,10,SSD,4,200,129,RUB,month,1.53,true,true,BNB; BTC; DOGE; ETH; LTC; SOL; TON; TRX; USDT; MIR; Mastercard; VISA; SBP; PayPal; YooMoney,https://firstbyte.ru/vps-vds/kvm-ssd/,2026-08-30
firstbyte:firstbyte-msk-kvm-sas-11-row-78,Firstbyte,MSK-KVM-SAS-11,,Russia,RU,"Россия, Москва",,1,,0.75,20,SAS+SSD,4,200,129,RUB,month,1.53,true,true,BNB; BTC; DOGE; ETH; LTC; SOL; TON; TRX; USDT; MIR; Mastercard; VISA; SBP; PayPal; YooMoney,https://firstbyte.ru/vps-vds/kvm-sas/,2026-08-30
xorek:xorek-de-de-promo-1-germany-1,Xorek,DE-PROMO,,Germany,DE,Germany,,1,,2,10,NVMe,,100,149,RUB,month,1.77,true,true,BNB; BTC; DOGE; ETH; LTC; SOL; TON; TRX; USDC; USDT; MIR; Mastercard; VISA; SBP; PayPal,https://xorek.cloud/ru/vps?group=DE&price_max=2949,2026-08-30
macloud:macloud-standard-1-russia-moscow-datapro-1,Macloud,Standard 1,,Russia,RU,Russia-Moscow-DataPro,,1,,1,10,NVMe,1,1000,150,RUB,month,1.78,true,true,BNB; BTC; DOGE; ETH; LTC; SOL; TON; TRX; USDC; USDT; MIR; Mastercard; VISA; SBP; Invoice for organization; YooMoney,https://macloud.ru/,2026-08-30
vdsina:vdsina-vdsina-ru-standard-1-moscow-1,VDSina,Standard 1,,Russia,RU,Moscow,,1,,1,10,NVMe,1,1000,150,RUB,month,1.78,true,true,BNB; BTC; DOGE; ETH; LTC; SOL; TON; TRX; USDT; MIR; Mastercard; VISA; SBP; Invoice for organization; YooMoney,https://vdsina.ru/pricing/standard,2026-08-30
netcup:netcup-vps-lite-vps-piko-g11s-nuremberg-1,netcup,VPS piko G11s,,Germany,DE,Nuremberg,,1,,1,30,SSD,,,1.84,EUR,month,2.11,false,false,Bank card; PayPal; SEPA; Bank transfer,https://www.netcup.com/en/server/vps-lite,2026-08-30
1cent-host:1cent-host-60-fi-7,1cent.host,FI-PROMO,,Finland,FI,FI,,1,,1,10,NVMe,,1000,180,RUB,month,2.13,,,,https://1cent.host/,2026-08-30
1cent-host:1cent-host-2-de-1,1cent.host,DE-PROMO,,Germany,DE,DE,,1,,1,10,NVMe,,1000,180,RUB,month,2.13,,,,https://1cent.host/,2026-08-30
1cent-host:1cent-host-2-de-1,1cent.host,NL-PROMO,,Netherlands,NL,NL,,1,,1,10,NVMe,,1000,180,RUB,month,2.13,,,,https://1cent.host/,2026-08-30
1cent-host:1cent-host-233-pl-31,1cent.host,PL-PROMO,,Poland,PL,PL,,1,,1,10,NVMe,,1000,180,RUB,month,2.13,,,,https://1cent.host/,2026-08-30
firstbyte:firstbyte-msk-kvm-ssd-vl3-row-2,Firstbyte,MSK-KVM-SSD VL3,,Russia,RU,"Россия, Москва",,1,,1,20,SSD,5,200,189,RUB,month,2.24,true,true,BNB; BTC; DOGE; ETH; LTC; SOL; TON; TRX; USDT; MIR; Mastercard; VISA; SBP; PayPal; YooMoney,https://firstbyte.ru/vps-vds/kvm-ssd/,2026-08-30
selectel:selectel-selectel-vds-1-1-10-row-1,Selectel,VDS 1-1-10,,Russia,RU,"Россия, Москва / Санкт-Петербург",,1,,1,10,NVMe,3,3000,200,RUB,month,2.37,false,true,MIR; VISA; Mastercard; SBP; YooMoney; Bank transfer,https://selectel.ru/services/cloud/vps-vds/,2026-09-22
vultr:vultr-vc2-1c-0-5gb-v6-ewr-atl-1,Vultr,Cloud Compute 1C-512M,,USA,US,"ewr, atl",,1,,0.5,10,SSD,0.5,,2.5,USD,month,2.5,false,false,Mastercard; VISA; PayPal,https://www.vultr.com/pricing/,2026-08-30
hostkey:hostkey-vm-pico-nl-fi-es-it-fr-pl-ch-tr-is-10,HOSTKEY,vm.pico,,Finland,FI,"NL, FI, ES, IT, FR, PL, CH, TR, IS",,1,,1,40,SSD,3,1000,2.46,EUR,month,2.82,true,false,VISA; Mastercard; American Express; UnionPay; PayPal; Alipay; WebMoney; BTC; Bank transfer,https://hostkey.com/vps/,2026-09-24
hostkey:hostkey-vm-pico-nl-fi-es-it-fr-pl-ch-tr-is-10,HOSTKEY,vm.pico,,France,FR,"NL, FI, ES, IT, FR, PL, CH, TR, IS",,1,,1,40,SSD,3,1000,2.46,EUR,month,2.82,true,false,VISA; Mastercard; American Express; UnionPay; PayPal; Alipay; WebMoney; BTC; Bank transfer,https://hostkey.com/vps/,2026-09-24
hostkey:hostkey-vm-pico-nl-fi-es-it-fr-pl-ch-tr-is-10,HOSTKEY,vm.pico,,Italy,IT,"NL, FI, ES, IT, FR, PL, CH, TR, IS",,1,,1,40,SSD,3,1000,2.46,EUR,month,2.82,true,false,VISA; Mastercard; American Express; UnionPay; PayPal; Alipay; WebMoney; BTC; Bank transfer,https://hostkey.com/vps/,2026-09-24
hostkey:hostkey-vm-pico-nl-fi-es-it-fr-pl-ch-tr-is-10,HOSTKEY,vm.pico,,Netherlands,NL,"NL, FI, ES, IT, FR, PL, CH, TR, IS",,1,,1,40,SSD,3,1000,2.46,EUR,month,2.82,true,false,VISA; Mastercard; American Express; UnionPay; PayPal; Alipay; WebMoney; BTC; Bank transfer,https://hostkey.com/vps/,2026-09-24
hostkey:hostkey-vm-pico-nl-fi-es-it-fr-pl-ch-tr-is-10,HOSTKEY,vm.pico,,Poland,PL,"NL, FI, ES, IT, FR, PL, CH, TR, IS",,1,,1,40,SSD,3,1000,2.46,EUR,month,2.82,true,false,VISA; Mastercard; American Express; UnionPay; PayPal; Alipay; WebMoney; BTC; Bank transfer,https://hostkey.com/vps/,2026-09-24
hostkey:hostkey-vm-pico-nl-fi-es-it-fr-pl-ch-tr-is-10,HOSTKEY,vm.pico,,Spain,ES,"NL, FI, ES, IT, FR, PL, CH, TR, IS",,1,,1,40,SSD,3,1000,2.46,EUR,month,2.82,true,false,VISA; Mastercard; American Express; UnionPay; PayPal; Alipay; WebMoney; BTC; Bank transfer,https://hostkey.com/vps/,2026-09-24
hostkey:hostkey-vm-pico-nl-fi-es-it-fr-pl-ch-tr-is-10,HOSTKEY,vm.pico,,Switzerland,CH,"NL, FI, ES, IT, FR, PL, CH, TR, IS",,1,,1,40,SSD,3,1000,2.46,EUR,month,2.82,true,false,VISA; Mastercard; American Express; UnionPay; PayPal; Alipay; WebMoney; BTC; Bank transfer,https://hostkey.com/vps/,2026-09-24
hostkey:hostkey-vm-pico-nl-fi-es-it-fr-pl-ch-tr-is-10,HOSTKEY,vm.pico,,Turkey,TR,"NL, FI, ES, IT, FR, PL, CH, TR, IS",,1,,1,40,SSD,3,1000,2.46,EUR,month,2.82,true,false,VISA; Mastercard; American Express; UnionPay; PayPal; Alipay; WebMoney; BTC; Bank transfer,https://hostkey.com/vps/,2026-09-24
xorek:xorek-de-de-r9-2-2-germany-2,Xorek,FI-R9-2,,Finland,FI,Finland,,1,,2,30,NVMe,,1000,249,RUB,month,2.95,true,true,BNB; BTC; DOGE; ETH; LTC; SOL; TON; TRX; USDC; USDT; MIR; Mastercard; VISA; SBP; PayPal,https://xorek.cloud/ru/vps?group=FI&price_max=2949,2026-08-30
xorek:xorek-de-de-r9-2-2-germany-2,Xorek,DE-R9-2,,Germany,DE,Germany,,1,,2,30,NVMe,,1000,249,RUB,month,2.95,true,true,BNB; BTC; DOGE; ETH; LTC; SOL; TON; TRX; USDC; USDT; MIR; Mastercard; VISA; SBP; PayPal,https://xorek.cloud/ru/vps?group=DE&price_max=2949,2026-08-30
xorek:xorek-de-de-r9-2-2-germany-2,Xorek,NL-R9-2,,Netherlands,NL,Netherlands,,1,,2,30,NVMe,,1000,249,RUB,month,2.95,true,true,BNB; BTC; DOGE; ETH; LTC; SOL; TON; TRX; USDC; USDT; MIR; Mastercard; VISA; SBP; PayPal,https://xorek.cloud/ru/vps?group=NL&price_max=2949,2026-08-30
1cent-host:1cent-host-171-se-13,1cent.host,SE-PROMO,,Sweden,SE,SE,,1,,1,10,NVMe,,1000,250,RUB,month,2.96,,,,https://1cent.host/,2026-08-30
selectel:selectel-selectel-vds-1-2-25-row-2,Selectel,VDS 1-2-25,,Russia,RU,"Россия, Москва / Санкт-Петербург",,1,,2,25,NVMe,3,3000,250,RUB,month,2.96,false,true,MIR; VISA; Mastercard; SBP; YooMoney; Bank transfer,https://selectel.ru/services/cloud/vps-vds/,2026-09-22
firstbyte:firstbyte-eu-kvm-ssd-start-fin1-row-18,Firstbyte,EU-KVM-SSD-START-SOF1,,Bulgaria,BG,"Болгария, София",,1,,0.75,5,SSD,3,100,259,RUB,month,3.07,true,true,BNB; BTC; DOGE; ETH; LTC; SOL; TON; TRX; USDT; MIR; Mastercard; VISA; SBP; PayPal; YooMoney,https://firstbyte.ru/vps-vds/bulgaria/,2026-08-30
firstbyte:firstbyte-eu-kvm-ssd-start-fin1-row-18,Firstbyte,EU-KVM-SSD-START-FIN1,,Finland,FI,"Финляндия, Хельсинки",,1,,0.75,5,SSD,3,100,259,RUB,month,3.07,true,true,BNB; BTC; DOGE; ETH; LTC; SOL; TON; TRX; USDT; MIR; Mastercard; VISA; SBP; PayPal; YooMoney,https://firstbyte.ru/vps-vds/finland/,2026-08-30
firstbyte:firstbyte-eu-kvm-ssd-start-fin1-row-18,Firstbyte,EU-KVM-SSD-START-PAR1,,France,FR,"Франция, Париж",,1,,0.75,5,SSD,3,100,259,RUB,month,3.07,true,true,BNB; BTC; DOGE; ETH; LTC; SOL; TON; TRX; USDT; MIR; Mastercard; VISA; SBP; PayPal; YooMoney,https://firstbyte.ru/vps-vds/france/,2026-08-30
firstbyte:firstbyte-eu-kvm-ssd-start-fin1-row-18,Firstbyte,EU-KVM-SSD-START-FRA1,,Germany,DE,"Германия, Франкфурт",,1,,0.75,5,SSD,3,100,259,RUB,month,3.07,true,true,BNB; BTC; DOGE; ETH; LTC; SOL; TON; TRX; USDT; MIR; Mastercard; VISA; SBP; PayPal; YooMoney,https://firstbyte.ru/vps-vds/germany/,2026-08-30
firstbyte:firstbyte-eu-kvm-ssd-start-fin1-row-18,Firstbyte,KVM-SSD-START-TK,,Japan,JP,"Япония, Токио",,1,,0.75,5,SSD,3,100,259,RUB,month,3.07,true,true,BNB; BTC; DOGE; ETH; LTC; SOL; TON; TRX; USDT; MIR; Mastercard; VISA; SBP; PayPal; YooMoney,https://firstbyte.ru/vps-vds/japan/,2026-08-30
firstbyte:firstbyte-eu-kvm-ssd-start-fin1-row-18,Firstbyte,EU-KVM-SSD-START-AMS1,,Netherlands,NL,"Нидерланды, Амстердам",,1,,0.75,5,SSD,3,100,259,RUB,month,3.07,true,true,BNB; BTC; DOGE; ETH; LTC; SOL; TON; TRX; USDT; MIR; Mastercard; VISA; SBP; PayPal; YooMoney,https://firstbyte.ru/vps-vds/netherlands/,2026-08-30
firstbyte:firstbyte-eu-kvm-ssd-start-fin1-row-18,Firstbyte,KVM-SSD-START-SG,,Singapore,SG,Сингапур,,1,,0.75,5,SSD,3,100,259,RUB,month,3.07,true,true,BNB; BTC; DOGE; ETH; LTC; SOL; TON; TRX; USDT; MIR; Mastercard; VISA; SBP; PayPal; YooMoney,https://firstbyte.ru/vps-vds/kvm-ssd-asia/,2026-08-30
firstbyte:firstbyte-eu-kvm-ssd-start-fin1-row-18,Firstbyte,EU-KVM-SSD-START-MAD1,,Spain,ES,"Испания, Мадрид",,1,,0.75,5,SSD,3,100,259,RUB,month,3.07,true,true,BNB; BTC; DOGE; ETH; LTC; SOL; TON; TRX; USDT; MIR; Mastercard; VISA; SBP; PayPal; YooMoney,https://firstbyte.ru/vps-vds/spain/,2026-08-30
firstbyte:firstbyte-eu-kvm-ssd-start-fin1-row-18,Firstbyte,KVM-SSD-START-DB,,UAE,AE,"ОАЭ, Дубай",,1,,0.75,5,SSD,3,100,259,RUB,month,3.07,true,true,BNB; BTC; DOGE; ETH; LTC; SOL; TON; TRX; USDT; MIR; Mastercard; VISA; SBP; PayPal; YooMoney,https://firstbyte.ru/vps-vds/oae/,2026-08-30
firstbyte:firstbyte-eu-kvm-ssd-start-fin1-row-18,Firstbyte,US-KVM-START1,,USA,US,"США, Нью-Йорк",,1,,0.75,5,SSD,3,100,259,RUB,month,3.07,true,true,BNB; BTC; DOGE; ETH; LTC; SOL; TON; TRX; USDT; MIR; Mastercard; VISA; SBP; PayPal; YooMoney,https://firstbyte.ru/vps-vds/kvm-ssd-us/,2026-08-30
selectel:selectel-selectel-shared-1vcpu-0-5gb-10nvme-row-41,Selectel,Shared 1C-0.5G (10% vCPU),,Russia,RU,"Россия, Москва / Санкт-Петербург",,1,10,0.5,10,Network SSD,3,3000,280.45,RUB,month,3.32,false,true,MIR; VISA; Mastercard; SBP; YooMoney; Bank transfer,https://selectel.ru/prices/calculator/,2026-09-22
cherryservers:cherryservers-899-lt-siauliai-15,Cherry Servers,Cloud VPS 1 (Gen 2),,Germany,DE,de-frankfurt,,1,,1,20,SSD,1,1000,3,EUR,month,3.44,true,false,Bank card; PayPal; Google Pay; Apple Pay; Alipay; Bank transfer; BTC; ETH; SOL; ADA; USDC; POL; BNB; LTC; DOGE; XRP; TRX; DAI; SHIB; BCH,https://www.cherryservers.com/pricing/virtual-servers/b2-1-1gb-20s-shared?region=de-frankfurt&billing=3&currency=EUR,2026-08-30
cherryservers:cherryservers-899-lt-siauliai-15,Cherry Servers,Cloud VPS 1 (Gen 2),,Lithuania,LT,lt-siauliai,,1,,1,20,SSD,1,1000,3,EUR,month,3.44,true,false,Bank card; PayPal; Google Pay; Apple Pay; Alipay; Bank transfer; BTC; ETH; SOL; ADA; USDC; POL; BNB; LTC; DOGE; XRP; TRX; DAI; SHIB; BCH,https://www.cherryservers.com/pricing/virtual-servers/b2-1-1gb-20s-shared?region=lt-siauliai&billing=3&currency=EUR,2026-08-30
cherryservers:cherryservers-899-lt-siauliai-15,Cherry Servers,Cloud VPS 1 (Gen 2),,Netherlands,NL,nl-amsterdam,,1,,1,20,SSD,1,1000,3,EUR,month,3.44,true,false,Bank card; PayPal; Google Pay; Apple Pay; Alipay; Bank transfer; BTC; ETH; SOL; ADA; USDC; POL; BNB; LTC; DOGE; XRP; TRX; DAI; SHIB; BCH,https://www.cherryservers.com/pricing/virtual-servers/b2-1-1gb-20s-shared?region=nl-amsterdam&billing=3&currency=EUR,2026-08-30
cherryservers:cherryservers-899-lt-siauliai-15,Cherry Servers,Cloud VPS 1 (Gen 2),,Singapore,SG,sg-singapore,,1,,1,20,SSD,1,1000,3,EUR,month,3.44,true,false,Bank card; PayPal; Google Pay; Apple Pay; Alipay; Bank transfer; BTC; ETH; SOL; ADA; USDC; POL; BNB; LTC; DOGE; XRP; TRX; DAI; SHIB; BCH,https://www.cherryservers.com/pricing/virtual-servers/b2-1-1gb-20s-shared?region=sg-singapore&billing=3&currency=EUR,2026-08-30
cherryservers:cherryservers-899-lt-siauliai-15,Cherry Servers,Cloud VPS 1 (Gen 2),,Sweden,SE,se-stockholm,,1,,1,20,SSD,1,1000,3,EUR,month,3.44,true,false,Bank card; PayPal; Google Pay; Apple Pay; Alipay; Bank transfer; BTC; ETH; SOL; ADA; USDC; POL; BNB; LTC; DOGE; XRP; TRX; DAI; SHIB; BCH,https://www.cherryservers.com/pricing/virtual-servers/b2-1-1gb-20s-shared?region=se-stockholm&billing=3&currency=EUR,2026-08-30
cherryservers:cherryservers-899-lt-siauliai-15,Cherry Servers,Cloud VPS 1 (Gen 2),,USA,US,us-chicago,,1,,1,20,SSD,1,1000,3,EUR,month,3.44,true,false,Bank card; PayPal; Google Pay; Apple Pay; Alipay; Bank transfer; BTC; ETH; SOL; ADA; USDC; POL; BNB; LTC; DOGE; XRP; TRX; DAI; SHIB; BCH,https://www.cherryservers.com/pricing/virtual-servers/b2-1-1gb-20s-shared?region=us-chicago&billing=3&currency=EUR,2026-08-30
vultr:vultr-vc2-1c-0-5gb-ewr-2,Vultr,Cloud Compute 1C-512M,,USA,US,ewr,,1,,0.5,10,SSD,0.5,,3.5,USD,month,3.5,false,false,Mastercard; VISA; PayPal,https://www.vultr.com/pricing/,2026-08-30
hostkey:hostkey-vm-nano-nl-fi-es-it-fr-pl-ch-tr-is-9,HOSTKEY,vm.nano,,Finland,FI,"NL, FI, ES, IT, FR, PL, CH, TR, IS",,2,,2,60,SSD,3,1000,3.08,EUR,month,3.53,true,false,VISA; Mastercard; American Express; UnionPay; PayPal; Alipay; WebMoney; BTC; Bank transfer,https://hostkey.com/vps/,2026-09-24
hostkey:hostkey-vm-nano-nl-fi-es-it-fr-pl-ch-tr-is-9,HOSTKEY,vm.nano,,France,FR,"NL, FI, ES, IT, FR, PL, CH, TR, IS",,2,,2,60,SSD,3,1000,3.08,EUR,month,3.53,true,false,VISA; Mastercard; American Express; UnionPay; PayPal; Alipay; WebMoney; BTC; Bank transfer,https://hostkey.com/vps/,2026-09-24
hostkey:hostkey-vm-nano-nl-fi-es-it-fr-pl-ch-tr-is-9,HOSTKEY,vm.nano,,Italy,IT,"NL, FI, ES, IT, FR, PL, CH, TR, IS",,2,,2,60,SSD,3,1000,3.08,EUR,month,3.53,true,false,VISA; Mastercard; American Express; UnionPay; PayPal; Alipay; WebMoney; BTC; Bank transfer,https://hostkey.com/vps/,2026-09-24
hostkey:hostkey-vm-nano-nl-fi-es-it-fr-pl-ch-tr-is-9,HOSTKEY,vm.nano,,Netherlands,NL,"NL, FI, ES, IT, FR, PL, CH, TR, IS",,2,,2,60,SSD,3,1000,3.08,EUR,month,3.53,true,false,VISA; Mastercard; American Express; UnionPay; PayPal; Alipay; WebMoney; BTC; Bank transfer,https://hostkey.com/vps/,2026-09-24
hostkey:hostkey-vm-nano-nl-fi-es-it-fr-pl-ch-tr-is-9,HOSTKEY,vm.nano,,Poland,PL,"NL, FI, ES, IT, FR, PL, CH, TR, IS",,2,,2,60,SSD,3,1000,3.08,EUR,month,3.53,true,false,VISA; Mastercard; American Express; UnionPay; PayPal; Alipay; WebMoney; BTC; Bank transfer,https://hostkey.com/vps/,2026-09-24
hostkey:hostkey-vm-nano-nl-fi-es-it-fr-pl-ch-tr-is-9,HOSTKEY,vm.nano,,Spain,ES,"NL, FI, ES, IT, FR, PL, CH, TR, IS",,2,,2,60,SSD,3,1000,3.08,EUR,month,3.53,true,false,VISA; Mastercard; American Express; UnionPay; PayPal; Alipay; WebMoney; BTC; Bank transfer,https://hostkey.com/vps/,2026-09-24
hostkey:hostkey-vm-nano-nl-fi-es-it-fr-pl-ch-tr-is-9,HOSTKEY,vm.nano,,Switzerland,CH,"NL, FI, ES, IT, FR, PL, CH, TR, IS",,2,,2,60,SSD,3,1000,3.08,EUR,month,3.53,true,false,VISA; Mastercard; American Express; UnionPay; PayPal; Alipay; WebMoney; BTC; Bank transfer,https://hostkey.com/vps/,2026-09-24
hostkey:hostkey-vm-nano-nl-fi-es-it-fr-pl-ch-tr-is-9,HOSTKEY,vm.nano,,Turkey,TR,"NL, FI, ES, IT, FR, PL, CH, TR, IS",,2,,2,60,SSD,3,1000,3.08,EUR,month,3.53,true,false,VISA; Mastercard; American Express; UnionPay; PayPal; Alipay; WebMoney; BTC; Bank transfer,https://hostkey.com/vps/,2026-09-24
netcup:netcup-vps-lite-vps-nano-g11s-nuremberg-2,netcup,VPS nano G11s,,Germany,DE,Nuremberg,,2,,2,60,SSD,,,3.08,EUR,month,3.53,false,false,Bank card; PayPal; SEPA; Bank transfer,https://www.netcup.com/en/server/vps-lite,2026-08-30
firstbyte:firstbyte-msk-kvm-sas-22-row-79,Firstbyte,MSK-KVM-SAS-22,,Russia,RU,"Россия, Москва",,3,,1,80,SAS+SSD,5,200,299,RUB,month,3.54,true,true,BNB; BTC; DOGE; ETH; LTC; SOL; TON; TRX; USDT; MIR; Mastercard; VISA; SBP; PayPal; YooMoney,https://firstbyte.ru/vps-vds/kvm-sas/,2026-08-30
firstvds:firstvds-vds-kvm-ssd-10-0-russia-1,FirstVDS,Progrev (SSD),,Russia,RU,Russia,,1,,1,15,,unlimited,100,299,RUB,month,3.54,false,true,MIR; Mastercard; VISA; SberPay; SBP; YooMoney,https://firstvds.ru/docs/tariffs.html,2026-08-30
1cent-host:1cent-host-135-ee-25,1cent.host,EE-PROMO,,Estonia,EE,EE,,1,,1,10,NVMe,,1000,300,RUB,month,3.55,,,,https://1cent.host/,2026-08-30
beget:beget-standard-1-1-10-russia-saint-petersburg-1,Beget,Standard 1-1-10,,Russia,RU,"Russia, Saint Petersburg",,1,,1,10,NVMe,,1000,11,RUB,day,3.91,false,true,Bank card; SBP; YooMoney; Bank transfer,https://beget.com/ru/vps,2026-08-30
firstbyte:firstbyte-msk-highmem-kvm-sas-1-row-86,Firstbyte,MSK-highmem-KVM-SAS-1,,Russia,RU,"Россия, Москва",,2,,2,50,SAS+SSD,unlimited,,333,RUB,month,3.95,true,true,BNB; BTC; DOGE; ETH; LTC; SOL; TON; TRX; USDT; MIR; Mastercard; VISA; SBP; PayPal; YooMoney,https://firstbyte.ru/vps-vds/kvm-sas/,2026-08-30
firstvds:firstvds-vds-kvm-nvme-10-0-russia-6,FirstVDS,Progrev (NVMe),,Russia,RU,Russia,,1,,1,15,,unlimited,100,339,RUB,month,4.02,false,true,MIR; Mastercard; VISA; SberPay; SBP; YooMoney,https://firstvds.ru/docs/tariffs.html,2026-08-30
firstbyte:firstbyte-msk-kvm-ssd-2-vl2-row-3,Firstbyte,MSK-KVM-SSD-2 VL2,,Russia,RU,"Россия, Москва",,3,,1,40,SSD,5,200,349,RUB,month,4.14,true,true,BNB; BTC; DOGE; ETH; LTC; SOL; TON; TRX; USDT; MIR; Mastercard; VISA; SBP; PayPal; YooMoney,https://firstbyte.ru/vps-vds/kvm-ssd/,2026-08-30
firstbyte:firstbyte-msk-highmem-kvm-ssd-11-row-12,Firstbyte,MSK-highmem-KVM-SSD-11,,Russia,RU,"Россия, Москва",,2,,2,25,SSD,4,200,349,RUB,month,4.14,true,true,BNB; BTC; DOGE; ETH; LTC; SOL; TON; TRX; USDT; MIR; Mastercard; VISA; SBP; PayPal; YooMoney,https://firstbyte.ru/vps-vds/kvm-ssd/,2026-08-30
firstbyte:firstbyte-msk-highmem-kvm-ssd-11-row-117,Firstbyte,MSK-highmem-KVM-SSD-11,,Russia,RU,"Россия, Москва",,2,,2,25,SSD,unlimited,,349,RUB,month,4.14,true,true,BNB; BTC; DOGE; ETH; LTC; SOL; TON; TRX; USDT; MIR; Mastercard; VISA; SBP; PayPal; YooMoney,https://firstbyte.ru/vps-vds/windows/,2026-08-30
datacheap:datacheap-vps-promo-nvme-row-14,DataCheap,VPS Promo NVMe,,Czech Republic,CZ,Чехия,,1,,1,15,NVMe,,,350,RUB,month,4.15,false,true,Bank card; SBP; PayPal; Bank transfer,https://datacheap.ru/services/arenda-vps-vds-serverov/,2026-08-30
datacheap:datacheap-vps-promo-nvme-row-14,DataCheap,VPS Promo NVMe,,Netherlands,NL,Нидерланды,,1,,1,15,NVMe,,,350,RUB,month,4.15,false,true,Bank card; SBP; PayPal; Bank transfer,https://datacheap.ru/services/arenda-vps-vds-serverov/,2026-08-30
datacheap:datacheap-vps-promo-nvme-row-1,DataCheap,VPS Promo NVMe,,Russia,RU,"Россия, Москва",,1,,1,10,NVMe,5,10000,350,RUB,month,4.15,false,true,Bank card; SBP; PayPal; Bank transfer,https://datacheap.ru/services/arenda-vps-vds-serverov/,2026-08-30
cloud4box:cloud4box-ru-ceph-russia-moscow-1,Cloud4box,Large disk (Ceph),,Russia,RU,"Russia, Moscow",,1,,1,80,HDD,unlimited,200,368,RUB,month,4.36,false,true,MIR; Mastercard; VISA; SberPay; SBP; YooMoney,https://cloud4box.com/vps/,2026-08-30
cloud4box:cloud4box-ru-optimal-russia-moscow-2,Cloud4box,Optimal,,Russia,RU,"Russia, Moscow",,1,,1,20,SSD,unlimited,200,368,RUB,month,4.36,false,true,MIR; Mastercard; VISA; SberPay; SBP; YooMoney,https://cloud4box.com/vps/,2026-08-30
firstbyte:firstbyte-msk-kvm-ssd-3-vl-row-4,Firstbyte,MSK-KVM-SSD-3 VL,,Russia,RU,"Россия, Москва",,3,,1.5,50,SSD,6,200,369,RUB,month,4.37,true,true,BNB; BTC; DOGE; ETH; LTC; SOL; TON; TRX; USDT; MIR; Mastercard; VISA; SBP; PayPal; YooMoney,https://firstbyte.ru/vps-vds/kvm-ssd/,2026-08-30
firstbyte:firstbyte-msk-kvm-sas-3-row-80,Firstbyte,MSK-KVM-SAS-3,,Russia,RU,"Россия, Москва",,3,,1.5,100,SAS+SSD,6,200,369,RUB,month,4.37,true,true,BNB; BTC; DOGE; ETH; LTC; SOL; TON; TRX; USDT; MIR; Mastercard; VISA; SBP; PayPal; YooMoney,https://firstbyte.ru/vps-vds/kvm-sas/,2026-08-30
1cent-host:1cent-host-240-pl-32,1cent.host,PL-1,,Poland,PL,PL,,1,,2,20,NVMe,,10000,370,RUB,month,4.38,,,,https://1cent.host/,2026-08-30
xorek:xorek-de-de-r9-4-3-germany-3,Xorek,FI-R9-4,,Finland,FI,Finland,,2,,4,60,NVMe,,1000,399,RUB,month,4.73,true,true,BNB; BTC; DOGE; ETH; LTC; SOL; TON; TRX; USDC; USDT; MIR; Mastercard; VISA; SBP; PayPal,https://xorek.cloud/ru/vps?group=FI&price_max=2949,2026-08-30
xorek:xorek-de-de-r9-4-3-germany-3,Xorek,DE-R9-4,,Germany,DE,Germany,,2,,4,60,NVMe,,1000,399,RUB,month,4.73,true,true,BNB; BTC; DOGE; ETH; LTC; SOL; TON; TRX; USDC; USDT; MIR; Mastercard; VISA; SBP; PayPal,https://xorek.cloud/ru/vps?group=DE&price_max=2949,2026-08-30
xorek:xorek-de-de-r9-4-3-germany-3,Xorek,NL-R9-4,,Netherlands,NL,Netherlands,,2,,4,60,NVMe,,1000,399,RUB,month,4.73,true,true,BNB; BTC; DOGE; ETH; LTC; SOL; TON; TRX; USDC; USDT; MIR; Mastercard; VISA; SBP; PayPal,https://xorek.cloud/ru/vps?group=NL&price_max=2949,2026-08-30
selectel:selectel-selectel-vds-2-2-40-row-3,Selectel,VDS 2-2-40,,Russia,RU,"Россия, Москва / Санкт-Петербург",,2,,2,40,NVMe,3,3000,400,RUB,month,4.74,false,true,MIR; VISA; Mastercard; SBP; YooMoney; Bank transfer,https://selectel.ru/services/cloud/vps-vds/,2026-09-22
cloud4box:cloud4box-ru-popular-russia-moscow-3,Cloud4box,Popular,,Russia,RU,"Russia, Moscow",,1,,1,20,SSD,unlimited,200,402,RUB,month,4.76,false,true,MIR; Mastercard; VISA; SberPay; SBP; YooMoney,https://cloud4box.com/vps/,2026-08-30
selectel:selectel-selectel-shared-1vcpu-1gb-10nvme-row-42,Selectel,Shared 1C-1G (10% vCPU),,Russia,RU,"Россия, Москва / Санкт-Петербург",,1,10,1,10,Network SSD,3,3000,414.12,RUB,month,4.91,false,true,MIR; VISA; Mastercard; SBP; YooMoney; Bank transfer,https://selectel.ru/prices/calculator/,2026-09-22
firstbyte:firstbyte-msk-highhdd-kvm-sas-1-row-92,Firstbyte,MSK-highhdd-KVM-SAS-1,,Russia,RU,"Россия, Москва",,1,,1,120,SAS+SSD,unlimited,,415,RUB,month,4.92,true,true,BNB; BTC; DOGE; ETH; LTC; SOL; TON; TRX; USDT; MIR; Mastercard; VISA; SBP; PayPal; YooMoney,https://firstbyte.ru/vps-vds/kvm-sas/,2026-08-30
hostingvds:hostingvds-vds-kvm-nvme-hvds-2g-eu-1-25,HostingVDS,HVDS-2G-EU,,Bulgaria,BG,"Болгария, София (1Гбит/с)",,1,,2,20,NVMe,2,1000,4.29,EUR,month,4.92,true,true,BNB; BTC; DAI; ETH; LTC; POL; SOL; TON; TRX; USDC; USDT; MIR; SBP,https://my.hosting-vds.com/order/vds-kvm-ssd-eu/50,2026-08-30
hostingvds:hostingvds-vds-kvm-nvme-hvds-2g-eu-1-25,HostingVDS,HVDS-2G-EU,,Finland,FI,"Финляндия, Хельсинки (1Гбит/с)",,1,,2,20,NVMe,2,1000,4.29,EUR,month,4.92,true,true,BNB; BTC; DAI; ETH; LTC; POL; SOL; TON; TRX; USDC; USDT; MIR; SBP,https://my.hosting-vds.com/order/vds-kvm-ssd-eu/50,2026-08-30
hostingvds:hostingvds-vds-kvm-nvme-hvds-2g-eu-1-25,HostingVDS,HVDS-2G-EU,,Germany,DE,"Германия, Франкфурт (1Гбит/с)",,1,,2,20,NVMe,2,1000,4.29,EUR,month,4.92,true,true,BNB; BTC; DAI; ETH; LTC; POL; SOL; TON; TRX; USDC; USDT; MIR; SBP,https://my.hosting-vds.com/order/vds-kvm-ssd-eu/50,2026-08-30
hostingvds:hostingvds-vds-kvm-nvme-hvds-2g-eu-1-25,HostingVDS,HVDS-2G-EU,,Latvia,LV,"Латвия, Рига (1Гбит/с)",,1,,2,20,NVMe,2,1000,4.29,EUR,month,4.92,true,true,BNB; BTC; DAI; ETH; LTC; POL; SOL; TON; TRX; USDC; USDT; MIR; SBP,https://my.hosting-vds.com/order/vds-kvm-ssd-eu/50,2026-08-30
hostingvds:hostingvds-vds-kvm-nvme-hvds-2g-eu-1-25,HostingVDS,HVDS-2G-EU,,Poland,PL,"Польша, Варшава (1Гбит/с)",,1,,2,20,NVMe,2,1000,4.29,EUR,month,4.92,true,true,BNB; BTC; DAI; ETH; LTC; POL; SOL; TON; TRX; USDC; USDT; MIR; SBP,https://my.hosting-vds.com/order/vds-kvm-ssd-eu/50,2026-08-30
hostingvds:hostingvds-vds-kvm-nvme-hvds-2g-selectel-1,HostingVDS,HVDS-2G,,Russia,RU,"Россия, Москва - Selectel",,1,,2,25,NVMe,2,10000,4.29,EUR,month,4.92,true,true,BNB; BTC; DAI; ETH; LTC; POL; SOL; TON; TRX; USDC; USDT; MIR; SBP,https://my.hosting-vds.com/order/standart-vds/1,2026-08-30
hostingvds:hostingvds-vds-kvm-nvme-hvds-2g-eu-1-25,HostingVDS,HVDS-2G-EU,,Sweden,SE,"Швеция, Стокгольм (1Гбит/с)",,1,,2,20,NVMe,2,1000,4.29,EUR,month,4.92,true,true,BNB; BTC; DAI; ETH; LTC; POL; SOL; TON; TRX; USDC; USDT; MIR; SBP,https://my.hosting-vds.com/order/vds-kvm-ssd-eu/50,2026-08-30
datacheap:datacheap-hi-cpu-start-nvme-row-8,DataCheap,HI-CPU Start NVMe,,Russia,RU,"Россия, Москва",,1,,1,20,NVMe,unlimited,10000,420,RUB,month,4.98,false,true,Bank card; SBP; PayPal; Bank transfer,https://datacheap.ru/services/arenda-vps-vds-serverov/,2026-08-30
datacheap:datacheap-vps-ssd-medium-row-13,DataCheap,VPS SSD Medium,,Russia,RU,"Россия, Москва",,2,,2,40,NVMe,unlimited,10000,420,RUB,month,4.98,false,true,Bank card; SBP; PayPal; Bank transfer,https://datacheap.ru/services/arenda-vps-vds-serverov/,2026-08-30
vultr:vultr-vc2-1c-1gb-ewr-ord-dfw-sea-lax-atl-ams-lhr-fra-sjc-syd-yto-cdg-nrt-waw-mad-icn-mia-sgp-sto-mex-mel-bom-jnb-tlv-blr-del-scl-itm-man-3,Vultr,Cloud Compute 1C-1G,,Australia,AU,"ewr, ord, dfw, sea, lax, atl, ams, lhr, fra, sjc, syd, yto, cdg, nrt, waw, mad, icn, mia, sgp, sto, mex, mel, bom, jnb, tlv, blr, del, scl, itm, man",,1,,1,25,SSD,1,,5,USD,month,5,false,false,Mastercard; VISA; PayPal,https://www.vultr.com/pricing/,2026-08-30
vultr:vultr-vc2-1c-1gb-ewr-ord-dfw-sea-lax-atl-ams-lhr-fra-sjc-syd-yto-cdg-nrt-waw-mad-icn-mia-sgp-sto-mex-mel-bom-jnb-tlv-blr-del-scl-itm-man-3,Vultr,Cloud Compute 1C-1G,,Canada,CA,"ewr, ord, dfw, sea, lax, atl, ams, lhr, fra, sjc, syd, yto, cdg, nrt, waw, mad, icn, mia, sgp, sto, mex, mel, bom, jnb, tlv, blr, del, scl, itm, man",,1,,1,25,SSD,1,,5,USD,month,5,false,false,Mastercard; VISA; PayPal,https://www.vultr.com/pricing/,2026-08-30
vultr:vultr-vc2-1c-1gb-ewr-ord-dfw-sea-lax-atl-ams-lhr-fra-sjc-syd-yto-cdg-nrt-waw-mad-icn-mia-sgp-sto-mex-mel-bom-jnb-tlv-blr-del-scl-itm-man-3,Vultr,Cloud Compute 1C-1G,,Chile,CL,"ewr, ord, dfw, sea, lax, atl, ams, lhr, fra, sjc, syd, yto, cdg, nrt, waw, mad, icn, mia, sgp, sto, mex, mel, bom, jnb, tlv, blr, del, scl, itm, man",,1,,1,25,SSD,1,,5,USD,month,5,false,false,Mastercard; VISA; PayPal,https://www.vultr.com/pricing/,2026-08-30
vultr:vultr-vc2-1c-1gb-ewr-ord-dfw-sea-lax-atl-ams-lhr-fra-sjc-syd-yto-cdg-nrt-waw-mad-icn-mia-sgp-sto-mex-mel-bom-jnb-tlv-blr-del-scl-itm-man-3,Vultr,Cloud Compute 1C-1G,,France,FR,"ewr, ord, dfw, sea, lax, atl, ams, lhr, fra, sjc, syd, yto, cdg, nrt, waw, mad, icn, mia, sgp, sto, mex, mel, bom, jnb, tlv, blr, del, scl, itm, man",,1,,1,25,SSD,1,,5,USD,month,5,false,false,Mastercard; VISA; PayPal,https://www.vultr.com/pricing/,2026-08-30
vultr:vultr-vc2-1c-1gb-ewr-ord-dfw-sea-lax-atl-ams-lhr-fra-sjc-syd-yto-cdg-nrt-waw-mad-icn-mia-sgp-sto-mex-mel-bom-jnb-tlv-blr-del-scl-itm-man-3,Vultr,Cloud Compute 1C-1G,,Germany,DE,"ewr, ord, dfw, sea, lax, atl, ams, lhr, fra, sjc, syd, yto, cdg, nrt, waw, mad, icn, mia, sgp, sto, mex, mel, bom, jnb, tlv, blr, del, scl, itm, man",,1,,1,25,SSD,1,,5,USD,month,5,false,false,Mastercard; VISA; PayPal,https://www.vultr.com/pricing/,2026-08-30
vultr:vultr-vc2-1c-1gb-ewr-ord-dfw-sea-lax-atl-ams-lhr-fra-sjc-syd-yto-cdg-nrt-waw-mad-icn-mia-sgp-sto-mex-mel-bom-jnb-tlv-blr-del-scl-itm-man-3,Vultr,Cloud Compute 1C-1G,,India,IN,"ewr, ord, dfw, sea, lax, atl, ams, lhr, fra, sjc, syd, yto, cdg, nrt, waw, mad, icn, mia, sgp, sto, mex, mel, bom, jnb, tlv, blr, del, scl, itm, man",,1,,1,25,SSD,1,,5,USD,month,5,false,false,Mastercard; VISA; PayPal,https://www.vultr.com/pricing/,2026-08-30
vultr:vultr-vc2-1c-1gb-ewr-ord-dfw-sea-lax-atl-ams-lhr-fra-sjc-syd-yto-cdg-nrt-waw-mad-icn-mia-sgp-sto-mex-mel-bom-jnb-tlv-blr-del-scl-itm-man-3,Vultr,Cloud Compute 1C-1G,,Israel,IL,"ewr, ord, dfw, sea, lax, atl, ams, lhr, fra, sjc, syd, yto, cdg, nrt, waw, mad, icn, mia, sgp, sto, mex, mel, bom, jnb, tlv, blr, del, scl, itm, man",,1,,1,25,SSD,1,,5,USD,month,5,false,false,Mastercard; VISA; PayPal,https://www.vultr.com/pricing/,2026-08-30
vultr:vultr-vc2-1c-1gb-ewr-ord-dfw-sea-lax-atl-ams-lhr-fra-sjc-syd-yto-cdg-nrt-waw-mad-icn-mia-sgp-sto-mex-mel-bom-jnb-tlv-blr-del-scl-itm-man-3,Vultr,Cloud Compute 1C-1G,,Japan,JP,"ewr, ord, dfw, sea, lax, atl, ams, lhr, fra, sjc, syd, yto, cdg, nrt, waw, mad, icn, mia, sgp, sto, mex, mel, bom, jnb, tlv, blr, del, scl, itm, man",,1,,1,25,SSD,1,,5,USD,month,5,false,false,Mastercard; VISA; PayPal,https://www.vultr.com/pricing/,2026-08-30
vultr:vultr-vc2-1c-1gb-ewr-ord-dfw-sea-lax-atl-ams-lhr-fra-sjc-syd-yto-cdg-nrt-waw-mad-icn-mia-sgp-sto-mex-mel-bom-jnb-tlv-blr-del-scl-itm-man-3,Vultr,Cloud Compute 1C-1G,,Mexico,MX,"ewr, ord, dfw, sea, lax, atl, ams, lhr, fra, sjc, syd, yto, cdg, nrt, waw, mad, icn, mia, sgp, sto, mex, mel, bom, jnb, tlv, blr, del, scl, itm, man",,1,,1,25,SSD,1,,5,USD,month,5,false,false,Mastercard; VISA; PayPal,https://www.vultr.com/pricing/,2026-08-30
vultr:vultr-vc2-1c-1gb-ewr-ord-dfw-sea-lax-atl-ams-lhr-fra-sjc-syd-yto-cdg-nrt-waw-mad-icn-mia-sgp-sto-mex-mel-bom-jnb-tlv-blr-del-scl-itm-man-3,Vultr,Cloud Compute 1C-1G,,Netherlands,NL,"ewr, ord, dfw, sea, lax, atl, ams, lhr, fra, sjc, syd, yto, cdg, nrt, waw, mad, icn, mia, sgp, sto, mex, mel, bom, jnb, tlv, blr, del, scl, itm, man",,1,,1,25,SSD,1,,5,USD,month,5,false,false,Mastercard; VISA; PayPal,https://www.vultr.com/pricing/,2026-08-30
vultr:vultr-vc2-1c-1gb-ewr-ord-dfw-sea-lax-atl-ams-lhr-fra-sjc-syd-yto-cdg-nrt-waw-mad-icn-mia-sgp-sto-mex-mel-bom-jnb-tlv-blr-del-scl-itm-man-3,Vultr,Cloud Compute 1C-1G,,Poland,PL,"ewr, ord, dfw, sea, lax, atl, ams, lhr, fra, sjc, syd, yto, cdg, nrt, waw, mad, icn, mia, sgp, sto, mex, mel, bom, jnb, tlv, blr, del, scl, itm, man",,1,,1,25,SSD,1,,5,USD,month,5,false,false,Mastercard; VISA; PayPal,https://www.vultr.com/pricing/,2026-08-30
vultr:vultr-vc2-1c-1gb-ewr-ord-dfw-sea-lax-atl-ams-lhr-fra-sjc-syd-yto-cdg-nrt-waw-mad-icn-mia-sgp-sto-mex-mel-bom-jnb-tlv-blr-del-scl-itm-man-3,Vultr,Cloud Compute 1C-1G,,Singapore,SG,"ewr, ord, dfw, sea, lax, atl, ams, lhr, fra, sjc, syd, yto, cdg, nrt, waw, mad, icn, mia, sgp, sto, mex, mel, bom, jnb, tlv, blr, del, scl, itm, man",,1,,1,25,SSD,1,,5,USD,month,5,false,false,Mastercard; VISA; PayPal,https://www.vultr.com/pricing/,2026-08-30
vultr:vultr-vc2-1c-1gb-ewr-ord-dfw-sea-lax-atl-ams-lhr-fra-sjc-syd-yto-cdg-nrt-waw-mad-icn-mia-sgp-sto-mex-mel-bom-jnb-tlv-blr-del-scl-itm-man-3,Vultr,Cloud Compute 1C-1G,,South Africa,ZA,"ewr, ord, dfw, sea, lax, atl, ams, lhr, fra, sjc, syd, yto, cdg, nrt, waw, mad, icn, mia, sgp, sto, mex, mel, bom, jnb, tlv, blr, del, scl, itm, man",,1,,1,25,SSD,1,,5,USD,month,5,false,false,Mastercard; VISA; PayPal,https://www.vultr.com/pricing/,2026-08-30
vultr:vultr-vc2-1c-1gb-ewr-ord-dfw-sea-lax-atl-ams-lhr-fra-sjc-syd-yto-cdg-nrt-waw-mad-icn-mia-sgp-sto-mex-mel-bom-jnb-tlv-blr-del-scl-itm-man-3,Vultr,Cloud Compute 1C-1G,,South Korea,KR,"ewr, ord, dfw, sea, lax, atl, ams, lhr, fra, sjc, syd, yto, cdg, nrt, waw, mad, icn, mia, sgp, sto, mex, mel, bom, jnb, tlv, blr, del, scl, itm, man",,1,,1,25,SSD,1,,5,USD,month,5,false,false,Mastercard; VISA; PayPal,https://www.vultr.com/pricing/,2026-08-30
vultr:vultr-vc2-1c-1gb-ewr-ord-dfw-sea-lax-atl-ams-lhr-fra-sjc-syd-yto-cdg-nrt-waw-mad-icn-mia-sgp-sto-mex-mel-bom-jnb-tlv-blr-del-scl-itm-man-3,Vultr,Cloud Compute 1C-1G,,Spain,ES,"ewr, ord, dfw, sea, lax, atl, ams, lhr, fra, sjc, syd, yto, cdg, nrt, waw, mad, icn, mia, sgp, sto, mex, mel, bom, jnb, tlv, blr, del, scl, itm, man",,1,,1,25,SSD,1,,5,USD,month,5,false,false,Mastercard; VISA; PayPal,https://www.vultr.com/pricing/,2026-08-30
vultr:vultr-vc2-1c-1gb-ewr-ord-dfw-sea-lax-atl-ams-lhr-fra-sjc-syd-yto-cdg-nrt-waw-mad-icn-mia-sgp-sto-mex-mel-bom-jnb-tlv-blr-del-scl-itm-man-3,Vultr,Cloud Compute 1C-1G,,Sweden,SE,"ewr, ord, dfw, sea, lax, atl, ams, lhr, fra, sjc, syd, yto, cdg, nrt, waw, mad, icn, mia, sgp, sto, mex, mel, bom, jnb, tlv, blr, del, scl, itm, man",,1,,1,25,SSD,1,,5,USD,month,5,false,false,Mastercard; VISA; PayPal,https://www.vultr.com/pricing/,2026-08-30
vultr:vultr-vc2-1c-1gb-ewr-ord-dfw-sea-lax-atl-ams-lhr-fra-sjc-syd-yto-cdg-nrt-waw-mad-icn-mia-sgp-sto-mex-mel-bom-jnb-tlv-blr-del-scl-itm-man-3,Vultr,Cloud Compute 1C-1G,,United Kingdom,GB,"ewr, ord, dfw, sea, lax, atl, ams, lhr, fra, sjc, syd, yto, cdg, nrt, waw, mad, icn, mia, sgp, sto, mex, mel, bom, jnb, tlv, blr, del, scl, itm, man",,1,,1,25,SSD,1,,5,USD,month,5,false,false,Mastercard; VISA; PayPal,https://www.vultr.com/pricing/,2026-08-30
vultr:vultr-vc2-1c-1gb-ewr-ord-dfw-sea-lax-atl-ams-lhr-fra-sjc-syd-yto-cdg-nrt-waw-mad-icn-mia-sgp-sto-mex-mel-bom-jnb-tlv-blr-del-scl-itm-man-3,Vultr,Cloud Compute 1C-1G,,USA,US,"ewr, ord, dfw, sea, lax, atl, ams, lhr, fra, sjc, syd, yto, cdg, nrt, waw, mad, icn, mia, sgp, sto, mex, mel, bom, jnb, tlv, blr, del, scl, itm, man",,1,,1,25,SSD,1,,5,USD,month,5,false,false,Mastercard; VISA; PayPal,https://www.vultr.com/pricing/,2026-08-30
firstbyte:firstbyte-eu-kvm-ssd-1-fin1-row-19,Firstbyte,EU-KVM-SSD-1-SOF1,,Bulgaria,BG,"Болгария, София",,1,,1,10,SSD,4,200,429,RUB,month,5.08,true,true,BNB; BTC; DOGE; ETH; LTC; SOL; TON; TRX; USDT; MIR; Mastercard; VISA; SBP; PayPal; YooMoney,https://firstbyte.ru/vps-vds/bulgaria/,2026-08-30
firstbyte:firstbyte-eu-kvm-ssd-1-fin1-row-19,Firstbyte,EU-KVM-SSD-1-FIN1,,Finland,FI,"Финляндия, Хельсинки",,1,,1,10,SSD,4,200,429,RUB,month,5.08,true,true,BNB; BTC; DOGE; ETH; LTC; SOL; TON; TRX; USDT; MIR; Mastercard; VISA; SBP; PayPal; YooMoney,https://firstbyte.ru/vps-vds/finland/,2026-08-30
firstbyte:firstbyte-eu-kvm-ssd-1-fin1-row-19,Firstbyte,EU-KVM-SSD-1-PAR1,,France,FR,"Франция, Париж",,1,,1,10,SSD,4,200,429,RUB,month,5.08,true,true,BNB; BTC; DOGE; ETH; LTC; SOL; TON; TRX; USDT; MIR; Mastercard; VISA; SBP; PayPal; YooMoney,https://firstbyte.ru/vps-vds/france/,2026-08-30
firstbyte:firstbyte-eu-kvm-ssd-1-fin1-row-19,Firstbyte,EU-KVM-SSD-1-FRA1,,Germany,DE,"Германия, Франкфурт",,1,,1,10,SSD,4,200,429,RUB,month,5.08,true,true,BNB; BTC; DOGE; ETH; LTC; SOL; TON; TRX; USDT; MIR; Mastercard; VISA; SBP; PayPal; YooMoney,https://firstbyte.ru/vps-vds/germany/,2026-08-30
firstbyte:firstbyte-eu-kvm-ssd-1-fin1-row-19,Firstbyte,KVM-SSD-1-TK1,,Japan,JP,"Япония, Токио",,1,,1,10,SSD,4,200,429,RUB,month,5.08,true,true,BNB; BTC; DOGE; ETH; LTC; SOL; TON; TRX; USDT; MIR; Mastercard; VISA; SBP; PayPal; YooMoney,https://firstbyte.ru/vps-vds/japan/,2026-08-30
firstbyte:firstbyte-eu-kvm-ssd-1-fin1-row-19,Firstbyte,EU-KVM-SSD-1-AMS1,,Netherlands,NL,"Нидерланды, Амстердам",,1,,1,10,SSD,4,200,429,RUB,month,5.08,true,true,BNB; BTC; DOGE; ETH; LTC; SOL; TON; TRX; USDT; MIR; Mastercard; VISA; SBP; PayPal; YooMoney,https://firstbyte.ru/vps-vds/netherlands/,2026-08-30
firstbyte:firstbyte-eu-kvm-ssd-1-fin1-row-19,Firstbyte,KVM-SSD-1-SG1,,Singapore,SG,Сингапур,,1,,1,10,SSD,4,200,429,RUB,month,5.08,true,true,BNB; BTC; DOGE; ETH; LTC; SOL; TON; TRX; USDT; MIR; Mastercard; VISA; SBP; PayPal; YooMoney,https://firstbyte.ru/vps-vds/kvm-ssd-asia/,2026-08-30
firstbyte:firstbyte-eu-kvm-ssd-1-fin1-row-19,Firstbyte,EU-KVM-SSD-1-MAD1,,Spain,ES,"Испания, Мадрид",,1,,1,10,SSD,4,200,429,RUB,month,5.08,true,true,BNB; BTC; DOGE; ETH; LTC; SOL; TON; TRX; USDT; MIR; Mastercard; VISA; SBP; PayPal; YooMoney,https://firstbyte.ru/vps-vds/spain/,2026-08-30
firstbyte:firstbyte-eu-kvm-ssd-1-fin1-row-19,Firstbyte,KVM-SSD-1-DB1,,UAE,AE,"ОАЭ, Дубай",,1,,1,10,SSD,4,200,429,RUB,month,5.08,true,true,BNB; BTC; DOGE; ETH; LTC; SOL; TON; TRX; USDT; MIR; Mastercard; VISA; SBP; PayPal; YooMoney,https://firstbyte.ru/vps-vds/oae/,2026-08-30
firstbyte:firstbyte-eu-kvm-ssd-1-fin1-row-19,Firstbyte,US-KVM-SSD-11,,USA,US,"США, Нью-Йорк",,1,,1,10,SSD,4,200,429,RUB,month,5.08,true,true,BNB; BTC; DOGE; ETH; LTC; SOL; TON; TRX; USDT; MIR; Mastercard; VISA; SBP; PayPal; YooMoney,https://firstbyte.ru/vps-vds/kvm-ssd-us/,2026-08-30
firstbyte:firstbyte-msk-highmem-kvm-sas-2-row-87,Firstbyte,MSK-highmem-KVM-SAS-2,,Russia,RU,"Россия, Москва",,2,,4,60,SAS+SSD,unlimited,,439,RUB,month,5.2,true,true,BNB; BTC; DOGE; ETH; LTC; SOL; TON; TRX; USDT; MIR; Mastercard; VISA; SBP; PayPal; YooMoney,https://firstbyte.ru/vps-vds/kvm-sas/,2026-08-30
hostkey:hostkey-vm-v2-pico-nl-fi-it-us-pl-ch-tr-is-18,HOSTKEY,vm.v2-pico,,Finland,FI,"NL, FI, IT, US, PL, CH, TR, IS",,1,,1,40,NVMe,3,1000,4.57,EUR,month,5.24,true,false,VISA; Mastercard; American Express; UnionPay; PayPal; Alipay; WebMoney; BTC; Bank transfer,https://hostkey.com/vps/,2026-09-24
hostkey:hostkey-vm-v2-pico-nl-fi-it-us-pl-ch-tr-is-18,HOSTKEY,vm.v2-pico,,Italy,IT,"NL, FI, IT, US, PL, CH, TR, IS",,1,,1,40,NVMe,3,1000,4.57,EUR,month,5.24,true,false,VISA; Mastercard; American Express; UnionPay; PayPal; Alipay; WebMoney; BTC; Bank transfer,https://hostkey.com/vps/,2026-09-24
hostkey:hostkey-vm-v2-pico-nl-fi-it-us-pl-ch-tr-is-18,HOSTKEY,vm.v2-pico,,Netherlands,NL,"NL, FI, IT, US, PL, CH, TR, IS",,1,,1,40,NVMe,3,1000,4.57,EUR,month,5.24,true,false,VISA; Mastercard; American Express; UnionPay; PayPal; Alipay; WebMoney; BTC; Bank transfer,https://hostkey.com/vps/,2026-09-24
hostkey:hostkey-vm-v2-pico-nl-fi-it-us-pl-ch-tr-is-18,HOSTKEY,vm.v2-pico,,Poland,PL,"NL, FI, IT, US, PL, CH, TR, IS",,1,,1,40,NVMe,3,1000,4.57,EUR,month,5.24,true,false,VISA; Mastercard; American Express; UnionPay; PayPal; Alipay; WebMoney; BTC; Bank transfer,https://hostkey.com/vps/,2026-09-24
hostkey:hostkey-vm-v2-pico-nl-fi-it-us-pl-ch-tr-is-18,HOSTKEY,vm.v2-pico,,Switzerland,CH,"NL, FI, IT, US, PL, CH, TR, IS",,1,,1,40,NVMe,3,1000,4.57,EUR,month,5.24,true,false,VISA; Mastercard; American Express; UnionPay; PayPal; Alipay; WebMoney; BTC; Bank transfer,https://hostkey.com/vps/,2026-09-24
hostkey:hostkey-vm-v2-pico-nl-fi-it-us-pl-ch-tr-is-18,HOSTKEY,vm.v2-pico,,Turkey,TR,"NL, FI, IT, US, PL, CH, TR, IS",,1,,1,40,NVMe,3,1000,4.57,EUR,month,5.24,true,false,VISA; Mastercard; American Express; UnionPay; PayPal; Alipay; WebMoney; BTC; Bank transfer,https://hostkey.com/vps/,2026-09-24
hostkey:hostkey-vm-v2-pico-nl-fi-it-us-pl-ch-tr-is-18,HOSTKEY,vm.v2-pico,,USA,US,"NL, FI, IT, US, PL, CH, TR, IS",,1,,1,40,NVMe,3,1000,4.57,EUR,month,5.24,true,false,VISA; Mastercard; American Express; UnionPay; PayPal; Alipay; WebMoney; BTC; Bank transfer,https://hostkey.com/vps/,2026-09-24
1cent-host:1cent-host-66-fi-8,1cent.host,FI-1,,Finland,FI,FI,,1,,2,20,NVMe,,1000,444,RUB,month,5.26,,,,https://1cent.host/,2026-08-30
ovhcloud-nl:ovhcloud-nl-vps-1-netherlands-1,OVHcloud NL,VPS-1,,Netherlands,NL,Netherlands,,2,,4,40,NVMe,unlimited,500,4.61,EUR,month,5.28,false,false,VISA; Mastercard; American Express; PayPal; SEPA; Bank transfer,https://www.ovhcloud.com/nl/vps/,2026-08-30
cloud4box:cloud4box-ru-performance-russia-moscow-4,Cloud4box,Performance,,Russia,RU,"Russia, Moscow",,1,,1,20,NVMe,unlimited,200,450,RUB,month,5.33,false,true,MIR; Mastercard; VISA; SberPay; SBP; YooMoney,https://cloud4box.com/vps/,2026-08-30
spacecore:spacecore-de-h10-germany-1,Spacecore,DE H10,,Germany,DE,Germany,,1,,2,25,SSD,20,5000,4.8,EUR,month,5.5,true,true,ADA; ARB; BCH; BNB; BTC; DAI; DOGE; ETH; IMX; LTC; POL; SHIB; SOL; TON; TRX; USDC; USDT; XLM; XRP; MIR; Mastercard; VISA; SEPA; SBP; PayPal,https://spacecore.pro/en/virtual-servers/,2026-08-30
spacecore:spacecore-de-h10-germany-1,Spacecore,NL H10,,Netherlands,NL,Netherlands,,1,,2,25,SSD,20,5000,4.8,EUR,month,5.5,true,true,ADA; ARB; BCH; BNB; BTC; DAI; DOGE; ETH; IMX; LTC; POL; SHIB; SOL; TON; TRX; USDC; USDT; XLM; XRP; MIR; Mastercard; VISA; SEPA; SBP; PayPal,https://spacecore.pro/en/virtual-servers/,2026-08-30
netcup:netcup-vps-lite-vps-lite-1-g12s-nuremberg-vienna-amsterdam-subject-to-availability-3,netcup,VPS Lite 1 G12s,,Austria,AT,Nuremberg/Vienna/Amsterdam subject to availability,,2,,4,80,SSD,,,4.88,EUR,month,5.59,false,false,Bank card; PayPal; SEPA; Bank transfer,https://www.netcup.com/en/server/vps-lite,2026-08-30
netcup:netcup-vps-lite-vps-lite-1-g12s-nuremberg-vienna-amsterdam-subject-to-availability-3,netcup,VPS Lite 1 G12s,,Germany,DE,Nuremberg/Vienna/Amsterdam subject to availability,,2,,4,80,SSD,,,4.88,EUR,month,5.59,false,false,Bank card; PayPal; SEPA; Bank transfer,https://www.netcup.com/en/server/vps-lite,2026-08-30
netcup:netcup-vps-lite-vps-lite-1-g12s-nuremberg-vienna-amsterdam-subject-to-availability-3,netcup,VPS Lite 1 G12s,,Netherlands,NL,Nuremberg/Vienna/Amsterdam subject to availability,,2,,4,80,SSD,,,4.88,EUR,month,5.59,false,false,Bank card; PayPal; SEPA; Bank transfer,https://www.netcup.com/en/server/vps-lite,2026-08-30
zomro:zomro-zomro-cheap-blitz-netherlands-1,Zomro,Cheap Blitz,,Netherlands,NL,Netherlands,,1,,3.5,20,,1,,4.95,EUR,month,5.67,true,true,BNB; BTC; ETH; SOL; TON; USDC; USDT; MIR; Mastercard; VISA; SBP; PayPal,https://zomro.com/cheap-vps,2026-08-30
regru:regru-ssd-vps-1-russia-1,REG.RU,SSD-VPS-1,,Russia,RU,Russia,,1,,0.5,10,,,,480,RUB,month,5.69,false,true,Bank card; SBP; SberPay; YooMoney; Bank transfer,https://img.reg.ru/faq/prilozhenie_tarify_na_uslugi_vps_010126.pdf,2026-08-30
hostingvds:hostingvds-vds-kvm-nvme-amd-hi-cpu-2g-row-121,HostingVDS,Hi-CPU-2G,,Russia,RU,"Россия, Москва",,1,,2,20,NVMe,2,10000,5,EUR,month,5.73,true,true,BNB; BTC; DAI; ETH; LTC; POL; SOL; TON; TRX; USDC; USDT; MIR; SBP,https://my.hosting-vds.com/order/performance-vds-amd-epyc/34,2026-08-30
hostingvds:hostingvds-vds-kvm-nvme-hvds-2g-usa-1-97,HostingVDS,HVDS-2G-USA,,USA,US,"США, Нью-Йорк (1Гбит/с)",,1,,2,20,NVMe,2,1000,5,EUR,month,5.73,true,true,BNB; BTC; DAI; ETH; LTC; POL; SOL; TON; TRX; USDC; USDT; MIR; SBP,https://my.hosting-vds.com/order/vds-kvm-nvme-usa/70,2026-08-30
smartape:smartape-linux-nvme-nvme-x1-10gb-datapro-moscow-i-ru-1,SmartApe,NVMe X1 · 10 GB,,Czech Republic,CZ,Host-Telecom (CZ),Linux,2,,1,10,NVMe,unlimited,200,495,RUB,month,5.87,true,true,BNB; BTC; DOGE; ETH; HUMO; JCB; LTC; SOL; TRX; USDC; APRA; MIR; Mastercard; VISA; PayPal,https://www.smartape.ru/ssd-vps,2026-08-30
smartape:smartape-linux-nvme-nvme-x1-10gb-datapro-moscow-i-ru-1,SmartApe,NVMe X1 · 10 GB,,Israel,IL,Partner Group (IL),Linux,2,,1,10,NVMe,unlimited,200,495,RUB,month,5.87,true,true,BNB; BTC; DOGE; ETH; HUMO; JCB; LTC; SOL; TRX; USDC; APRA; MIR; Mastercard; VISA; PayPal,https://www.smartape.ru/ssd-vps,2026-08-30
smartape:smartape-linux-nvme-nvme-x1-10gb-datapro-moscow-i-ru-1,SmartApe,NVMe X1 · 10 GB,,Russia,RU,DataPro Moscow I (RU),Linux,2,,1,10,NVMe,unlimited,200,495,RUB,month,5.87,true,true,BNB; BTC; DOGE; ETH; HUMO; JCB; LTC; SOL; TRX; USDC; APRA; MIR; Mastercard; VISA; PayPal,https://www.smartape.ru/ssd-vps,2026-08-30
hostkey:hostkey-vm-mini-nl-fi-es-it-fr-pl-ch-tr-is-8,HOSTKEY,vm.mini,,Finland,FI,"NL, FI, ES, IT, FR, PL, CH, TR, IS",,4,,6,120,SSD,3,1000,5.14,EUR,month,5.89,true,false,VISA; Mastercard; American Express; UnionPay; PayPal; Alipay; WebMoney; BTC; Bank transfer,https://hostkey.com/vps/,2026-09-24
hostkey:hostkey-vm-mini-nl-fi-es-it-fr-pl-ch-tr-is-8,HOSTKEY,vm.mini,,France,FR,"NL, FI, ES, IT, FR, PL, CH, TR, IS",,4,,6,120,SSD,3,1000,5.14,EUR,month,5.89,true,false,VISA; Mastercard; American Express; UnionPay; PayPal; Alipay; WebMoney; BTC; Bank transfer,https://hostkey.com/vps/,2026-09-24
hostkey:hostkey-vm-mini-nl-fi-es-it-fr-pl-ch-tr-is-8,HOSTKEY,vm.mini,,Italy,IT,"NL, FI, ES, IT, FR, PL, CH, TR, IS",,4,,6,120,SSD,3,1000,5.14,EUR,month,5.89,true,false,VISA; Mastercard; American Express; UnionPay; PayPal; Alipay; WebMoney; BTC; Bank transfer,https://hostkey.com/vps/,2026-09-24
hostkey:hostkey-vm-mini-nl-fi-es-it-fr-pl-ch-tr-is-8,HOSTKEY,vm.mini,,Netherlands,NL,"NL, FI, ES, IT, FR, PL, CH, TR, IS",,4,,6,120,SSD,3,1000,5.14,EUR,month,5.89,true,false,VISA; Mastercard; American Express; UnionPay; PayPal; Alipay; WebMoney; BTC; Bank transfer,https://hostkey.com/vps/,2026-09-24
hostkey:hostkey-vm-mini-nl-fi-es-it-fr-pl-ch-tr-is-8,HOSTKEY,vm.mini,,Poland,PL,"NL, FI, ES, IT, FR, PL, CH, TR, IS",,4,,6,120,SSD,3,1000,5.14,EUR,month,5.89,true,false,VISA; Mastercard; American Express; UnionPay; PayPal; Alipay; WebMoney; BTC; Bank transfer,https://hostkey.com/vps/,2026-09-24
hostkey:hostkey-vm-mini-nl-fi-es-it-fr-pl-ch-tr-is-8,HOSTKEY,vm.mini,,Spain,ES,"NL, FI, ES, IT, FR, PL, CH, TR, IS",,4,,6,120,SSD,3,1000,5.14,EUR,month,5.89,true,false,VISA; Mastercard; American Express; UnionPay; PayPal; Alipay; WebMoney; BTC; Bank transfer,https://hostkey.com/vps/,2026-09-24
hostkey:hostkey-vm-mini-nl-fi-es-it-fr-pl-ch-tr-is-8,HOSTKEY,vm.mini,,Switzerland,CH,"NL, FI, ES, IT, FR, PL, CH, TR, IS",,4,,6,120,SSD,3,1000,5.14,EUR,month,5.89,true,false,VISA; Mastercard; American Express; UnionPay; PayPal; Alipay; WebMoney; BTC; Bank transfer,https://hostkey.com/vps/,2026-09-24
hostkey:hostkey-vm-mini-nl-fi-es-it-fr-pl-ch-tr-is-8,HOSTKEY,vm.mini,,Turkey,TR,"NL, FI, ES, IT, FR, PL, CH, TR, IS",,4,,6,120,SSD,3,1000,5.14,EUR,month,5.89,true,false,VISA; Mastercard; American Express; UnionPay; PayPal; Alipay; WebMoney; BTC; Bank transfer,https://hostkey.com/vps/,2026-09-24
firstbyte:firstbyte-msk-highmem-kvm-ssd-2-row-13,Firstbyte,MSK-highmem-KVM-SSD-2,,Russia,RU,"Россия, Москва",,2,,4,30,SSD,5,200,499,RUB,month,5.91,true,true,BNB; BTC; DOGE; ETH; LTC; SOL; TON; TRX; USDT; MIR; Mastercard; VISA; SBP; PayPal; YooMoney,https://firstbyte.ru/vps-vds/kvm-ssd/,2026-08-30
firstbyte:firstbyte-msk-highmem-kvm-ssd-2-row-118,Firstbyte,MSK-highmem-KVM-SSD-2,,Russia,RU,"Россия, Москва",,2,,4,30,SSD,unlimited,,499,RUB,month,5.91,true,true,BNB; BTC; DOGE; ETH; LTC; SOL; TON; TRX; USDT; MIR; Mastercard; VISA; SBP; PayPal; YooMoney,https://firstbyte.ru/vps-vds/windows/,2026-08-30
1cent-host:1cent-host-247-pl-33,1cent.host,PL-2,,Poland,PL,PL,,2,,4,40,NVMe,,10000,500,RUB,month,5.92,,,,https://1cent.host/,2026-08-30
datacheap:datacheap-vps-start-nvme-row-2,DataCheap,VPS Start NVMe,,Russia,RU,"Россия, Москва",,1,,1,10,NVMe,unlimited,10000,500,RUB,month,5.92,false,true,Bank card; SBP; PayPal; Bank transfer,https://datacheap.ru/services/arenda-vps-vds-serverov/,2026-08-30
vultr:vultr-vhf-1c-1gb-ewr-ord-dfw-sea-lax-atl-ams-lhr-fra-sjc-syd-yto-cdg-nrt-waw-mad-icn-mia-sgp-sto-mex-mel-bom-jnb-tlv-blr-del-scl-itm-man-19,Vultr,High Frequency 1C-1G,,Australia,AU,"ewr, ord, dfw, sea, lax, atl, ams, lhr, fra, sjc, syd, yto, cdg, nrt, waw, mad, icn, mia, sgp, sto, mex, mel, bom, jnb, tlv, blr, del, scl, itm, man",,1,,1,32,,1,,6,USD,month,6,false,false,Mastercard; VISA; PayPal,https://www.vultr.com/pricing/,2026-08-30
vultr:vultr-vhp-1c-1gb-amd-ewr-ord-dfw-sea-lax-atl-ams-lhr-fra-sjc-syd-yto-cdg-nrt-waw-mad-mxp-icn-mia-sgp-sto-mex-mel-bom-jnb-tlv-blr-del-scl-itm-man-33,Vultr,High Performance AMD 1C-1G,,Australia,AU,"ewr, ord, dfw, sea, lax, atl, ams, lhr, fra, sjc, syd, yto, cdg, nrt, waw, mad, mxp, icn, mia, sgp, sto, mex, mel, bom, jnb, tlv, blr, del, scl, itm, man",,1,,1,25,,2,,6,USD,month,6,false,false,Mastercard; VISA; PayPal,https://www.vultr.com/pricing/,2026-08-30
vultr:vultr-vhp-1c-1gb-intel-ewr-ord-dfw-sea-lax-atl-ams-lhr-fra-sjc-syd-yto-cdg-nrt-waw-mad-icn-mia-sgp-sto-mex-mel-hnl-bom-jnb-tlv-blr-del-scl-itm-man-49,Vultr,High Performance Intel 1C-1G,,Australia,AU,"ewr, ord, dfw, sea, lax, atl, ams, lhr, fra, sjc, syd, yto, cdg, nrt, waw, mad, icn, mia, sgp, sto, mex, mel, hnl, bom, jnb, tlv, blr, del, scl, itm, man",,1,,1,25,,2,,6,USD,month,6,false,false,Mastercard; VISA; PayPal,https://www.vultr.com/pricing/,2026-08-30
vultr:vultr-vhf-1c-1gb-ewr-ord-dfw-sea-lax-atl-ams-lhr-fra-sjc-syd-yto-cdg-nrt-waw-mad-icn-mia-sgp-sto-mex-mel-bom-jnb-tlv-blr-del-scl-itm-man-19,Vultr,High Frequency 1C-1G,,Canada,CA,"ewr, ord, dfw, sea, lax, atl, ams, lhr, fra, sjc, syd, yto, cdg, nrt, waw, mad, icn, mia, sgp, sto, mex, mel, bom, jnb, tlv, blr, del, scl, itm, man",,1,,1,32,,1,,6,USD,month,6,false,false,Mastercard; VISA; PayPal,https://www.vultr.com/pricing/,2026-08-30
vultr:vultr-vhp-1c-1gb-amd-ewr-ord-dfw-sea-lax-atl-ams-lhr-fra-sjc-syd-yto-cdg-nrt-waw-mad-mxp-icn-mia-sgp-sto-mex-mel-bom-jnb-tlv-blr-del-scl-itm-man-33,Vultr,High Performance AMD 1C-1G,,Canada,CA,"ewr, ord, dfw, sea, lax, atl, ams, lhr, fra, sjc, syd, yto, cdg, nrt, waw, mad, mxp, icn, mia, sgp, sto, mex, mel, bom, jnb, tlv, blr, del, scl, itm, man",,1,,1,25,,2,,6,USD,month,6,false,false,Mastercard; VISA; PayPal,https://www.vultr.com/pricing/,2026-08-30
vultr:vultr-vhp-1c-1gb-intel-ewr-ord-dfw-sea-lax-atl-ams-lhr-fra-sjc-syd-yto-cdg-nrt-waw-mad-icn-mia-sgp-sto-mex-mel-hnl-bom-jnb-tlv-blr-del-scl-itm-man-49,Vultr,High Performance Intel 1C-1G,,Canada,CA,"ewr, ord, dfw, sea, lax, atl, ams, lhr, fra, sjc, syd, yto, cdg, nrt, waw, mad, icn, mia, sgp, sto, mex, mel, hnl, bom, jnb, tlv, blr, del, scl, itm, man",,1,,1,25,,2,,6,USD,month,6,false,false,Mastercard; VISA; PayPal,https://www.vultr.com/pricing/,2026-08-30
vultr:vultr-vhf-1c-1gb-ewr-ord-dfw-sea-lax-atl-ams-lhr-fra-sjc-syd-yto-cdg-nrt-waw-mad-icn-mia-sgp-sto-mex-mel-bom-jnb-tlv-blr-del-scl-itm-man-19,Vultr,High Frequency 1C-1G,,Chile,CL,"ewr, ord, dfw, sea, lax, atl, ams, lhr, fra, sjc, syd, yto, cdg, nrt, waw, mad, icn, mia, sgp, sto, mex, mel, bom, jnb, tlv, blr, del, scl, itm, man",,1,,1,32,,1,,6,USD,month,6,false,false,Mastercard; VISA; PayPal,https://www.vultr.com/pricing/,2026-08-30
vultr:vultr-vhp-1c-1gb-amd-ewr-ord-dfw-sea-lax-atl-ams-lhr-fra-sjc-syd-yto-cdg-nrt-waw-mad-mxp-icn-mia-sgp-sto-mex-mel-bom-jnb-tlv-blr-del-scl-itm-man-33,Vultr,High Performance AMD 1C-1G,,Chile,CL,"ewr, ord, dfw, sea, lax, atl, ams, lhr, fra, sjc, syd, yto, cdg, nrt, waw, mad, mxp, icn, mia, sgp, sto, mex, mel, bom, jnb, tlv, blr, del, scl, itm, man",,1,,1,25,,2,,6,USD,month,6,false,false,Mastercard; VISA; PayPal,https://www.vultr.com/pricing/,2026-08-30
vultr:vultr-vhp-1c-1gb-intel-ewr-ord-dfw-sea-lax-atl-ams-lhr-fra-sjc-syd-yto-cdg-nrt-waw-mad-icn-mia-sgp-sto-mex-mel-hnl-bom-jnb-tlv-blr-del-scl-itm-man-49,Vultr,High Performance Intel 1C-1G,,Chile,CL,"ewr, ord, dfw, sea, lax, atl, ams, lhr, fra, sjc, syd, yto, cdg, nrt, waw, mad, icn, mia, sgp, sto, mex, mel, hnl, bom, jnb, tlv, blr, del, scl, itm, man",,1,,1,25,,2,,6,USD,month,6,false,false,Mastercard; VISA; PayPal,https://www.vultr.com/pricing/,2026-08-30
vultr:vultr-vhf-1c-1gb-ewr-ord-dfw-sea-lax-atl-ams-lhr-fra-sjc-syd-yto-cdg-nrt-waw-mad-icn-mia-sgp-sto-mex-mel-bom-jnb-tlv-blr-del-scl-itm-man-19,Vultr,High Frequency 1C-1G,,France,FR,"ewr, ord, dfw, sea, lax, atl, ams, lhr, fra, sjc, syd, yto, cdg, nrt, waw, mad, icn, mia, sgp, sto, mex, mel, bom, jnb, tlv, blr, del, scl, itm, man",,1,,1,32,,1,,6,USD,month,6,false,false,Mastercard; VISA; PayPal,https://www.vultr.com/pricing/,2026-08-30
vultr:vultr-vhp-1c-1gb-amd-ewr-ord-dfw-sea-lax-atl-ams-lhr-fra-sjc-syd-yto-cdg-nrt-waw-mad-mxp-icn-mia-sgp-sto-mex-mel-bom-jnb-tlv-blr-del-scl-itm-man-33,Vultr,High Performance AMD 1C-1G,,France,FR,"ewr, ord, dfw, sea, lax, atl, ams, lhr, fra, sjc, syd, yto, cdg, nrt, waw, mad, mxp, icn, mia, sgp, sto, mex, mel, bom, jnb, tlv, blr, del, scl, itm, man",,1,,1,25,,2,,6,USD,month,6,false,false,Mastercard; VISA; PayPal,https://www.vultr.com/pricing/,2026-08-30
vultr:vultr-vhp-1c-1gb-intel-ewr-ord-dfw-sea-lax-atl-ams-lhr-fra-sjc-syd-yto-cdg-nrt-waw-mad-icn-mia-sgp-sto-mex-mel-hnl-bom-jnb-tlv-blr-del-scl-itm-man-49,Vultr,High Performance Intel 1C-1G,,France,FR,"ewr, ord, dfw, sea, lax, atl, ams, lhr, fra, sjc, syd, yto, cdg, nrt, waw, mad, icn, mia, sgp, sto, mex, mel, hnl, bom, jnb, tlv, blr, del, scl, itm, man",,1,,1,25,,2,,6,USD,month,6,false,false,Mastercard; VISA; PayPal,https://www.vultr.com/pricing/,2026-08-30
vultr:vultr-vhf-1c-1gb-ewr-ord-dfw-sea-lax-atl-ams-lhr-fra-sjc-syd-yto-cdg-nrt-waw-mad-icn-mia-sgp-sto-mex-mel-bom-jnb-tlv-blr-del-scl-itm-man-19,Vultr,High Frequency 1C-1G,,Germany,DE,"ewr, ord, dfw, sea, lax, atl, ams, lhr, fra, sjc, syd, yto, cdg, nrt, waw, mad, icn, mia, sgp, sto, mex, mel, bom, jnb, tlv, blr, del, scl, itm, man",,1,,1,32,,1,,6,USD,month,6,false,false,Mastercard; VISA; PayPal,https://www.vultr.com/pricing/,2026-08-30
vultr:vultr-vhp-1c-1gb-amd-ewr-ord-dfw-sea-lax-atl-ams-lhr-fra-sjc-syd-yto-cdg-nrt-waw-mad-mxp-icn-mia-sgp-sto-mex-mel-bom-jnb-tlv-blr-del-scl-itm-man-33,Vultr,High Performance AMD 1C-1G,,Germany,DE,"ewr, ord, dfw, sea, lax, atl, ams, lhr, fra, sjc, syd, yto, cdg, nrt, waw, mad, mxp, icn, mia, sgp, sto, mex, mel, bom, jnb, tlv, blr, del, scl, itm, man",,1,,1,25,,2,,6,USD,month,6,false,false,Mastercard; VISA; PayPal,https://www.vultr.com/pricing/,2026-08-30
vultr:vultr-vhp-1c-1gb-intel-ewr-ord-dfw-sea-lax-atl-ams-lhr-fra-sjc-syd-yto-cdg-nrt-waw-mad-icn-mia-sgp-sto-mex-mel-hnl-bom-jnb-tlv-blr-del-scl-itm-man-49,Vultr,High Performance Intel 1C-1G,,Germany,DE,"ewr, ord, dfw, sea, lax, atl, ams, lhr, fra, sjc, syd, yto, cdg, nrt, waw, mad, icn, mia, sgp, sto, mex, mel, hnl, bom, jnb, tlv, blr, del, scl, itm, man",,1,,1,25,,2,,6,USD,month,6,false,false,Mastercard; VISA; PayPal,https://www.vultr.com/pricing/,2026-08-30
vultr:vultr-vhf-1c-1gb-ewr-ord-dfw-sea-lax-atl-ams-lhr-fra-sjc-syd-yto-cdg-nrt-waw-mad-icn-mia-sgp-sto-mex-mel-bom-jnb-tlv-blr-del-scl-itm-man-19,Vultr,High Frequency 1C-1G,,India,IN,"ewr, ord, dfw, sea, lax, atl, ams, lhr, fra, sjc, syd, yto, cdg, nrt, waw, mad, icn, mia, sgp, sto, mex, mel, bom, jnb, tlv, blr, del, scl, itm, man",,1,,1,32,,1,,6,USD,month,6,false,false,Mastercard; VISA; PayPal,https://www.vultr.com/pricing/,2026-08-30
vultr:vultr-vhp-1c-1gb-amd-ewr-ord-dfw-sea-lax-atl-ams-lhr-fra-sjc-syd-yto-cdg-nrt-waw-mad-mxp-icn-mia-sgp-sto-mex-mel-bom-jnb-tlv-blr-del-scl-itm-man-33,Vultr,High Performance AMD 1C-1G,,India,IN,"ewr, ord, dfw, sea, lax, atl, ams, lhr, fra, sjc, syd, yto, cdg, nrt, waw, mad, mxp, icn, mia, sgp, sto, mex, mel, bom, jnb, tlv, blr, del, scl, itm, man",,1,,1,25,,2,,6,USD,month,6,false,false,Mastercard; VISA; PayPal,https://www.vultr.com/pricing/,2026-08-30
vultr:vultr-vhp-1c-1gb-intel-ewr-ord-dfw-sea-lax-atl-ams-lhr-fra-sjc-syd-yto-cdg-nrt-waw-mad-icn-mia-sgp-sto-mex-mel-hnl-bom-jnb-tlv-blr-del-scl-itm-man-49,Vultr,High Performance Intel 1C-1G,,India,IN,"ewr, ord, dfw, sea, lax, atl, ams, lhr, fra, sjc, syd, yto, cdg, nrt, waw, mad, icn, mia, sgp, sto, mex, mel, hnl, bom, jnb, tlv, blr, del, scl, itm, man",,1,,1,25,,2,,6,USD,month,6,false,false,Mastercard; VISA; PayPal,https://www.vultr.com/pricing/,2026-08-30
vultr:vultr-vhf-1c-1gb-ewr-ord-dfw-sea-lax-atl-ams-lhr-fra-sjc-syd-yto-cdg-nrt-waw-mad-icn-mia-sgp-sto-mex-mel-bom-jnb-tlv-blr-del-scl-itm-man-19,Vultr,High Frequency 1C-1G,,Israel,IL,"ewr, ord, dfw, sea, lax, atl, ams, lhr, fra, sjc, syd, yto, cdg, nrt, waw, mad, icn, mia, sgp, sto, mex, mel, bom, jnb, tlv, blr, del, scl, itm, man",,1,,1,32,,1,,6,USD,month,6,false,false,Mastercard; VISA; PayPal,https://www.vultr.com/pricing/,2026-08-30
vultr:vultr-vhp-1c-1gb-amd-ewr-ord-dfw-sea-lax-atl-ams-lhr-fra-sjc-syd-yto-cdg-nrt-waw-mad-mxp-icn-mia-sgp-sto-mex-mel-bom-jnb-tlv-blr-del-scl-itm-man-33,Vultr,High Performance AMD 1C-1G,,Israel,IL,"ewr, ord, dfw, sea, lax, atl, ams, lhr, fra, sjc, syd, yto, cdg, nrt, waw, mad, mxp, icn, mia, sgp, sto, mex, mel, bom, jnb, tlv, blr, del, scl, itm, man",,1,,1,25,,2,,6,USD,month,6,false,false,Mastercard; VISA; PayPal,https://www.vultr.com/pricing/,2026-08-30
vultr:vultr-vhp-1c-1gb-intel-ewr-ord-dfw-sea-lax-atl-ams-lhr-fra-sjc-syd-yto-cdg-nrt-waw-mad-icn-mia-sgp-sto-mex-mel-hnl-bom-jnb-tlv-blr-del-scl-itm-man-49,Vultr,High Performance Intel 1C-1G,,Israel,IL,"ewr, ord, dfw, sea, lax, atl, ams, lhr, fra, sjc, syd, yto, cdg, nrt, waw, mad, icn, mia, sgp, sto, mex, mel, hnl, bom, jnb, tlv, blr, del, scl, itm, man",,1,,1,25,,2,,6,USD,month,6,false,false,Mastercard; VISA; PayPal,https://www.vultr.com/pricing/,2026-08-30
vultr:vultr-vhp-1c-1gb-amd-ewr-ord-dfw-sea-lax-atl-ams-lhr-fra-sjc-syd-yto-cdg-nrt-waw-mad-mxp-icn-mia-sgp-sto-mex-mel-bom-jnb-tlv-blr-del-scl-itm-man-33,Vultr,High Performance AMD 1C-1G,,Italy,IT,"ewr, ord, dfw, sea, lax, atl, ams, lhr, fra, sjc, syd, yto, cdg, nrt, waw, mad, mxp, icn, mia, sgp, sto, mex, mel, bom, jnb, tlv, blr, del, scl, itm, man",,1,,1,25,,2,,6,USD,month,6,false,false,Mastercard; VISA; PayPal,https://www.vultr.com/pricing/,2026-08-30
vultr:vultr-vhf-1c-1gb-ewr-ord-dfw-sea-lax-atl-ams-lhr-fra-sjc-syd-yto-cdg-nrt-waw-mad-icn-mia-sgp-sto-mex-mel-bom-jnb-tlv-blr-del-scl-itm-man-19,Vultr,High Frequency 1C-1G,,Japan,JP,"ewr, ord, dfw, sea, lax, atl, ams, lhr, fra, sjc, syd, yto, cdg, nrt, waw, mad, icn, mia, sgp, sto, mex, mel, bom, jnb, tlv, blr, del, scl, itm, man",,1,,1,32,,1,,6,USD,month,6,false,false,Mastercard; VISA; PayPal,https://www.vultr.com/pricing/,2026-08-30
vultr:vultr-vhp-1c-1gb-amd-ewr-ord-dfw-sea-lax-atl-ams-lhr-fra-sjc-syd-yto-cdg-nrt-waw-mad-mxp-icn-mia-sgp-sto-mex-mel-bom-jnb-tlv-blr-del-scl-itm-man-33,Vultr,High Performance AMD 1C-1G,,Japan,JP,"ewr, ord, dfw, sea, lax, atl, ams, lhr, fra, sjc, syd, yto, cdg, nrt, waw, mad, mxp, icn, mia, sgp, sto, mex, mel, bom, jnb, tlv, blr, del, scl, itm, man",,1,,1,25,,2,,6,USD,month,6,false,false,Mastercard; VISA; PayPal,https://www.vultr.com/pricing/,2026-08-30
vultr:vultr-vhp-1c-1gb-intel-ewr-ord-dfw-sea-lax-atl-ams-lhr-fra-sjc-syd-yto-cdg-nrt-waw-mad-icn-mia-sgp-sto-mex-mel-hnl-bom-jnb-tlv-blr-del-scl-itm-man-49,Vultr,High Performance Intel 1C-1G,,Japan,JP,"ewr, ord, dfw, sea, lax, atl, ams, lhr, fra, sjc, syd, yto, cdg, nrt, waw, mad, icn, mia, sgp, sto, mex, mel, hnl, bom, jnb, tlv, blr, del, scl, itm, man",,1,,1,25,,2,,6,USD,month,6,false,false,Mastercard; VISA; PayPal,https://www.vultr.com/pricing/,2026-08-30
vultr:vultr-vhf-1c-1gb-ewr-ord-dfw-sea-lax-atl-ams-lhr-fra-sjc-syd-yto-cdg-nrt-waw-mad-icn-mia-sgp-sto-mex-mel-bom-jnb-tlv-blr-del-scl-itm-man-19,Vultr,High Frequency 1C-1G,,Mexico,MX,"ewr, ord, dfw, sea, lax, atl, ams, lhr, fra, sjc, syd, yto, cdg, nrt, waw, mad, icn, mia, sgp, sto, mex, mel, bom, jnb, tlv, blr, del, scl, itm, man",,1,,1,32,,1,,6,USD,month,6,false,false,Mastercard; VISA; PayPal,https://www.vultr.com/pricing/,2026-08-30
vultr:vultr-vhp-1c-1gb-amd-ewr-ord-dfw-sea-lax-atl-ams-lhr-fra-sjc-syd-yto-cdg-nrt-waw-mad-mxp-icn-mia-sgp-sto-mex-mel-bom-jnb-tlv-blr-del-scl-itm-man-33,Vultr,High Performance AMD 1C-1G,,Mexico,MX,"ewr, ord, dfw, sea, lax, atl, ams, lhr, fra, sjc, syd, yto, cdg, nrt, waw, mad, mxp, icn, mia, sgp, sto, mex, mel, bom, jnb, tlv, blr, del, scl, itm, man",,1,,1,25,,2,,6,USD,month,6,false,false,Mastercard; VISA; PayPal,https://www.vultr.com/pricing/,2026-08-30
vultr:vultr-vhp-1c-1gb-intel-ewr-ord-dfw-sea-lax-atl-ams-lhr-fra-sjc-syd-yto-cdg-nrt-waw-mad-icn-mia-sgp-sto-mex-mel-hnl-bom-jnb-tlv-blr-del-scl-itm-man-49,Vultr,High Performance Intel 1C-1G,,Mexico,MX,"ewr, ord, dfw, sea, lax, atl, ams, lhr, fra, sjc, syd, yto, cdg, nrt, waw, mad, icn, mia, sgp, sto, mex, mel, hnl, bom, jnb, tlv, blr, del, scl, itm, man",,1,,1,25,,2,,6,USD,month,6,false,false,Mastercard; VISA; PayPal,https://www.vultr.com/pricing/,2026-08-30
vultr:vultr-vhf-1c-1gb-ewr-ord-dfw-sea-lax-atl-ams-lhr-fra-sjc-syd-yto-cdg-nrt-waw-mad-icn-mia-sgp-sto-mex-mel-bom-jnb-tlv-blr-del-scl-itm-man-19,Vultr,High Frequency 1C-1G,,Netherlands,NL,"ewr, ord, dfw, sea, lax, atl, ams, lhr, fra, sjc, syd, yto, cdg, nrt, waw, mad, icn, mia, sgp, sto, mex, mel, bom, jnb, tlv, blr, del, scl, itm, man",,1,,1,32,,1,,6,USD,month,6,false,false,Mastercard; VISA; PayPal,https://www.vultr.com/pricing/,2026-08-30
vultr:vultr-vhp-1c-1gb-amd-ewr-ord-dfw-sea-lax-atl-ams-lhr-fra-sjc-syd-yto-cdg-nrt-waw-mad-mxp-icn-mia-sgp-sto-mex-mel-bom-jnb-tlv-blr-del-scl-itm-man-33,Vultr,High Performance AMD 1C-1G,,Netherlands,NL,"ewr, ord, dfw, sea, lax, atl, ams, lhr, fra, sjc, syd, yto, cdg, nrt, waw, mad, mxp, icn, mia, sgp, sto, mex, mel, bom, jnb, tlv, blr, del, scl, itm, man",,1,,1,25,,2,,6,USD,month,6,false,false,Mastercard; VISA; PayPal,https://www.vultr.com/pricing/,2026-08-30
vultr:vultr-vhp-1c-1gb-intel-ewr-ord-dfw-sea-lax-atl-ams-lhr-fra-sjc-syd-yto-cdg-nrt-waw-mad-icn-mia-sgp-sto-mex-mel-hnl-bom-jnb-tlv-blr-del-scl-itm-man-49,Vultr,High Performance Intel 1C-1G,,Netherlands,NL,"ewr, ord, dfw, sea, lax, atl, ams, lhr, fra, sjc, syd, yto, cdg, nrt, waw, mad, icn, mia, sgp, sto, mex, mel, hnl, bom, jnb, tlv, blr, del, scl, itm, man",,1,,1,25,,2,,6,USD,month,6,false,false,Mastercard; VISA; PayPal,https://www.vultr.com/pricing/,2026-08-30
vultr:vultr-vhf-1c-1gb-ewr-ord-dfw-sea-lax-atl-ams-lhr-fra-sjc-syd-yto-cdg-nrt-waw-mad-icn-mia-sgp-sto-mex-mel-bom-jnb-tlv-blr-del-scl-itm-man-19,Vultr,High Frequency 1C-1G,,Poland,PL,"ewr, ord, dfw, sea, lax, atl, ams, lhr, fra, sjc, syd, yto, cdg, nrt, waw, mad, icn, mia, sgp, sto, mex, mel, bom, jnb, tlv, blr, del, scl, itm, man",,1,,1,32,,1,,6,USD,month,6,false,false,Mastercard; VISA; PayPal,https://www.vultr.com/pricing/,2026-08-30
vultr:vultr-vhp-1c-1gb-amd-ewr-ord-dfw-sea-lax-atl-ams-lhr-fra-sjc-syd-yto-cdg-nrt-waw-mad-mxp-icn-mia-sgp-sto-mex-mel-bom-jnb-tlv-blr-del-scl-itm-man-33,Vultr,High Performance AMD 1C-1G,,Poland,PL,"ewr, ord, dfw, sea, lax, atl, ams, lhr, fra, sjc, syd, yto, cdg, nrt, waw, mad, mxp, icn, mia, sgp, sto, mex, mel, bom, jnb, tlv, blr, del, scl, itm, man",,1,,1,25,,2,,6,USD,month,6,false,false,Mastercard; VISA; PayPal,https://www.vultr.com/pricing/,2026-08-30
vultr:vultr-vhp-1c-1gb-intel-ewr-ord-dfw-sea-lax-atl-ams-lhr-fra-sjc-syd-yto-cdg-nrt-waw-mad-icn-mia-sgp-sto-mex-mel-hnl-bom-jnb-tlv-blr-del-scl-itm-man-49,Vultr,High Performance Intel 1C-1G,,Poland,PL,"ewr, ord, dfw, sea, lax, atl, ams, lhr, fra, sjc, syd, yto, cdg, nrt, waw, mad, icn, mia, sgp, sto, mex, mel, hnl, bom, jnb, tlv, blr, del, scl, itm, man",,1,,1,25,,2,,6,USD,month,6,false,false,Mastercard; VISA; PayPal,https://www.vultr.com/pricing/,2026-08-30
vultr:vultr-vhf-1c-1gb-ewr-ord-dfw-sea-lax-atl-ams-lhr-fra-sjc-syd-yto-cdg-nrt-waw-mad-icn-mia-sgp-sto-mex-mel-bom-jnb-tlv-blr-del-scl-itm-man-19,Vultr,High Frequency 1C-1G,,Singapore,SG,"ewr, ord, dfw, sea, lax, atl, ams, lhr, fra, sjc, syd, yto, cdg, nrt, waw, mad, icn, mia, sgp, sto, mex, mel, bom, jnb, tlv, blr, del, scl, itm, man",,1,,1,32,,1,,6,USD,month,6,false,false,Mastercard; VISA; PayPal,https://www.vultr.com/pricing/,2026-08-30
vultr:vultr-vhp-1c-1gb-amd-ewr-ord-dfw-sea-lax-atl-ams-lhr-fra-sjc-syd-yto-cdg-nrt-waw-mad-mxp-icn-mia-sgp-sto-mex-mel-bom-jnb-tlv-blr-del-scl-itm-man-33,Vultr,High Performance AMD 1C-1G,,Singapore,SG,"ewr, ord, dfw, sea, lax, atl, ams, lhr, fra, sjc, syd, yto, cdg, nrt, waw, mad, mxp, icn, mia, sgp, sto, mex, mel, bom, jnb, tlv, blr, del, scl, itm, man",,1,,1,25,,2,,6,USD,month,6,false,false,Mastercard; VISA; PayPal,https://www.vultr.com/pricing/,2026-08-30
vultr:vultr-vhp-1c-1gb-intel-ewr-ord-dfw-sea-lax-atl-ams-lhr-fra-sjc-syd-yto-cdg-nrt-waw-mad-icn-mia-sgp-sto-mex-mel-hnl-bom-jnb-tlv-blr-del-scl-itm-man-49,Vultr,High Performance Intel 1C-1G,,Singapore,SG,"ewr, ord, dfw, sea, lax, atl, ams, lhr, fra, sjc, syd, yto, cdg, nrt, waw, mad, icn, mia, sgp, sto, mex, mel, hnl, bom, jnb, tlv, blr, del, scl, itm, man",,1,,1,25,,2,,6,USD,month,6,false,false,Mastercard; VISA; PayPal,https://www.vultr.com/pricing/,2026-08-30
vultr:vultr-vhf-1c-1gb-ewr-ord-dfw-sea-lax-atl-ams-lhr-fra-sjc-syd-yto-cdg-nrt-waw-mad-icn-mia-sgp-sto-mex-mel-bom-jnb-tlv-blr-del-scl-itm-man-19,Vultr,High Frequency 1C-1G,,South Africa,ZA,"ewr, ord, dfw, sea, lax, atl, ams, lhr, fra, sjc, syd, yto, cdg, nrt, waw, mad, icn, mia, sgp, sto, mex, mel, bom, jnb, tlv, blr, del, scl, itm, man",,1,,1,32,,1,,6,USD,month,6,false,false,Mastercard; VISA; PayPal,https://www.vultr.com/pricing/,2026-08-30
vultr:vultr-vhp-1c-1gb-amd-ewr-ord-dfw-sea-lax-atl-ams-lhr-fra-sjc-syd-yto-cdg-nrt-waw-mad-mxp-icn-mia-sgp-sto-mex-mel-bom-jnb-tlv-blr-del-scl-itm-man-33,Vultr,High Performance AMD 1C-1G,,South Africa,ZA,"ewr, ord, dfw, sea, lax, atl, ams, lhr, fra, sjc, syd, yto, cdg, nrt, waw, mad, mxp, icn, mia, sgp, sto, mex, mel, bom, jnb, tlv, blr, del, scl, itm, man",,1,,1,25,,2,,6,USD,month,6,false,false,Mastercard; VISA; PayPal,https://www.vultr.com/pricing/,2026-08-30
vultr:vultr-vhp-1c-1gb-intel-ewr-ord-dfw-sea-lax-atl-ams-lhr-fra-sjc-syd-yto-cdg-nrt-waw-mad-icn-mia-sgp-sto-mex-mel-hnl-bom-jnb-tlv-blr-del-scl-itm-man-49,Vultr,High Performance Intel 1C-1G,,South Africa,ZA,"ewr, ord, dfw, sea, lax, atl, ams, lhr, fra, sjc, syd, yto, cdg, nrt, waw, mad, icn, mia, sgp, sto, mex, mel, hnl, bom, jnb, tlv, blr, del, scl, itm, man",,1,,1,25,,2,,6,USD,month,6,false,false,Mastercard; VISA; PayPal,https://www.vultr.com/pricing/,2026-08-30
vultr:vultr-vhf-1c-1gb-ewr-ord-dfw-sea-lax-atl-ams-lhr-fra-sjc-syd-yto-cdg-nrt-waw-mad-icn-mia-sgp-sto-mex-mel-bom-jnb-tlv-blr-del-scl-itm-man-19,Vultr,High Frequency 1C-1G,,South Korea,KR,"ewr, ord, dfw, sea, lax, atl, ams, lhr, fra, sjc, syd, yto, cdg, nrt, waw, mad, icn, mia, sgp, sto, mex, mel, bom, jnb, tlv, blr, del, scl, itm, man",,1,,1,32,,1,,6,USD,month,6,false,false,Mastercard; VISA; PayPal,https://www.vultr.com/pricing/,2026-08-30
vultr:vultr-vhp-1c-1gb-amd-ewr-ord-dfw-sea-lax-atl-ams-lhr-fra-sjc-syd-yto-cdg-nrt-waw-mad-mxp-icn-mia-sgp-sto-mex-mel-bom-jnb-tlv-blr-del-scl-itm-man-33,Vultr,High Performance AMD 1C-1G,,South Korea,KR,"ewr, ord, dfw, sea, lax, atl, ams, lhr, fra, sjc, syd, yto, cdg, nrt, waw, mad, mxp, icn, mia, sgp, sto, mex, mel, bom, jnb, tlv, blr, del, scl, itm, man",,1,,1,25,,2,,6,USD,month,6,false,false,Mastercard; VISA; PayPal,https://www.vultr.com/pricing/,2026-08-30
vultr:vultr-vhp-1c-1gb-intel-ewr-ord-dfw-sea-lax-atl-ams-lhr-fra-sjc-syd-yto-cdg-nrt-waw-mad-icn-mia-sgp-sto-mex-mel-hnl-bom-jnb-tlv-blr-del-scl-itm-man-49,Vultr,High Performance Intel 1C-1G,,South Korea,KR,"ewr, ord, dfw, sea, lax, atl, ams, lhr, fra, sjc, syd, yto, cdg, nrt, waw, mad, icn, mia, sgp, sto, mex, mel, hnl, bom, jnb, tlv, blr, del, scl, itm, man",,1,,1,25,,2,,6,USD,month,6,false,false,Mastercard; VISA; PayPal,https://www.vultr.com/pricing/,2026-08-30
vultr:vultr-vhf-1c-1gb-ewr-ord-dfw-sea-lax-atl-ams-lhr-fra-sjc-syd-yto-cdg-nrt-waw-mad-icn-mia-sgp-sto-mex-mel-bom-jnb-tlv-blr-del-scl-itm-man-19,Vultr,High Frequency 1C-1G,,Spain,ES,"ewr, ord, dfw, sea, lax, atl, ams, lhr, fra, sjc, syd, yto, cdg, nrt, waw, mad, icn, mia, sgp, sto, mex, mel, bom, jnb, tlv, blr, del, scl, itm, man",,1,,1,32,,1,,6,USD,month,6,false,false,Mastercard; VISA; PayPal,https://www.vultr.com/pricing/,2026-08-30
vultr:vultr-vhp-1c-1gb-amd-ewr-ord-dfw-sea-lax-atl-ams-lhr-fra-sjc-syd-yto-cdg-nrt-waw-mad-mxp-icn-mia-sgp-sto-mex-mel-bom-jnb-tlv-blr-del-scl-itm-man-33,Vultr,High Performance AMD 1C-1G,,Spain,ES,"ewr, ord, dfw, sea, lax, atl, ams, lhr, fra, sjc, syd, yto, cdg, nrt, waw, mad, mxp, icn, mia, sgp, sto, mex, mel, bom, jnb, tlv, blr, del, scl, itm, man",,1,,1,25,,2,,6,USD,month,6,false,false,Mastercard; VISA; PayPal,https://www.vultr.com/pricing/,2026-08-30
vultr:vultr-vhp-1c-1gb-intel-ewr-ord-dfw-sea-lax-atl-ams-lhr-fra-sjc-syd-yto-cdg-nrt-waw-mad-icn-mia-sgp-sto-mex-mel-hnl-bom-jnb-tlv-blr-del-scl-itm-man-49,Vultr,High Performance Intel 1C-1G,,Spain,ES,"ewr, ord, dfw, sea, lax, atl, ams, lhr, fra, sjc, syd, yto, cdg, nrt, waw, mad, icn, mia, sgp, sto, mex, mel, hnl, bom, jnb, tlv, blr, del, scl, itm, man",,1,,1,25,,2,,6,USD,month,6,false,false,Mastercard; VISA; PayPal,https://www.vultr.com/pricing/,2026-08-30
vultr:vultr-vhf-1c-1gb-ewr-ord-dfw-sea-lax-atl-ams-lhr-fra-sjc-syd-yto-cdg-nrt-waw-mad-icn-mia-sgp-sto-mex-mel-bom-jnb-tlv-blr-del-scl-itm-man-19,Vultr,High Frequency 1C-1G,,Sweden,SE,"ewr, ord, dfw, sea, lax, atl, ams, lhr, fra, sjc, syd, yto, cdg, nrt, waw, mad, icn, mia, sgp, sto, mex, mel, bom, jnb, tlv, blr, del, scl, itm, man",,1,,1,32,,1,,6,USD,month,6,false,false,Mastercard; VISA; PayPal,https://www.vultr.com/pricing/,2026-08-30
vultr:vultr-vhp-1c-1gb-amd-ewr-ord-dfw-sea-lax-atl-ams-lhr-fra-sjc-syd-yto-cdg-nrt-waw-mad-mxp-icn-mia-sgp-sto-mex-mel-bom-jnb-tlv-blr-del-scl-itm-man-33,Vultr,High Performance AMD 1C-1G,,Sweden,SE,"ewr, ord, dfw, sea, lax, atl, ams, lhr, fra, sjc, syd, yto, cdg, nrt, waw, mad, mxp, icn, mia, sgp, sto, mex, mel, bom, jnb, tlv, blr, del, scl, itm, man",,1,,1,25,,2,,6,USD,month,6,false,false,Mastercard; VISA; PayPal,https://www.vultr.com/pricing/,2026-08-30
vultr:vultr-vhp-1c-1gb-intel-ewr-ord-dfw-sea-lax-atl-ams-lhr-fra-sjc-syd-yto-cdg-nrt-waw-mad-icn-mia-sgp-sto-mex-mel-hnl-bom-jnb-tlv-blr-del-scl-itm-man-49,Vultr,High Performance Intel 1C-1G,,Sweden,SE,"ewr, ord, dfw, sea, lax, atl, ams, lhr, fra, sjc, syd, yto, cdg, nrt, waw, mad, icn, mia, sgp, sto, mex, mel, hnl, bom, jnb, tlv, blr, del, scl, itm, man",,1,,1,25,,2,,6,USD,month,6,false,false,Mastercard; VISA; PayPal,https://www.vultr.com/pricing/,2026-08-30
vultr:vultr-vhf-1c-1gb-ewr-ord-dfw-sea-lax-atl-ams-lhr-fra-sjc-syd-yto-cdg-nrt-waw-mad-icn-mia-sgp-sto-mex-mel-bom-jnb-tlv-blr-del-scl-itm-man-19,Vultr,High Frequency 1C-1G,,United Kingdom,GB,"ewr, ord, dfw, sea, lax, atl, ams, lhr, fra, sjc, syd, yto, cdg, nrt, waw, mad, icn, mia, sgp, sto, mex, mel, bom, jnb, tlv, blr, del, scl, itm, man",,1,,1,32,,1,,6,USD,month,6,false,false,Mastercard; VISA; PayPal,https://www.vultr.com/pricing/,2026-08-30
vultr:vultr-vhp-1c-1gb-amd-ewr-ord-dfw-sea-lax-atl-ams-lhr-fra-sjc-syd-yto-cdg-nrt-waw-mad-mxp-icn-mia-sgp-sto-mex-mel-bom-jnb-tlv-blr-del-scl-itm-man-33,Vultr,High Performance AMD 1C-1G,,United Kingdom,GB,"ewr, ord, dfw, sea, lax, atl, ams, lhr, fra, sjc, syd, yto, cdg, nrt, waw, mad, mxp, icn, mia, sgp, sto, mex, mel, bom, jnb, tlv, blr, del, scl, itm, man",,1,,1,25,,2,,6,USD,month,6,false,false,Mastercard; VISA; PayPal,https://www.vultr.com/pricing/,2026-08-30
vultr:vultr-vhp-1c-1gb-intel-ewr-ord-dfw-sea-lax-atl-ams-lhr-fra-sjc-syd-yto-cdg-nrt-waw-mad-icn-mia-sgp-sto-mex-mel-hnl-bom-jnb-tlv-blr-del-scl-itm-man-49,Vultr,High Performance Intel 1C-1G,,United Kingdom,GB,"ewr, ord, dfw, sea, lax, atl, ams, lhr, fra, sjc, syd, yto, cdg, nrt, waw, mad, icn, mia, sgp, sto, mex, mel, hnl, bom, jnb, tlv, blr, del, scl, itm, man",,1,,1,25,,2,,6,USD,month,6,false,false,Mastercard; VISA; PayPal,https://www.vultr.com/pricing/,2026-08-30
vultr:vultr-vhf-1c-1gb-ewr-ord-dfw-sea-lax-atl-ams-lhr-fra-sjc-syd-yto-cdg-nrt-waw-mad-icn-mia-sgp-sto-mex-mel-bom-jnb-tlv-blr-del-scl-itm-man-19,Vultr,High Frequency 1C-1G,,USA,US,"ewr, ord, dfw, sea, lax, atl, ams, lhr, fra, sjc, syd, yto, cdg, nrt, waw, mad, icn, mia, sgp, sto, mex, mel, bom, jnb, tlv, blr, del, scl, itm, man",,1,,1,32,,1,,6,USD,month,6,false,false,Mastercard; VISA; PayPal,https://www.vultr.com/pricing/,2026-08-30
vultr:vultr-vhp-1c-1gb-amd-ewr-ord-dfw-sea-lax-atl-ams-lhr-fra-sjc-syd-yto-cdg-nrt-waw-mad-mxp-icn-mia-sgp-sto-mex-mel-bom-jnb-tlv-blr-del-scl-itm-man-33,Vultr,High Performance AMD 1C-1G,,USA,US,"ewr, ord, dfw, sea, lax, atl, ams, lhr, fra, sjc, syd, yto, cdg, nrt, waw, mad, mxp, icn, mia, sgp, sto, mex, mel, bom, jnb, tlv, blr, del, scl, itm, man",,1,,1,25,,2,,6,USD,month,6,false,false,Mastercard; VISA; PayPal,https://www.vultr.com/pricing/,2026-08-30
vultr:vultr-vhp-1c-1gb-intel-ewr-ord-dfw-sea-lax-atl-ams-lhr-fra-sjc-syd-yto-cdg-nrt-waw-mad-icn-mia-sgp-sto-mex-mel-hnl-bom-jnb-tlv-blr-del-scl-itm-man-49,Vultr,High Performance Intel 1C-1G,,USA,US,"ewr, ord, dfw, sea, lax, atl, ams, lhr, fra, sjc, syd, yto, cdg, nrt, waw, mad, icn, mia, sgp, sto, mex, mel, hnl, bom, jnb, tlv, blr, del, scl, itm, man",,1,,1,25,,2,,6,USD,month,6,false,false,Mastercard; VISA; PayPal,https://www.vultr.com/pricing/,2026-08-30
beget:beget-standard-1-2-15-russia-saint-petersburg-2,Beget,Standard 1-2-15,,Russia,RU,"Russia, Saint Petersburg",,1,,2,15,NVMe,,1000,17,RUB,day,6.04,false,true,Bank card; SBP; YooMoney; Bank transfer,https://beget.com/ru/vps,2026-08-30
cloud4box:cloud4box-ru-fastest-russia-moscow-5,Cloud4box,Fastest,,Russia,RU,"Russia, Moscow",,1,,1,20,NVMe,unlimited,200,519,RUB,month,6.15,false,true,MIR; Mastercard; VISA; SberPay; SBP; YooMoney,https://cloud4box.com/vps/,2026-08-30
firstbyte:firstbyte-msk-kvm-sas-4-row-81,Firstbyte,MSK-KVM-SAS-4,,Russia,RU,"Россия, Москва",,4,,2,120,SAS+SSD,8,200,519,RUB,month,6.15,true,true,BNB; BTC; DOGE; ETH; LTC; SOL; TON; TRX; USDT; MIR; Mastercard; VISA; SBP; PayPal; YooMoney,https://firstbyte.ru/vps-vds/kvm-sas/,2026-08-30
firstvds:firstvds-vds-kvm-ssd-10-0-russia-2,FirstVDS,Start (SSD),,Russia,RU,Russia,,1,,2,40,,unlimited,100,519,RUB,month,6.15,false,true,MIR; Mastercard; VISA; SberPay; SBP; YooMoney,https://firstvds.ru/docs/tariffs.html,2026-08-30
hostkey:hostkey-vm-v2-nano-nl-fi-it-us-pl-ch-tr-is-17,HOSTKEY,vm.v2-nano,,Finland,FI,"NL, FI, IT, US, PL, CH, TR, IS",,2,,4,60,NVMe,3,1000,5.43,EUR,month,6.22,true,false,VISA; Mastercard; American Express; UnionPay; PayPal; Alipay; WebMoney; BTC; Bank transfer,https://hostkey.com/vps/,2026-09-24
hostkey:hostkey-vm-v2-nano-nl-fi-it-us-pl-ch-tr-is-17,HOSTKEY,vm.v2-nano,,Italy,IT,"NL, FI, IT, US, PL, CH, TR, IS",,2,,4,60,NVMe,3,1000,5.43,EUR,month,6.22,true,false,VISA; Mastercard; American Express; UnionPay; PayPal; Alipay; WebMoney; BTC; Bank transfer,https://hostkey.com/vps/,2026-09-24
hostkey:hostkey-vm-v2-nano-nl-fi-it-us-pl-ch-tr-is-17,HOSTKEY,vm.v2-nano,,Netherlands,NL,"NL, FI, IT, US, PL, CH, TR, IS",,2,,4,60,NVMe,3,1000,5.43,EUR,month,6.22,true,false,VISA; Mastercard; American Express; UnionPay; PayPal; Alipay; WebMoney; BTC; Bank transfer,https://hostkey.com/vps/,2026-09-24
hostkey:hostkey-vm-v2-nano-nl-fi-it-us-pl-ch-tr-is-17,HOSTKEY,vm.v2-nano,,Poland,PL,"NL, FI, IT, US, PL, CH, TR, IS",,2,,4,60,NVMe,3,1000,5.43,EUR,month,6.22,true,false,VISA; Mastercard; American Express; UnionPay; PayPal; Alipay; WebMoney; BTC; Bank transfer,https://hostkey.com/vps/,2026-09-24
hostkey:hostkey-vm-v2-nano-nl-fi-it-us-pl-ch-tr-is-17,HOSTKEY,vm.v2-nano,,Switzerland,CH,"NL, FI, IT, US, PL, CH, TR, IS",,2,,4,60,NVMe,3,1000,5.43,EUR,month,6.22,true,false,VISA; Mastercard; American Express; UnionPay; PayPal; Alipay; WebMoney; BTC; Bank transfer,https://hostkey.com/vps/,2026-09-24
hostkey:hostkey-vm-v2-nano-nl-fi-it-us-pl-ch-tr-is-17,HOSTKEY,vm.v2-nano,,Turkey,TR,"NL, FI, IT, US, PL, CH, TR, IS",,2,,4,60,NVMe,3,1000,5.43,EUR,month,6.22,true,false,VISA; Mastercard; American Express; UnionPay; PayPal; Alipay; WebMoney; BTC; Bank transfer,https://hostkey.com/vps/,2026-09-24
hostkey:hostkey-vm-v2-nano-nl-fi-it-us-pl-ch-tr-is-17,HOSTKEY,vm.v2-nano,,USA,US,"NL, FI, IT, US, PL, CH, TR, IS",,2,,4,60,NVMe,3,1000,5.43,EUR,month,6.22,true,false,VISA; Mastercard; American Express; UnionPay; PayPal; Alipay; WebMoney; BTC; Bank transfer,https://hostkey.com/vps/,2026-09-24
datacheap:datacheap-vps-start-nvme-row-15,DataCheap,VPS Start NVMe,,Czech Republic,CZ,Чехия,,1,,1,15,NVMe,,,550,RUB,month,6.52,false,true,Bank card; SBP; PayPal; Bank transfer,https://datacheap.ru/services/arenda-vps-vds-serverov/,2026-08-30
datacheap:datacheap-vps-start-nvme-row-15,DataCheap,VPS Start NVMe,,Netherlands,NL,Нидерланды,,1,,1,15,NVMe,,,550,RUB,month,6.52,false,true,Bank card; SBP; PayPal; Bank transfer,https://datacheap.ru/services/arenda-vps-vds-serverov/,2026-08-30
cloud4box:cloud4box-fr-optimal-france-paris-6,Cloud4box,Optimal,,France,FR,"France, Paris",,1,,1,20,SSD,unlimited,100,570,RUB,month,6.75,false,true,MIR; Mastercard; VISA; SberPay; SBP; YooMoney,https://cloud4box.com/vps/,2026-08-30
netcup:netcup-vps-x86-vps-500-g12-nuremberg-vienna-amsterdam-manassas-singapore-no-preference-europe-7,netcup,VPS 500 G12,,Austria,AT,Nuremberg/Vienna/Amsterdam/Manassas/Singapore/No preference Europe,,2,,4,128,NVMe,unlimited,2500,5.91,EUR,month,6.77,false,false,Bank card; PayPal; SEPA; Bank transfer,https://www.netcup.com/en/server/vps,2026-08-30
netcup:netcup-vps-x86-vps-500-g12-nuremberg-vienna-amsterdam-manassas-singapore-no-preference-europe-7,netcup,VPS 500 G12,,Germany,DE,Nuremberg/Vienna/Amsterdam/Manassas/Singapore/No preference Europe,,2,,4,128,NVMe,unlimited,2500,5.91,EUR,month,6.77,false,false,Bank card; PayPal; SEPA; Bank transfer,https://www.netcup.com/en/server/vps,2026-08-30
netcup:netcup-vps-x86-vps-500-g12-nuremberg-vienna-amsterdam-manassas-singapore-no-preference-europe-7,netcup,VPS 500 G12,,Netherlands,NL,Nuremberg/Vienna/Amsterdam/Manassas/Singapore/No preference Europe,,2,,4,128,NVMe,unlimited,2500,5.91,EUR,month,6.77,false,false,Bank card; PayPal; SEPA; Bank transfer,https://www.netcup.com/en/server/vps,2026-08-30
netcup:netcup-vps-x86-vps-500-g12-nuremberg-vienna-amsterdam-manassas-singapore-no-preference-europe-7,netcup,VPS 500 G12,,Singapore,SG,Nuremberg/Vienna/Amsterdam/Manassas/Singapore/No preference Europe,,2,,4,128,NVMe,unlimited,2500,5.91,EUR,month,6.77,false,false,Bank card; PayPal; SEPA; Bank transfer,https://www.netcup.com/en/server/vps,2026-08-30
netcup:netcup-vps-x86-vps-500-g12-nuremberg-vienna-amsterdam-manassas-singapore-no-preference-europe-7,netcup,VPS 500 G12,,USA,US,Nuremberg/Vienna/Amsterdam/Manassas/Singapore/No preference Europe,,2,,4,128,NVMe,unlimited,2500,5.91,EUR,month,6.77,false,false,Bank card; PayPal; SEPA; Bank transfer,https://www.netcup.com/en/server/vps,2026-08-30
aeza:aeza-416-18-vienna-11,Aeza,VIEs-1,,Austria,AT,18-VIENNA,,1,,2,30,,unlimited,1000,5.93,EUR,month,6.8,true,true,BNB; BTC; ETH; LTC; SOL; TON; TRX; USDT; MIR; Mastercard; VISA,https://aeza.net/ru/virtual-servers,2026-08-30
aeza:aeza-416-18-vienna-11,Aeza,HELs-1,,Finland,FI,34-HELSINKI,,1,,2,30,,unlimited,1000,5.93,EUR,month,6.8,true,true,BNB; BTC; ETH; LTC; SOL; TON; TRX; USDT; MIR; Mastercard; VISA,https://aeza.net/ru/virtual-servers,2026-08-30
aeza:aeza-416-18-vienna-11,Aeza,PARs-1,,France,FR,40-PARIS,,1,,2,30,,unlimited,1000,5.93,EUR,month,6.8,true,true,BNB; BTC; ETH; LTC; SOL; TON; TRX; USDT; MIR; Mastercard; VISA,https://aeza.net/ru/virtual-servers,2026-08-30
aeza:aeza-153-17-moscow-6,Aeza,MSKs-1,SPBs-1,Russia,RU,17-MOSCOW; 65-SAINT-PETERSBURG,,1,,2,30,,unlimited,25000,5.93,EUR,month,6.8,true,true,BNB; BTC; ETH; LTC; SOL; TON; TRX; USDT; MIR; Mastercard; VISA,https://aeza.net/ru/virtual-servers,2026-08-30
aeza:aeza-364-37-stockholm-31,Aeza,SWEs-1,,Sweden,SE,37-STOCKHOLM,,1,,2,30,,unlimited,1000,5.93,EUR,month,6.8,true,true,BNB; BTC; ETH; LTC; SOL; TON; TRX; USDT; MIR; Mastercard; VISA,https://aeza.net/ru/virtual-servers,2026-08-30
cherryservers:cherryservers-900-lt-siauliai-21,Cherry Servers,Cloud VPS 2 (Gen 2),,Germany,DE,de-frankfurt,,2,,2,40,SSD,1,1000,6,EUR,month,6.88,true,false,Bank card; PayPal; Google Pay; Apple Pay; Alipay; Bank transfer; BTC; ETH; SOL; ADA; USDC; POL; BNB; LTC; DOGE; XRP; TRX; DAI; SHIB; BCH,https://www.cherryservers.com/pricing/virtual-servers/b2-2-2gb-40s-shared?region=de-frankfurt&billing=3&currency=EUR,2026-08-30
cherryservers:cherryservers-900-lt-siauliai-21,Cherry Servers,Cloud VPS 2 (Gen 2),,Lithuania,LT,lt-siauliai,,2,,2,40,SSD,1,1000,6,EUR,month,6.88,true,false,Bank card; PayPal; Google Pay; Apple Pay; Alipay; Bank transfer; BTC; ETH; SOL; ADA; USDC; POL; BNB; LTC; DOGE; XRP; TRX; DAI; SHIB; BCH,https://www.cherryservers.com/pricing/virtual-servers/b2-2-2gb-40s-shared?region=lt-siauliai&billing=3&currency=EUR,2026-08-30
cherryservers:cherryservers-900-lt-siauliai-21,Cherry Servers,Cloud VPS 2 (Gen 2),,Netherlands,NL,nl-amsterdam,,2,,2,40,SSD,1,1000,6,EUR,month,6.88,true,false,Bank card; PayPal; Google Pay; Apple Pay; Alipay; Bank transfer; BTC; ETH; SOL; ADA; USDC; POL; BNB; LTC; DOGE; XRP; TRX; DAI; SHIB; BCH,https://www.cherryservers.com/pricing/virtual-servers/b2-2-2gb-40s-shared?region=nl-amsterdam&billing=3&currency=EUR,2026-08-30
cherryservers:cherryservers-900-lt-siauliai-21,Cherry Servers,Cloud VPS 2 (Gen 2),,Singapore,SG,sg-singapore,,2,,2,40,SSD,1,1000,6,EUR,month,6.88,true,false,Bank card; PayPal; Google Pay; Apple Pay; Alipay; Bank transfer; BTC; ETH; SOL; ADA; USDC; POL; BNB; LTC; DOGE; XRP; TRX; DAI; SHIB; BCH,https://www.cherryservers.com/pricing/virtual-servers/b2-2-2gb-40s-shared?region=sg-singapore&billing=3&currency=EUR,2026-08-30
cherryservers:cherryservers-900-lt-siauliai-21,Cherry Servers,Cloud VPS 2 (Gen 2),,Sweden,SE,se-stockholm,,2,,2,40,SSD,1,1000,6,EUR,month,6.88,true,false,Bank card; PayPal; Google Pay; Apple Pay; Alipay; Bank transfer; BTC; ETH; SOL; ADA; USDC; POL; BNB; LTC; DOGE; XRP; TRX; DAI; SHIB; BCH,https://www.cherryservers.com/pricing/virtual-servers/b2-2-2gb-40s-shared?region=se-stockholm&billing=3&currency=EUR,2026-08-30
cherryservers:cherryservers-900-lt-siauliai-21,Cherry Servers,Cloud VPS 2 (Gen 2),,USA,US,us-chicago,,2,,2,40,SSD,1,1000,6,EUR,month,6.88,true,false,Bank card; PayPal; Google Pay; Apple Pay; Alipay; Bank transfer; BTC; ETH; SOL; ADA; USDC; POL; BNB; LTC; DOGE; XRP; TRX; DAI; SHIB; BCH,https://www.cherryservers.com/pricing/virtual-servers/b2-2-2gb-40s-shared?region=us-chicago&billing=3&currency=EUR,2026-08-30
doubleservers:doubleservers-vps-entry-germany-1,DoubleServers,VPS entry,,Germany,DE,Germany,,1,,2,20,NVMe,,,6,EUR,month,6.88,true,true,Bank card; SBP; USDT,https://doubleservers.com/,2026-08-30
1cent-host:1cent-host-141-ee-26,1cent.host,EE-1,,Estonia,EE,EE,,1,,2,20,NVMe,,10000,590,RUB,month,6.99,,,,https://1cent.host/,2026-08-30
1cent-host:1cent-host-25-de-2,1cent.host,DE-1,,Germany,DE,DE,,1,,2,20,NVMe,,10000,590,RUB,month,6.99,,,,https://1cent.host/,2026-08-30
1cent-host:1cent-host-25-de-2,1cent.host,NL-1,,Netherlands,NL,NL,,1,,2,20,NVMe,,10000,590,RUB,month,6.99,,,,https://1cent.host/,2026-08-30
1cent-host:1cent-host-25-de-2,1cent.host,SE-1,,Sweden,SE,SE,,1,,2,20,NVMe,,10000,590,RUB,month,6.99,,,,https://1cent.host/,2026-08-30
smartape:smartape-linux-nvme-nvme-x1-20gb-datapro-moscow-i-ru-5,SmartApe,NVMe X1 · 20 GB,,Czech Republic,CZ,Host-Telecom (CZ),Linux,2,,1,20,NVMe,unlimited,200,595,RUB,month,7.05,true,true,BNB; BTC; DOGE; ETH; HUMO; JCB; LTC; SOL; TRX; USDC; APRA; MIR; Mastercard; VISA; PayPal,https://www.smartape.ru/ssd-vps,2026-08-30
smartape:smartape-linux-nvme-nvme-x1-20gb-datapro-moscow-i-ru-5,SmartApe,NVMe X1 · 20 GB,,Israel,IL,Partner Group (IL),Linux,2,,1,20,NVMe,unlimited,200,595,RUB,month,7.05,true,true,BNB; BTC; DOGE; ETH; HUMO; JCB; LTC; SOL; TRX; USDC; APRA; MIR; Mastercard; VISA; PayPal,https://www.smartape.ru/ssd-vps,2026-08-30
smartape:smartape-linux-nvme-nvme-x1-20gb-datapro-moscow-i-ru-5,SmartApe,NVMe X1 · 20 GB,,Russia,RU,DataPro Moscow I (RU),Linux,2,,1,20,NVMe,unlimited,200,595,RUB,month,7.05,true,true,BNB; BTC; DOGE; ETH; HUMO; JCB; LTC; SOL; TRX; USDC; APRA; MIR; Mastercard; VISA; PayPal,https://www.smartape.ru/ssd-vps,2026-08-30
firstbyte:firstbyte-msk-kvm-ssd-4-vl-row-5,Firstbyte,MSK-KVM-SSD-4 VL,,Russia,RU,"Россия, Москва",,4,,2,60,SSD,8,200,599,RUB,month,7.1,true,true,BNB; BTC; DOGE; ETH; LTC; SOL; TON; TRX; USDT; MIR; Mastercard; VISA; SBP; PayPal; YooMoney,https://firstbyte.ru/vps-vds/kvm-ssd/,2026-08-30
firstbyte:firstbyte-business-msk-kvm-sas1-row-104,Firstbyte,Business MSK-KVM-SAS1,,Russia,RU,"Россия, Москва",,1,,1,20,SAS,3,100,599,RUB,month,7.1,true,true,BNB; BTC; DOGE; ETH; LTC; SOL; TON; TRX; USDT; MIR; Mastercard; VISA; SBP; PayPal; YooMoney,https://firstbyte.ru/vps-vds/kvm-business/,2026-08-30
firstbyte:firstbyte-msk-kvm-ssd-4-row-110,Firstbyte,MSK-KVM-SSD-4,,Russia,RU,"Россия, Москва",,4,,2,60,SSD,unlimited,,599,RUB,month,7.1,true,true,BNB; BTC; DOGE; ETH; LTC; SOL; TON; TRX; USDT; MIR; Mastercard; VISA; SBP; PayPal; YooMoney,https://firstbyte.ru/vps-vds/windows/,2026-08-30
firstvds:firstvds-vds-kvm-nvme-10-0-russia-7,FirstVDS,Start (NVMe),,Russia,RU,Russia,,1,,2,40,,unlimited,100,599,RUB,month,7.1,false,true,MIR; Mastercard; VISA; SberPay; SBP; YooMoney,https://firstvds.ru/docs/tariffs.html,2026-08-30
1cent-host:1cent-host-72-fi-9,1cent.host,FI-2,,Finland,FI,FI,,2,,4,40,NVMe,,1000,600,RUB,month,7.11,,,,https://1cent.host/,2026-08-30
macloud:macloud-standard-2-russia-moscow-datapro-2,Macloud,Standard 2,,Russia,RU,Russia-Moscow-DataPro,,1,,2,50,NVMe,32,1000,600,RUB,month,7.11,true,true,BNB; BTC; DOGE; ETH; LTC; SOL; TON; TRX; USDC; USDT; MIR; Mastercard; VISA; SBP; Invoice for organization; YooMoney,https://macloud.ru/,2026-08-30
vdsina:vdsina-vdsina-ru-standard-2-moscow-2,VDSina,Standard 2,,Russia,RU,Moscow,,1,,2,50,NVMe,32,1000,600,RUB,month,7.11,true,true,BNB; BTC; DOGE; ETH; LTC; SOL; TON; TRX; USDT; MIR; Mastercard; VISA; SBP; Invoice for organization; YooMoney,https://vdsina.ru/pricing/standard,2026-08-30
cloud4box:cloud4box-us-optimal-united-states-new-jersey-7,Cloud4box,Optimal,,Finland,FI,"Finland, Helsinki",,1,,1,20,SSD,unlimited,100,624,RUB,month,7.39,false,true,MIR; Mastercard; VISA; SberPay; SBP; YooMoney,https://cloud4box.com/vps/,2026-08-30
cloud4box:cloud4box-us-optimal-united-states-new-jersey-7,Cloud4box,Optimal,,Germany,DE,"Germany, Frankfurt",,1,,1,20,SSD,unlimited,100,624,RUB,month,7.39,false,true,MIR; Mastercard; VISA; SberPay; SBP; YooMoney,https://cloud4box.com/vps/,2026-08-30
cloud4box:cloud4box-us-optimal-united-states-new-jersey-7,Cloud4box,Optimal,,Netherlands,NL,"Netherlands, Meppel",,1,,1,20,SSD,unlimited,100,624,RUB,month,7.39,false,true,MIR; Mastercard; VISA; SberPay; SBP; YooMoney,https://cloud4box.com/vps/,2026-08-30
cloud4box:cloud4box-us-optimal-united-states-new-jersey-7,Cloud4box,Optimal,,Poland,PL,"Poland, Warsaw",,1,,1,20,SSD,unlimited,100,624,RUB,month,7.39,false,true,MIR; Mastercard; VISA; SberPay; SBP; YooMoney,https://cloud4box.com/vps/,2026-08-30
cloud4box:cloud4box-us-optimal-united-states-new-jersey-7,Cloud4box,Optimal,,Spain,ES,"Spain, Madrid",,1,,1,20,SSD,unlimited,100,624,RUB,month,7.39,false,true,MIR; Mastercard; VISA; SberPay; SBP; YooMoney,https://cloud4box.com/vps/,2026-08-30
cloud4box:cloud4box-us-optimal-united-states-new-jersey-7,Cloud4box,Optimal,,United Kingdom,GB,"United Kingdom, Coventry",,1,,1,20,SSD,unlimited,100,624,RUB,month,7.39,false,true,MIR; Mastercard; VISA; SberPay; SBP; YooMoney,https://cloud4box.com/vps/,2026-08-30
cloud4box:cloud4box-us-optimal-united-states-new-jersey-7,Cloud4box,Optimal,,USA,US,"United States, New Jersey",,1,,1,20,SSD,unlimited,100,624,RUB,month,7.39,false,true,MIR; Mastercard; VISA; SberPay; SBP; YooMoney,https://cloud4box.com/vps/,2026-08-30
vultr:vultr-vc2-1c-1gb-sao-sao-4,Vultr,Cloud Compute 1C-1G,,Brazil,BR,sao,,1,,1,25,SSD,1,,7.5,USD,month,7.5,false,false,Mastercard; VISA; PayPal,https://www.vultr.com/pricing/,2026-08-30
hostkey:hostkey-vm-v2-mini-nl-fi-it-us-pl-ch-tr-is-16,HOSTKEY,vm.v2-mini,,Finland,FI,"NL, FI, IT, US, PL, CH, TR, IS",,4,,8,120,NVMe,3,1000,6.57,EUR,month,7.53,true,false,VISA; Mastercard; American Express; UnionPay; PayPal; Alipay; WebMoney; BTC; Bank transfer,https://hostkey.com/vps/,2026-09-24
hostkey:hostkey-vm-v2-mini-nl-fi-it-us-pl-ch-tr-is-16,HOSTKEY,vm.v2-mini,,Italy,IT,"NL, FI, IT, US, PL, CH, TR, IS",,4,,8,120,NVMe,3,1000,6.57,EUR,month,7.53,true,false,VISA; Mastercard; American Express; UnionPay; PayPal; Alipay; WebMoney; BTC; Bank transfer,https://hostkey.com/vps/,2026-09-24
hostkey:hostkey-vm-v2-mini-nl-fi-it-us-pl-ch-tr-is-16,HOSTKEY,vm.v2-mini,,Netherlands,NL,"NL, FI, IT, US, PL, CH, TR, IS",,4,,8,120,NVMe,3,1000,6.57,EUR,month,7.53,true,false,VISA; Mastercard; American Express; UnionPay; PayPal; Alipay; WebMoney; BTC; Bank transfer,https://hostkey.com/vps/,2026-09-24
hostkey:hostkey-vm-v2-mini-nl-fi-it-us-pl-ch-tr-is-16,HOSTKEY,vm.v2-mini,,Poland,PL,"NL, FI, IT, US, PL, CH, TR, IS",,4,,8,120,NVMe,3,1000,6.57,EUR,month,7.53,true,false,VISA; Mastercard; American Express; UnionPay; PayPal; Alipay; WebMoney; BTC; Bank transfer,https://hostkey.com/vps/,2026-09-24
hostkey:hostkey-vm-v2-mini-nl-fi-it-us-pl-ch-tr-is-16,HOSTKEY,vm.v2-mini,,Switzerland,CH,"NL, FI, IT, US, PL, CH, TR, IS",,4,,8,120,NVMe,3,1000,6.57,EUR,month,7.53,true,false,VISA; Mastercard; American Express; UnionPay; PayPal; Alipay; WebMoney; BTC; Bank transfer,https://hostkey.com/vps/,2026-09-24
hostkey:hostkey-vm-v2-mini-nl-fi-it-us-pl-ch-tr-is-16,HOSTKEY,vm.v2-mini,,Turkey,TR,"NL, FI, IT, US, PL, CH, TR, IS",,4,,8,120,NVMe,3,1000,6.57,EUR,month,7.53,true,false,VISA; Mastercard; American Express; UnionPay; PayPal; Alipay; WebMoney; BTC; Bank transfer,https://hostkey.com/vps/,2026-09-24
hostkey:hostkey-vm-v2-mini-nl-fi-it-us-pl-ch-tr-is-16,HOSTKEY,vm.v2-mini,,USA,US,"NL, FI, IT, US, PL, CH, TR, IS",,4,,8,120,NVMe,3,1000,6.57,EUR,month,7.53,true,false,VISA; Mastercard; American Express; UnionPay; PayPal; Alipay; WebMoney; BTC; Bank transfer,https://hostkey.com/vps/,2026-09-24
regru:regru-ssd-vps-2-russia-2,REG.RU,SSD-VPS-2,,Russia,RU,Russia,,2,,1,15,,,,647,RUB,month,7.67,false,true,Bank card; SBP; SberPay; YooMoney; Bank transfer,https://img.reg.ru/faq/prilozhenie_tarify_na_uslugi_vps_010126.pdf,2026-08-30
firstbyte:firstbyte-msk-kvm-ssd-5-vl-row-6,Firstbyte,MSK-KVM-SSD-5 VL,,Russia,RU,"Россия, Москва",,4,,3,70,SSD,10,200,649,RUB,month,7.69,true,true,BNB; BTC; DOGE; ETH; LTC; SOL; TON; TRX; USDT; MIR; Mastercard; VISA; SBP; PayPal; YooMoney,https://firstbyte.ru/vps-vds/kvm-ssd/,2026-08-30
firstbyte:firstbyte-msk-highmem-kvm-ssd-3-row-14,Firstbyte,MSK-highmem-KVM-SSD-3,,Russia,RU,"Россия, Москва",,2,,8,40,SSD,6,200,649,RUB,month,7.69,true,true,BNB; BTC; DOGE; ETH; LTC; SOL; TON; TRX; USDT; MIR; Mastercard; VISA; SBP; PayPal; YooMoney,https://firstbyte.ru/vps-vds/kvm-ssd/,2026-08-30
firstbyte:firstbyte-msk-kvm-sas-5-row-82,Firstbyte,MSK-KVM-SAS-5,,Russia,RU,"Россия, Москва",,4,,3,140,SAS+SSD,10,200,649,RUB,month,7.69,true,true,BNB; BTC; DOGE; ETH; LTC; SOL; TON; TRX; USDT; MIR; Mastercard; VISA; SBP; PayPal; YooMoney,https://firstbyte.ru/vps-vds/kvm-sas/,2026-08-30
firstbyte:firstbyte-msk-highmem-kvm-sas-3-row-88,Firstbyte,MSK-highmem-KVM-SAS-3,,Russia,RU,"Россия, Москва",,2,,8,80,SAS+SSD,unlimited,,649,RUB,month,7.69,true,true,BNB; BTC; DOGE; ETH; LTC; SOL; TON; TRX; USDT; MIR; Mastercard; VISA; SBP; PayPal; YooMoney,https://firstbyte.ru/vps-vds/kvm-sas/,2026-08-30
firstbyte:firstbyte-msk-kvm-ssd-5-row-111,Firstbyte,MSK-KVM-SSD-5,,Russia,RU,"Россия, Москва",,4,,3,70,SSD,unlimited,,649,RUB,month,7.69,true,true,BNB; BTC; DOGE; ETH; LTC; SOL; TON; TRX; USDT; MIR; Mastercard; VISA; SBP; PayPal; YooMoney,https://firstbyte.ru/vps-vds/windows/,2026-08-30
firstbyte:firstbyte-msk-highmem-kvm-ssd-3-row-119,Firstbyte,MSK-highmem-KVM-SSD-3,,Russia,RU,"Россия, Москва",,2,,8,40,SSD,unlimited,,649,RUB,month,7.69,true,true,BNB; BTC; DOGE; ETH; LTC; SOL; TON; TRX; USDT; MIR; Mastercard; VISA; SBP; PayPal; YooMoney,https://firstbyte.ru/vps-vds/windows/,2026-08-30
datacheap:datacheap-vps-medium-nvme-row-3,DataCheap,VPS Medium NVMe,,Russia,RU,"Россия, Москва",,2,,2,20,NVMe,unlimited,10000,650,RUB,month,7.7,false,true,Bank card; SBP; PayPal; Bank transfer,https://datacheap.ru/services/arenda-vps-vds-serverov/,2026-08-30
selectel:selectel-selectel-vds-2-4-50-row-4,Selectel,VDS 2-4-50,,Russia,RU,"Россия, Москва / Санкт-Петербург",,2,,4,50,NVMe,3,3000,650,RUB,month,7.7,false,true,MIR; VISA; Mastercard; SBP; YooMoney; Bank transfer,https://selectel.ru/services/cloud/vps-vds/,2026-09-22
hostingvds:hostingvds-vds-kvm-nvme-hvds-4g-eu-1-31,HostingVDS,HVDS-4G-EU,,Bulgaria,BG,"Болгария, София (1Гбит/с)",,2,,4,35,NVMe,4,1000,6.89,EUR,month,7.9,true,true,BNB; BTC; DAI; ETH; LTC; POL; SOL; TON; TRX; USDC; USDT; MIR; SBP,https://my.hosting-vds.com/order/vds-kvm-ssd-eu/50,2026-08-30
hostingvds:hostingvds-vds-kvm-nvme-hvds-4g-eu-1-31,HostingVDS,HVDS-4G-EU,,Finland,FI,"Финляндия, Хельсинки (1Гбит/с)",,2,,4,35,NVMe,4,1000,6.89,EUR,month,7.9,true,true,BNB; BTC; DAI; ETH; LTC; POL; SOL; TON; TRX; USDC; USDT; MIR; SBP,https://my.hosting-vds.com/order/vds-kvm-ssd-eu/50,2026-08-30
hostingvds:hostingvds-vds-kvm-nvme-hvds-4g-eu-1-31,HostingVDS,HVDS-4G-EU,,Germany,DE,"Германия, Франкфурт (1Гбит/с)",,2,,4,35,NVMe,4,1000,6.89,EUR,month,7.9,true,true,BNB; BTC; DAI; ETH; LTC; POL; SOL; TON; TRX; USDC; USDT; MIR; SBP,https://my.hosting-vds.com/order/vds-kvm-ssd-eu/50,2026-08-30
hostingvds:hostingvds-vds-kvm-nvme-hvds-4g-eu-1-31,HostingVDS,HVDS-4G-EU,,Latvia,LV,"Латвия, Рига (1Гбит/с)",,2,,4,35,NVMe,4,1000,6.89,EUR,month,7.9,true,true,BNB; BTC; DAI; ETH; LTC; POL; SOL; TON; TRX; USDC; USDT; MIR; SBP,https://my.hosting-vds.com/order/vds-kvm-ssd-eu/50,2026-08-30
hostingvds:hostingvds-vds-kvm-nvme-hvds-4g-eu-1-31,HostingVDS,HVDS-4G-EU,,Poland,PL,"Польша, Варшава (1Гбит/с)",,2,,4,35,NVMe,4,1000,6.89,EUR,month,7.9,true,true,BNB; BTC; DAI; ETH; LTC; POL; SOL; TON; TRX; USDC; USDT; MIR; SBP,https://my.hosting-vds.com/order/vds-kvm-ssd-eu/50,2026-08-30
hostingvds:hostingvds-vds-kvm-nvme-hvds-4g-selectel-3,HostingVDS,HVDS-4G,,Russia,RU,"Россия, Москва - Selectel",,2,,4,45,NVMe,4,10000,6.89,EUR,month,7.9,true,true,BNB; BTC; DAI; ETH; LTC; POL; SOL; TON; TRX; USDC; USDT; MIR; SBP,https://my.hosting-vds.com/order/standart-vds/1,2026-08-30
hostingvds:hostingvds-vds-kvm-nvme-hvds-4g-eu-1-31,HostingVDS,HVDS-4G-EU,,Sweden,SE,"Швеция, Стокгольм (1Гбит/с)",,2,,4,35,NVMe,4,1000,6.89,EUR,month,7.9,true,true,BNB; BTC; DAI; ETH; LTC; POL; SOL; TON; TRX; USDC; USDT; MIR; SBP,https://my.hosting-vds.com/order/vds-kvm-ssd-eu/50,2026-08-30
spacecore:spacecore-de-u10-germany-11,Spacecore,DE U10,,Germany,DE,Germany,,1,,2,45,NVMe,20,5000,6.9,EUR,month,7.91,true,true,ADA; ARB; BCH; BNB; BTC; DAI; DOGE; ETH; IMX; LTC; POL; SHIB; SOL; TON; TRX; USDC; USDT; XLM; XRP; MIR; Mastercard; VISA; SEPA; SBP; PayPal,https://spacecore.pro/en/virtual-servers/,2026-08-30
spacecore:spacecore-nl-u10-netherlands-17,Spacecore,NL U10,,Netherlands,NL,Netherlands,,1,,2,45,NVMe,20,5000,6.9,EUR,month,7.91,true,true,ADA; ARB; BCH; BNB; BTC; DAI; DOGE; ETH; IMX; LTC; POL; SHIB; SOL; TON; TRX; USDC; USDT; XLM; XRP; MIR; Mastercard; VISA; SEPA; SBP; PayPal,https://spacecore.pro/en/virtual-servers/,2026-08-30
zomro:zomro-zomro-basic-starter-netherlands-7,Zomro,Basic Starter,,Germany,DE,Germany,,1,,2.5,15,,1,,6.95,EUR,month,7.97,true,true,BNB; BTC; ETH; SOL; TON; USDC; USDT; MIR; Mastercard; VISA; SBP; PayPal,https://zomro.com/vps/basic,2026-08-30
zomro:zomro-zomro-basic-starter-netherlands-7,Zomro,Basic Starter,,Netherlands,NL,Netherlands,,1,,2.5,15,,1,,6.95,EUR,month,7.97,true,true,BNB; BTC; ETH; SOL; TON; USDC; USDT; MIR; Mastercard; VISA; SBP; PayPal,https://zomro.com/vps/basic,2026-08-30
zomro:zomro-zomro-basic-starter-netherlands-7,Zomro,Basic Starter,,USA,US,USA,,1,,2.5,15,,1,,6.95,EUR,month,7.97,true,true,BNB; BTC; ETH; SOL; TON; USDC; USDT; MIR; Mastercard; VISA; SBP; PayPal,https://zomro.com/vps/basic,2026-08-30
firstbyte:firstbyte-business-msk-kvm-ssd1-row-98,Firstbyte,Business MSK-KVM-SSD1,,Russia,RU,"Россия, Москва",,1,,1,20,SSD,3,100,699,RUB,month,8.28,true,true,BNB; BTC; DOGE; ETH; LTC; SOL; TON; TRX; USDT; MIR; Mastercard; VISA; SBP; PayPal; YooMoney,https://firstbyte.ru/vps-vds/kvm-business/,2026-08-30
datacheap:datacheap-vps-medium-nvme-row-16,DataCheap,VPS Medium NVMe,,Czech Republic,CZ,Чехия,,2,,2,30,NVMe,,,700,RUB,month,8.29,false,true,Bank card; SBP; PayPal; Bank transfer,https://datacheap.ru/services/arenda-vps-vds-serverov/,2026-08-30
datacheap:datacheap-vps-medium-nvme-row-16,DataCheap,VPS Medium NVMe,,Netherlands,NL,Нидерланды,,2,,2,30,NVMe,,,700,RUB,month,8.29,false,true,Bank card; SBP; PayPal; Bank transfer,https://datacheap.ru/services/arenda-vps-vds-serverov/,2026-08-30
firstbyte:firstbyte-msk-highhdd-kvm-sas-2-row-93,Firstbyte,MSK-highhdd-KVM-SAS-2,,Russia,RU,"Россия, Москва",,1,,1,240,SAS+SSD,unlimited,,709,RUB,month,8.4,true,true,BNB; BTC; DOGE; ETH; LTC; SOL; TON; TRX; USDT; MIR; Mastercard; VISA; SBP; PayPal; YooMoney,https://firstbyte.ru/vps-vds/kvm-sas/,2026-08-30
timeweb:timeweb-de-15-row-61,TimeWEB,DE-15,,Germany,DE,Германия-Франкфурт,,1,,1,15,NVMe,,200,710,RUB,month,8.41,false,true,MIR; Mastercard; VISA; SberPay; SBP; YooMoney,https://timeweb.cloud/services/vds-vps?location=de,2026-08-30
firstbyte:firstbyte-msk-kvm-sas-6-row-83,Firstbyte,MSK-KVM-SAS-6,,Russia,RU,"Россия, Москва",,5,,4,160,SAS+SSD,12,200,719,RUB,month,8.52,true,true,BNB; BTC; DOGE; ETH; LTC; SOL; TON; TRX; USDT; MIR; Mastercard; VISA; SBP; PayPal; YooMoney,https://firstbyte.ru/vps-vds/kvm-sas/,2026-08-30
hostingvds:hostingvds-vds-kvm-nvme-hvds-4g-usa-1-98,HostingVDS,HVDS-4G-USA,,USA,US,"США, Нью-Йорк (1Гбит/с)",,2,,4,35,NVMe,4,1000,7.59,EUR,month,8.7,true,true,BNB; BTC; DAI; ETH; LTC; POL; SOL; TON; TRX; USDC; USDT; MIR; SBP,https://my.hosting-vds.com/order/vds-kvm-nvme-usa/70,2026-08-30
xorek:xorek-de-de-r9-8-5-germany-4,Xorek,FI-R9-8,,Finland,FI,Finland,,4,,8,120,NVMe,,1000,749,RUB,month,8.87,true,true,BNB; BTC; DOGE; ETH; LTC; SOL; TON; TRX; USDC; USDT; MIR; Mastercard; VISA; SBP; PayPal,https://xorek.cloud/ru/vps?group=FI&price_max=2949,2026-08-30
xorek:xorek-de-de-r9-8-5-germany-4,Xorek,DE-R9-8,,Germany,DE,Germany,,4,,8,120,NVMe,,1000,749,RUB,month,8.87,true,true,BNB; BTC; DOGE; ETH; LTC; SOL; TON; TRX; USDC; USDT; MIR; Mastercard; VISA; SBP; PayPal,https://xorek.cloud/ru/vps?group=DE&price_max=2949,2026-08-30
xorek:xorek-de-de-r9-8-5-germany-4,Xorek,NL-R9-8,,Netherlands,NL,Netherlands,,4,,8,120,NVMe,,1000,749,RUB,month,8.87,true,true,BNB; BTC; DOGE; ETH; LTC; SOL; TON; TRX; USDC; USDT; MIR; Mastercard; VISA; SBP; PayPal,https://xorek.cloud/ru/vps?group=NL&price_max=2949,2026-08-30
netcup:netcup-vps-arm64-vps-1000-arm-g11-nuremberg-vienna-manassas-amsterdam-12,netcup,VPS 1000 ARM G11,,Austria,AT,Nuremberg/Vienna/Manassas/Amsterdam,,6,,8,256,NVMe,unlimited,2500,7.77,EUR,month,8.91,false,false,Bank card; PayPal; SEPA; Bank transfer,https://www.netcup.com/en/server/arm-server,2026-08-30
netcup:netcup-vps-arm64-vps-1000-arm-g11-nuremberg-vienna-manassas-amsterdam-12,netcup,VPS 1000 ARM G11,,Germany,DE,Nuremberg/Vienna/Manassas/Amsterdam,,6,,8,256,NVMe,unlimited,2500,7.77,EUR,month,8.91,false,false,Bank card; PayPal; SEPA; Bank transfer,https://www.netcup.com/en/server/arm-server,2026-08-30
netcup:netcup-vps-arm64-vps-1000-arm-g11-nuremberg-vienna-manassas-amsterdam-12,netcup,VPS 1000 ARM G11,,Netherlands,NL,Nuremberg/Vienna/Manassas/Amsterdam,,6,,8,256,NVMe,unlimited,2500,7.77,EUR,month,8.91,false,false,Bank card; PayPal; SEPA; Bank transfer,https://www.netcup.com/en/server/arm-server,2026-08-30
netcup:netcup-vps-arm64-vps-1000-arm-g11-nuremberg-vienna-manassas-amsterdam-12,netcup,VPS 1000 ARM G11,,USA,US,Nuremberg/Vienna/Manassas/Amsterdam,,6,,8,256,NVMe,unlimited,2500,7.77,EUR,month,8.91,false,false,Bank card; PayPal; SEPA; Bank transfer,https://www.netcup.com/en/server/arm-server,2026-08-30
firstbyte:firstbyte-eu-kvm-ssd-2-fin-row-20,Firstbyte,EU-KVM-SSD-2-SOF,,Bulgaria,BG,"Болгария, София",,2,,2,20,SSD,5,200,759,RUB,month,8.99,true,true,BNB; BTC; DOGE; ETH; LTC; SOL; TON; TRX; USDT; MIR; Mastercard; VISA; SBP; PayPal; YooMoney,https://firstbyte.ru/vps-vds/bulgaria/,2026-08-30
firstbyte:firstbyte-eu-kvm-ssd-2-fin-row-20,Firstbyte,EU-KVM-SSD-2-FIN,,Finland,FI,"Финляндия, Хельсинки",,2,,2,20,SSD,5,200,759,RUB,month,8.99,true,true,BNB; BTC; DOGE; ETH; LTC; SOL; TON; TRX; USDT; MIR; Mastercard; VISA; SBP; PayPal; YooMoney,https://firstbyte.ru/vps-vds/finland/,2026-08-30
firstbyte:firstbyte-eu-kvm-ssd-2-fin-row-20,Firstbyte,EU-KVM-SSD-2-PAR,,France,FR,"Франция, Париж",,2,,2,20,SSD,5,200,759,RUB,month,8.99,true,true,BNB; BTC; DOGE; ETH; LTC; SOL; TON; TRX; USDT; MIR; Mastercard; VISA; SBP; PayPal; YooMoney,https://firstbyte.ru/vps-vds/france/,2026-08-30
firstbyte:firstbyte-eu-kvm-ssd-2-fin-row-20,Firstbyte,EU-KVM-SSD-2-FRA,,Germany,DE,"Германия, Франкфурт",,2,,2,20,SSD,5,200,759,RUB,month,8.99,true,true,BNB; BTC; DOGE; ETH; LTC; SOL; TON; TRX; USDT; MIR; Mastercard; VISA; SBP; PayPal; YooMoney,https://firstbyte.ru/vps-vds/germany/,2026-08-30
firstbyte:firstbyte-eu-kvm-ssd-2-fin-row-20,Firstbyte,KVM-SSD-2-TK2,,Japan,JP,"Япония, Токио",,2,,2,20,SSD,5,200,759,RUB,month,8.99,true,true,BNB; BTC; DOGE; ETH; LTC; SOL; TON; TRX; USDT; MIR; Mastercard; VISA; SBP; PayPal; YooMoney,https://firstbyte.ru/vps-vds/japan/,2026-08-30
firstbyte:firstbyte-eu-kvm-ssd-2-fin-row-20,Firstbyte,EU-KVM-SSD-2-AMS,,Netherlands,NL,"Нидерланды, Амстердам",,2,,2,20,SSD,5,200,759,RUB,month,8.99,true,true,BNB; BTC; DOGE; ETH; LTC; SOL; TON; TRX; USDT; MIR; Mastercard; VISA; SBP; PayPal; YooMoney,https://firstbyte.ru/vps-vds/netherlands/,2026-08-30
firstbyte:firstbyte-eu-kvm-ssd-2-fin-row-20,Firstbyte,KVM-SSD-2-SG2,,Singapore,SG,Сингапур,,2,,2,20,SSD,5,200,759,RUB,month,8.99,true,true,BNB; BTC; DOGE; ETH; LTC; SOL; TON; TRX; USDT; MIR; Mastercard; VISA; SBP; PayPal; YooMoney,https://firstbyte.ru/vps-vds/kvm-ssd-asia/,2026-08-30
firstbyte:firstbyte-eu-kvm-ssd-2-fin-row-20,Firstbyte,EU-KVM-SSD-2-MAD,,Spain,ES,"Испания, Мадрид",,2,,2,20,SSD,5,200,759,RUB,month,8.99,true,true,BNB; BTC; DOGE; ETH; LTC; SOL; TON; TRX; USDT; MIR; Mastercard; VISA; SBP; PayPal; YooMoney,https://firstbyte.ru/vps-vds/spain/,2026-08-30
firstbyte:firstbyte-eu-kvm-ssd-2-fin-row-20,Firstbyte,KVM-SSD-2-DB2,,UAE,AE,"ОАЭ, Дубай",,2,,2,20,SSD,5,200,759,RUB,month,8.99,true,true,BNB; BTC; DOGE; ETH; LTC; SOL; TON; TRX; USDT; MIR; Mastercard; VISA; SBP; PayPal; YooMoney,https://firstbyte.ru/vps-vds/oae/,2026-08-30
firstbyte:firstbyte-eu-kvm-ssd-2-fin-row-20,Firstbyte,US-KVM-SSD-22,,USA,US,"США, Нью-Йорк",,2,,2,20,SSD,5,200,759,RUB,month,8.99,true,true,BNB; BTC; DOGE; ETH; LTC; SOL; TON; TRX; USDT; MIR; Mastercard; VISA; SBP; PayPal; YooMoney,https://firstbyte.ru/vps-vds/kvm-ssd-us/,2026-08-30
vultr:vultr-vhf-1c-1gb-sao-sao-20,Vultr,High Frequency 1C-1G,,Brazil,BR,sao,,1,,1,32,,1,,9,USD,month,9,false,false,Mastercard; VISA; PayPal,https://www.vultr.com/pricing/,2026-08-30
vultr:vultr-vhp-1c-1gb-amd-sao-sao-34,Vultr,High Performance AMD 1C-1G,,Brazil,BR,sao,,1,,1,25,,2,,9,USD,month,9,false,false,Mastercard; VISA; PayPal,https://www.vultr.com/pricing/,2026-08-30
vultr:vultr-vhp-1c-1gb-intel-sao-sao-50,Vultr,High Performance Intel 1C-1G,,Brazil,BR,sao,,1,,1,25,,2,,9,USD,month,9,false,false,Mastercard; VISA; PayPal,https://www.vultr.com/pricing/,2026-08-30
hostingvds:hostingvds-vds-kvm-nvme-amd-hi-cpu-4g-row-122,HostingVDS,Hi-CPU-4G,,Russia,RU,"Россия, Москва",,2,,4,45,NVMe,4,10000,7.89,EUR,month,9.04,true,true,BNB; BTC; DAI; ETH; LTC; POL; SOL; TON; TRX; USDC; USDT; MIR; SBP,https://my.hosting-vds.com/order/performance-vds-amd-epyc/34,2026-08-30
spacecore:spacecore-de-h20-germany-2,Spacecore,DE H20,,Germany,DE,Germany,,3,,4,40,SSD,20,5000,7.9,EUR,month,9.06,true,true,ADA; ARB; BCH; BNB; BTC; DAI; DOGE; ETH; IMX; LTC; POL; SHIB; SOL; TON; TRX; USDC; USDT; XLM; XRP; MIR; Mastercard; VISA; SEPA; SBP; PayPal,https://spacecore.pro/en/virtual-servers/,2026-08-30
spacecore:spacecore-de-h20-germany-2,Spacecore,NL H20,,Netherlands,NL,Netherlands,,3,,4,40,SSD,20,5000,7.9,EUR,month,9.06,true,true,ADA; ARB; BCH; BNB; BTC; DAI; DOGE; ETH; IMX; LTC; POL; SHIB; SOL; TON; TRX; USDC; USDT; XLM; XRP; MIR; Mastercard; VISA; SEPA; SBP; PayPal,https://spacecore.pro/en/virtual-servers/,2026-08-30
netcup:netcup-vps-lite-vps-lite-2-g12s-nuremberg-vienna-amsterdam-subject-to-availability-4,netcup,VPS Lite 2 G12s,,Austria,AT,Nuremberg/Vienna/Amsterdam subject to availability,,4,,8,160,SSD,,,7.92,EUR,month,9.08,false,false,Bank card; PayPal; SEPA; Bank transfer,https://www.netcup.com/en/server/vps-lite,2026-08-30
netcup:netcup-vps-lite-vps-lite-2-g12s-nuremberg-vienna-amsterdam-subject-to-availability-4,netcup,VPS Lite 2 G12s,,Germany,DE,Nuremberg/Vienna/Amsterdam subject to availability,,4,,8,160,SSD,,,7.92,EUR,month,9.08,false,false,Bank card; PayPal; SEPA; Bank transfer,https://www.netcup.com/en/server/vps-lite,2026-08-30
netcup:netcup-vps-lite-vps-lite-2-g12s-nuremberg-vienna-amsterdam-subject-to-availability-4,netcup,VPS Lite 2 G12s,,Netherlands,NL,Nuremberg/Vienna/Amsterdam subject to availability,,4,,8,160,SSD,,,7.92,EUR,month,9.08,false,false,Bank card; PayPal; SEPA; Bank transfer,https://www.netcup.com/en/server/vps-lite,2026-08-30
zomro:zomro-zomro-premium-essential-poland-31,Zomro,Premium Essential,,Germany,DE,Germany,,1,,2.5,15,,1,1000,7.95,EUR,month,9.11,true,true,BNB; BTC; ETH; SOL; TON; USDC; USDT; MIR; Mastercard; VISA; SBP; PayPal,https://zomro.com/vps,2026-08-30
zomro:zomro-zomro-premium-essential-poland-31,Zomro,Premium Essential,,Netherlands,NL,Netherlands,,1,,2.5,15,,1,1000,7.95,EUR,month,9.11,true,true,BNB; BTC; ETH; SOL; TON; USDC; USDT; MIR; Mastercard; VISA; SBP; PayPal,https://zomro.com/vps,2026-08-30
zomro:zomro-zomro-premium-essential-poland-31,Zomro,Premium Essential,,Poland,PL,Poland,,1,,2.5,15,,1,1000,7.95,EUR,month,9.11,true,true,BNB; BTC; ETH; SOL; TON; USDC; USDT; MIR; Mastercard; VISA; SBP; PayPal,https://zomro.com/vps,2026-08-30
zomro:zomro-zomro-premium-essential-poland-31,Zomro,Premium Essential,,USA,US,USA,,1,,2.5,15,,1,1000,7.95,EUR,month,9.11,true,true,BNB; BTC; ETH; SOL; TON; USDC; USDT; MIR; Mastercard; VISA; SBP; PayPal,https://zomro.com/vps,2026-08-30
hostkey:hostkey-vm-v3-pico-nl-fi-gb-es-it-us-fr-pl-ch-is-23,HOSTKEY,vm.v3-pico,,Finland,FI,"NL, FI, GB, ES, IT, US, FR, PL, CH, IS",,1,,2,40,NVMe,3,1000,8,EUR,month,9.17,true,false,VISA; Mastercard; American Express; UnionPay; PayPal; Alipay; WebMoney; BTC; Bank transfer,https://hostkey.com/vps/,2026-09-24
hostkey:hostkey-vm-v3-pico-nl-fi-gb-es-it-us-fr-pl-ch-is-23,HOSTKEY,vm.v3-pico,,France,FR,"NL, FI, GB, ES, IT, US, FR, PL, CH, IS",,1,,2,40,NVMe,3,1000,8,EUR,month,9.17,true,false,VISA; Mastercard; American Express; UnionPay; PayPal; Alipay; WebMoney; BTC; Bank transfer,https://hostkey.com/vps/,2026-09-24
hostkey:hostkey-vm-v3-pico-nl-fi-gb-es-it-us-fr-pl-ch-is-23,HOSTKEY,vm.v3-pico,,Italy,IT,"NL, FI, GB, ES, IT, US, FR, PL, CH, IS",,1,,2,40,NVMe,3,1000,8,EUR,month,9.17,true,false,VISA; Mastercard; American Express; UnionPay; PayPal; Alipay; WebMoney; BTC; Bank transfer,https://hostkey.com/vps/,2026-09-24
hostkey:hostkey-vm-v3-pico-nl-fi-gb-es-it-us-fr-pl-ch-is-23,HOSTKEY,vm.v3-pico,,Netherlands,NL,"NL, FI, GB, ES, IT, US, FR, PL, CH, IS",,1,,2,40,NVMe,3,1000,8,EUR,month,9.17,true,false,VISA; Mastercard; American Express; UnionPay; PayPal; Alipay; WebMoney; BTC; Bank transfer,https://hostkey.com/vps/,2026-09-24
hostkey:hostkey-vm-v3-pico-nl-fi-gb-es-it-us-fr-pl-ch-is-23,HOSTKEY,vm.v3-pico,,Poland,PL,"NL, FI, GB, ES, IT, US, FR, PL, CH, IS",,1,,2,40,NVMe,3,1000,8,EUR,month,9.17,true,false,VISA; Mastercard; American Express; UnionPay; PayPal; Alipay; WebMoney; BTC; Bank transfer,https://hostkey.com/vps/,2026-09-24
hostkey:hostkey-vm-v3-pico-nl-fi-gb-es-it-us-fr-pl-ch-is-23,HOSTKEY,vm.v3-pico,,Spain,ES,"NL, FI, GB, ES, IT, US, FR, PL, CH, IS",,1,,2,40,NVMe,3,1000,8,EUR,month,9.17,true,false,VISA; Mastercard; American Express; UnionPay; PayPal; Alipay; WebMoney; BTC; Bank transfer,https://hostkey.com/vps/,2026-09-24
hostkey:hostkey-vm-v3-pico-nl-fi-gb-es-it-us-fr-pl-ch-is-23,HOSTKEY,vm.v3-pico,,Switzerland,CH,"NL, FI, GB, ES, IT, US, FR, PL, CH, IS",,1,,2,40,NVMe,3,1000,8,EUR,month,9.17,true,false,VISA; Mastercard; American Express; UnionPay; PayPal; Alipay; WebMoney; BTC; Bank transfer,https://hostkey.com/vps/,2026-09-24
hostkey:hostkey-vm-v3-pico-nl-fi-gb-es-it-us-fr-pl-ch-is-23,HOSTKEY,vm.v3-pico,,United Kingdom,GB,"NL, FI, GB, ES, IT, US, FR, PL, CH, IS",,1,,2,40,NVMe,3,1000,8,EUR,month,9.17,true,false,VISA; Mastercard; American Express; UnionPay; PayPal; Alipay; WebMoney; BTC; Bank transfer,https://hostkey.com/vps/,2026-09-24
hostkey:hostkey-vm-v3-pico-nl-fi-gb-es-it-us-fr-pl-ch-is-23,HOSTKEY,vm.v3-pico,,USA,US,"NL, FI, GB, ES, IT, US, FR, PL, CH, IS",,1,,2,40,NVMe,3,1000,8,EUR,month,9.17,true,false,VISA; Mastercard; American Express; UnionPay; PayPal; Alipay; WebMoney; BTC; Bank transfer,https://hostkey.com/vps/,2026-09-24
smartape:smartape-linux-nvme-nvme-x1-40gb-datapro-moscow-i-ru-9,SmartApe,NVMe X1 · 40 GB,,Czech Republic,CZ,Host-Telecom (CZ),Linux,2,,1,40,NVMe,unlimited,200,795,RUB,month,9.42,true,true,BNB; BTC; DOGE; ETH; HUMO; JCB; LTC; SOL; TRX; USDC; APRA; MIR; Mastercard; VISA; PayPal,https://www.smartape.ru/ssd-vps,2026-08-30
smartape:smartape-linux-nvme-nvme-x1-40gb-datapro-moscow-i-ru-9,SmartApe,NVMe X1 · 40 GB,,Israel,IL,Partner Group (IL),Linux,2,,1,40,NVMe,unlimited,200,795,RUB,month,9.42,true,true,BNB; BTC; DOGE; ETH; HUMO; JCB; LTC; SOL; TRX; USDC; APRA; MIR; Mastercard; VISA; PayPal,https://www.smartape.ru/ssd-vps,2026-08-30
smartape:smartape-linux-nvme-nvme-x1-40gb-datapro-moscow-i-ru-9,SmartApe,NVMe X1 · 40 GB,,Russia,RU,DataPro Moscow I (RU),Linux,2,,1,40,NVMe,unlimited,200,795,RUB,month,9.42,true,true,BNB; BTC; DOGE; ETH; HUMO; JCB; LTC; SOL; TRX; USDC; APRA; MIR; Mastercard; VISA; PayPal,https://www.smartape.ru/ssd-vps,2026-08-30
firstbyte:firstbyte-msk-kvm-ssd-6-vl-row-7,Firstbyte,MSK-KVM-SSD-6 VL,,Russia,RU,"Россия, Москва",,5,,4,80,SSD,12,200,799,RUB,month,9.47,true,true,BNB; BTC; DOGE; ETH; LTC; SOL; TON; TRX; USDT; MIR; Mastercard; VISA; SBP; PayPal; YooMoney,https://firstbyte.ru/vps-vds/kvm-ssd/,2026-08-30
firstbyte:firstbyte-msk-kvm-ssd-6-row-112,Firstbyte,MSK-KVM-SSD-6,,Russia,RU,"Россия, Москва",,5,,4,80,SSD,unlimited,,799,RUB,month,9.47,true,true,BNB; BTC; DOGE; ETH; LTC; SOL; TON; TRX; USDT; MIR; Mastercard; VISA; SBP; PayPal; YooMoney,https://firstbyte.ru/vps-vds/windows/,2026-08-30
waicore:waicore-amd-epyc-9454-ep1-germany-frankfurt-am-main-1,WAICORE,EP1,,Germany,DE,"Germany, Frankfurt am Main",,1,,2,30,,50,2500,800,RUB,month,9.48,,,,https://waicore.com/prices?tab=virtual,2026-08-30
beget:beget-standard-2-2-30-russia-saint-petersburg-3,Beget,Standard 2-2-30,,Russia,RU,"Russia, Saint Petersburg",,2,,2,30,NVMe,,1000,27,RUB,day,9.6,false,true,Bank card; SBP; YooMoney; Bank transfer,https://beget.com/ru/vps,2026-08-30
beget:beget-high-frequency-1-1-20-russia-saint-petersburg-8,Beget,High Frequency 1-1-20,,Russia,RU,"Russia, Saint Petersburg",,1,,1,20,NVMe,,1000,27,RUB,day,9.6,false,true,Bank card; SBP; YooMoney; Bank transfer,https://beget.com/ru/vps,2026-08-30
aeza:aeza-411-18-vienna-16,Aeza,VIE-1,,Austria,AT,18-VIENNA,,1,,2,30,,unlimited,1000,8.49,EUR,month,9.73,true,true,BNB; BTC; ETH; LTC; SOL; TON; TRX; USDT; MIR; Mastercard; VISA,https://aeza.net/ru/virtual-servers,2026-08-30
aeza:aeza-411-18-vienna-16,Aeza,HEL-1,,Finland,FI,34-HELSINKI,,1,,2,30,,unlimited,1000,8.49,EUR,month,9.73,true,true,BNB; BTC; ETH; LTC; SOL; TON; TRX; USDT; MIR; Mastercard; VISA,https://aeza.net/ru/virtual-servers,2026-08-30
aeza:aeza-401-40-paris-46,Aeza,PAR-1,,France,FR,40-PARIS,,1,,2,30,,,1000,8.49,EUR,month,9.73,true,true,BNB; BTC; ETH; LTC; SOL; TON; TRX; USDT; MIR; Mastercard; VISA,https://aeza.net/ru/virtual-servers,2026-08-30
aeza:aeza-148-17-moscow-1,Aeza,MSK-1,SPB-1,Russia,RU,17-MOSCOW; 65-SAINT-PETERSBURG,,1,,2,30,,unlimited,25000,8.49,EUR,month,9.73,true,true,BNB; BTC; ETH; LTC; SOL; TON; TRX; USDT; MIR; Mastercard; VISA,https://aeza.net/ru/virtual-servers,2026-08-30
aeza:aeza-411-18-vienna-16,Aeza,SWE-1,,Sweden,SE,37-STOCKHOLM,,1,,2,30,,unlimited,1000,8.49,EUR,month,9.73,true,true,BNB; BTC; ETH; LTC; SOL; TON; TRX; USDT; MIR; Mastercard; VISA,https://aeza.net/ru/virtual-servers,2026-08-30
aeza:aeza-385-51-london-51,Aeza,LNDs-1,,United Kingdom,GB,51-LONDON,,1,,2,30,,unlimited,1000,8.51,EUR,month,9.76,true,true,BNB; BTC; ETH; LTC; SOL; TON; TRX; USDT; MIR; Mastercard; VISA,https://aeza.net/ru/virtual-servers,2026-08-30
selectel:selectel-selectel-shared-2vcpu-2gb-10nvme-row-43,Selectel,Shared 2C-2G (10% vCPU),,Russia,RU,"Россия, Москва / Санкт-Петербург",,2,10,2,10,Network SSD,3,3000,828.23,RUB,month,9.81,false,true,MIR; VISA; Mastercard; SBP; YooMoney; Bank transfer,https://selectel.ru/prices/calculator/,2026-09-22
xorek:xorek-de-de-r9-10-6-germany-5,Xorek,DE-R9-10,,Germany,DE,Germany,,6,,10,100,NVMe,,1000,829,RUB,month,9.82,true,true,BNB; BTC; DOGE; ETH; LTC; SOL; TON; TRX; USDC; USDT; MIR; Mastercard; VISA; SBP; PayPal,https://xorek.cloud/ru/vps?group=DE&price_max=2949,2026-08-30
xorek:xorek-de-de-r9-10-6-germany-5,Xorek,NL-R9-10,,Netherlands,NL,Netherlands,,6,,10,100,NVMe,,1000,829,RUB,month,9.82,true,true,BNB; BTC; DOGE; ETH; LTC; SOL; TON; TRX; USDC; USDT; MIR; Mastercard; VISA; SBP; PayPal,https://xorek.cloud/ru/vps?group=NL&price_max=2949,2026-08-30
datacheap:datacheap-vps-advanced-nvme-row-4,DataCheap,VPS Advanced NVMe,,Russia,RU,"Россия, Москва",,4,,4,50,NVMe,unlimited,10000,840,RUB,month,9.95,false,true,Bank card; SBP; PayPal; Bank transfer,https://datacheap.ru/services/arenda-vps-vds-serverov/,2026-08-30
datacheap:datacheap-hi-cpu-medium-nvme-row-9,DataCheap,HI-CPU Medium NVMe,,Russia,RU,"Россия, Москва",,2,,2,40,NVMe,unlimited,10000,840,RUB,month,9.95,false,true,Bank card; SBP; PayPal; Bank transfer,https://datacheap.ru/services/arenda-vps-vds-serverov/,2026-08-30
smartape:smartape-linux-nvme-nvme-x2-20gb-datapro-moscow-i-ru-17,SmartApe,NVMe X2 · 20 GB,,Czech Republic,CZ,Host-Telecom (CZ),Linux; Windows,4,,2,20,NVMe,unlimited,200,840,RUB,month,9.95,true,true,BNB; BTC; DOGE; ETH; HUMO; JCB; LTC; SOL; TRX; USDC; APRA; MIR; Mastercard; VISA; PayPal,https://www.smartape.ru/ssd-vps,2026-08-30
smartape:smartape-linux-nvme-nvme-x2-20gb-datapro-moscow-i-ru-17,SmartApe,NVMe X2 · 20 GB,,Israel,IL,Partner Group (IL),Linux; Windows,4,,2,20,NVMe,unlimited,200,840,RUB,month,9.95,true,true,BNB; BTC; DOGE; ETH; HUMO; JCB; LTC; SOL; TRX; USDC; APRA; MIR; Mastercard; VISA; PayPal,https://www.smartape.ru/ssd-vps,2026-08-30
smartape:smartape-linux-nvme-nvme-x2-20gb-datapro-moscow-i-ru-17,SmartApe,NVMe X2 · 20 GB,,Russia,RU,DataPro Moscow I (RU),Linux; Windows,4,,2,20,NVMe,unlimited,200,840,RUB,month,9.95,true,true,BNB; BTC; DOGE; ETH; HUMO; JCB; LTC; SOL; TRX; USDC; APRA; MIR; Mastercard; VISA; PayPal,https://www.smartape.ru/ssd-vps,2026-08-30
hostingvds:hostingvds-hi-memory-vds-kvm-nvme-memory-8g-selectel-105,HostingVDS,MEMORY-8G,,Russia,RU,"Россия, Москва - Selectel",,2,,8,45,NVMe,3,10000,8.69,EUR,month,9.96,true,true,BNB; BTC; DAI; ETH; LTC; POL; SOL; TON; TRX; USDC; USDT; MIR; SBP,https://my.hosting-vds.com/order/memory-vds-kvm-nvme/18,2026-08-30
hostkey:hostkey-vm-v3-nano-nl-fi-gb-es-it-us-fr-pl-ch-is-22,HOSTKEY,vm.v3-nano,,Finland,FI,"NL, FI, GB, ES, IT, US, FR, PL, CH, IS",,2,,4,60,NVMe,3,1000,8.71,EUR,month,9.98,true,false,VISA; Mastercard; American Express; UnionPay; PayPal; Alipay; WebMoney; BTC; Bank transfer,https://hostkey.com/vps/,2026-09-24
hostkey:hostkey-vm-v3-nano-nl-fi-gb-es-it-us-fr-pl-ch-is-22,HOSTKEY,vm.v3-nano,,France,FR,"NL, FI, GB, ES, IT, US, FR, PL, CH, IS",,2,,4,60,NVMe,3,1000,8.71,EUR,month,9.98,true,false,VISA; Mastercard; American Express; UnionPay; PayPal; Alipay; WebMoney; BTC; Bank transfer,https://hostkey.com/vps/,2026-09-24
hostkey:hostkey-vm-v3-nano-nl-fi-gb-es-it-us-fr-pl-ch-is-22,HOSTKEY,vm.v3-nano,,Italy,IT,"NL, FI, GB, ES, IT, US, FR, PL, CH, IS",,2,,4,60,NVMe,3,1000,8.71,EUR,month,9.98,true,false,VISA; Mastercard; American Express; UnionPay; PayPal; Alipay; WebMoney; BTC; Bank transfer,https://hostkey.com/vps/,2026-09-24
hostkey:hostkey-vm-v3-nano-nl-fi-gb-es-it-us-fr-pl-ch-is-22,HOSTKEY,vm.v3-nano,,Netherlands,NL,"NL, FI, GB, ES, IT, US, FR, PL, CH, IS",,2,,4,60,NVMe,3,1000,8.71,EUR,month,9.98,true,false,VISA; Mastercard; American Express; UnionPay; PayPal; Alipay; WebMoney; BTC; Bank transfer,https://hostkey.com/vps/,2026-09-24
hostkey:hostkey-vm-v3-nano-nl-fi-gb-es-it-us-fr-pl-ch-is-22,HOSTKEY,vm.v3-nano,,Poland,PL,"NL, FI, GB, ES, IT, US, FR, PL, CH, IS",,2,,4,60,NVMe,3,1000,8.71,EUR,month,9.98,true,false,VISA; Mastercard; American Express; UnionPay; PayPal; Alipay; WebMoney; BTC; Bank transfer,https://hostkey.com/vps/,2026-09-24
hostkey:hostkey-vm-v3-nano-nl-fi-gb-es-it-us-fr-pl-ch-is-22,HOSTKEY,vm.v3-nano,,Spain,ES,"NL, FI, GB, ES, IT, US, FR, PL, CH, IS",,2,,4,60,NVMe,3,1000,8.71,EUR,month,9.98,true,false,VISA; Mastercard; American Express; UnionPay; PayPal; Alipay; WebMoney; BTC; Bank transfer,https://hostkey.com/vps/,2026-09-24
hostkey:hostkey-vm-v3-nano-nl-fi-gb-es-it-us-fr-pl-ch-is-22,HOSTKEY,vm.v3-nano,,Switzerland,CH,"NL, FI, GB, ES, IT, US, FR, PL, CH, IS",,2,,4,60,NVMe,3,1000,8.71,EUR,month,9.98,true,false,VISA; Mastercard; American Express; UnionPay; PayPal; Alipay; WebMoney; BTC; Bank transfer,https://hostkey.com/vps/,2026-09-24
hostkey:hostkey-vm-v3-nano-nl-fi-gb-es-it-us-fr-pl-ch-is-22,HOSTKEY,vm.v3-nano,,United Kingdom,GB,"NL, FI, GB, ES, IT, US, FR, PL, CH, IS",,2,,4,60,NVMe,3,1000,8.71,EUR,month,9.98,true,false,VISA; Mastercard; American Express; UnionPay; PayPal; Alipay; WebMoney; BTC; Bank transfer,https://hostkey.com/vps/,2026-09-24
hostkey:hostkey-vm-v3-nano-nl-fi-gb-es-it-us-fr-pl-ch-is-22,HOSTKEY,vm.v3-nano,,USA,US,"NL, FI, GB, ES, IT, US, FR, PL, CH, IS",,2,,4,60,NVMe,3,1000,8.71,EUR,month,9.98,true,false,VISA; Mastercard; American Express; UnionPay; PayPal; Alipay; WebMoney; BTC; Bank transfer,https://hostkey.com/vps/,2026-09-24
ovhcloud-nl:ovhcloud-nl-vps-2-netherlands-2,OVHcloud NL,VPS-2,,Netherlands,NL,Netherlands,,4,,8,75,NVMe,unlimited,1000,8.72,EUR,month,10,false,false,VISA; Mastercard; American Express; PayPal; SEPA; Bank transfer,https://www.ovhcloud.com/nl/vps/,2026-08-30
vultr:vultr-vc2-1c-2gb-ewr-ord-dfw-sea-lax-atl-ams-lhr-fra-sjc-syd-yto-cdg-nrt-waw-mad-icn-mia-sgp-sto-mex-mel-bom-jnb-tlv-blr-del-scl-itm-man-5,Vultr,Cloud Compute 1C-2G,,Australia,AU,"ewr, ord, dfw, sea, lax, atl, ams, lhr, fra, sjc, syd, yto, cdg, nrt, waw, mad, icn, mia, sgp, sto, mex, mel, bom, jnb, tlv, blr, del, scl, itm, man",,1,,2,55,SSD,2,,10,USD,month,10,false,false,Mastercard; VISA; PayPal,https://www.vultr.com/pricing/,2026-08-30
vultr:vultr-vc2-1c-2gb-ewr-ord-dfw-sea-lax-atl-ams-lhr-fra-sjc-syd-yto-cdg-nrt-waw-mad-icn-mia-sgp-sto-mex-mel-bom-jnb-tlv-blr-del-scl-itm-man-5,Vultr,Cloud Compute 1C-2G,,Canada,CA,"ewr, ord, dfw, sea, lax, atl, ams, lhr, fra, sjc, syd, yto, cdg, nrt, waw, mad, icn, mia, sgp, sto, mex, mel, bom, jnb, tlv, blr, del, scl, itm, man",,1,,2,55,SSD,2,,10,USD,month,10,false,false,Mastercard; VISA; PayPal,https://www.vultr.com/pricing/,2026-08-30
vultr:vultr-vc2-1c-2gb-ewr-ord-dfw-sea-lax-atl-ams-lhr-fra-sjc-syd-yto-cdg-nrt-waw-mad-icn-mia-sgp-sto-mex-mel-bom-jnb-tlv-blr-del-scl-itm-man-5,Vultr,Cloud Compute 1C-2G,,Chile,CL,"ewr, ord, dfw, sea, lax, atl, ams, lhr, fra, sjc, syd, yto, cdg, nrt, waw, mad, icn, mia, sgp, sto, mex, mel, bom, jnb, tlv, blr, del, scl, itm, man",,1,,2,55,SSD,2,,10,USD,month,10,false,false,Mastercard; VISA; PayPal,https://www.vultr.com/pricing/,2026-08-30
vultr:vultr-vc2-1c-2gb-ewr-ord-dfw-sea-lax-atl-ams-lhr-fra-sjc-syd-yto-cdg-nrt-waw-mad-icn-mia-sgp-sto-mex-mel-bom-jnb-tlv-blr-del-scl-itm-man-5,Vultr,Cloud Compute 1C-2G,,France,FR,"ewr, ord, dfw, sea, lax, atl, ams, lhr, fra, sjc, syd, yto, cdg, nrt, waw, mad, icn, mia, sgp, sto, mex, mel, bom, jnb, tlv, blr, del, scl, itm, man",,1,,2,55,SSD,2,,10,USD,month,10,false,false,Mastercard; VISA; PayPal,https://www.vultr.com/pricing/,2026-08-30
vultr:vultr-vc2-1c-2gb-ewr-ord-dfw-sea-lax-atl-ams-lhr-fra-sjc-syd-yto-cdg-nrt-waw-mad-icn-mia-sgp-sto-mex-mel-bom-jnb-tlv-blr-del-scl-itm-man-5,Vultr,Cloud Compute 1C-2G,,Germany,DE,"ewr, ord, dfw, sea, lax, atl, ams, lhr, fra, sjc, syd, yto, cdg, nrt, waw, mad, icn, mia, sgp, sto, mex, mel, bom, jnb, tlv, blr, del, scl, itm, man",,1,,2,55,SSD,2,,10,USD,month,10,false,false,Mastercard; VISA; PayPal,https://www.vultr.com/pricing/,2026-08-30
vultr:vultr-vc2-1c-2gb-ewr-ord-dfw-sea-lax-atl-ams-lhr-fra-sjc-syd-yto-cdg-nrt-waw-mad-icn-mia-sgp-sto-mex-mel-bom-jnb-tlv-blr-del-scl-itm-man-5,Vultr,Cloud Compute 1C-2G,,India,IN,"ewr, ord, dfw, sea, lax, atl, ams, lhr, fra, sjc, syd, yto, cdg, nrt, waw, mad, icn, mia, sgp, sto, mex, mel, bom, jnb, tlv, blr, del, scl, itm, man",,1,,2,55,SSD,2,,10,USD,month,10,false,false,Mastercard; VISA; PayPal,https://www.vultr.com/pricing/,2026-08-30
vultr:vultr-vc2-1c-2gb-ewr-ord-dfw-sea-lax-atl-ams-lhr-fra-sjc-syd-yto-cdg-nrt-waw-mad-icn-mia-sgp-sto-mex-mel-bom-jnb-tlv-blr-del-scl-itm-man-5,Vultr,Cloud Compute 1C-2G,,Israel,IL,"ewr, ord, dfw, sea, lax, atl, ams, lhr, fra, sjc, syd, yto, cdg, nrt, waw, mad, icn, mia, sgp, sto, mex, mel, bom, jnb, tlv, blr, del, scl, itm, man",,1,,2,55,SSD,2,,10,USD,month,10,false,false,Mastercard; VISA; PayPal,https://www.vultr.com/pricing/,2026-08-30
vultr:vultr-vc2-1c-2gb-ewr-ord-dfw-sea-lax-atl-ams-lhr-fra-sjc-syd-yto-cdg-nrt-waw-mad-icn-mia-sgp-sto-mex-mel-bom-jnb-tlv-blr-del-scl-itm-man-5,Vultr,Cloud Compute 1C-2G,,Japan,JP,"ewr, ord, dfw, sea, lax, atl, ams, lhr, fra, sjc, syd, yto, cdg, nrt, waw, mad, icn, mia, sgp, sto, mex, mel, bom, jnb, tlv, blr, del, scl, itm, man",,1,,2,55,SSD,2,,10,USD,month,10,false,false,Mastercard; VISA; PayPal,https://www.vultr.com/pricing/,2026-08-30
vultr:vultr-vc2-1c-2gb-ewr-ord-dfw-sea-lax-atl-ams-lhr-fra-sjc-syd-yto-cdg-nrt-waw-mad-icn-mia-sgp-sto-mex-mel-bom-jnb-tlv-blr-del-scl-itm-man-5,Vultr,Cloud Compute 1C-2G,,Mexico,MX,"ewr, ord, dfw, sea, lax, atl, ams, lhr, fra, sjc, syd, yto, cdg, nrt, waw, mad, icn, mia, sgp, sto, mex, mel, bom, jnb, tlv, blr, del, scl, itm, man",,1,,2,55,SSD,2,,10,USD,month,10,false,false,Mastercard; VISA; PayPal,https://www.vultr.com/pricing/,2026-08-30
vultr:vultr-vc2-1c-2gb-ewr-ord-dfw-sea-lax-atl-ams-lhr-fra-sjc-syd-yto-cdg-nrt-waw-mad-icn-mia-sgp-sto-mex-mel-bom-jnb-tlv-blr-del-scl-itm-man-5,Vultr,Cloud Compute 1C-2G,,Netherlands,NL,"ewr, ord, dfw, sea, lax, atl, ams, lhr, fra, sjc, syd, yto, cdg, nrt, waw, mad, icn, mia, sgp, sto, mex, mel, bom, jnb, tlv, blr, del, scl, itm, man",,1,,2,55,SSD,2,,10,USD,month,10,false,false,Mastercard; VISA; PayPal,https://www.vultr.com/pricing/,2026-08-30
vultr:vultr-vc2-1c-2gb-ewr-ord-dfw-sea-lax-atl-ams-lhr-fra-sjc-syd-yto-cdg-nrt-waw-mad-icn-mia-sgp-sto-mex-mel-bom-jnb-tlv-blr-del-scl-itm-man-5,Vultr,Cloud Compute 1C-2G,,Poland,PL,"ewr, ord, dfw, sea, lax, atl, ams, lhr, fra, sjc, syd, yto, cdg, nrt, waw, mad, icn, mia, sgp, sto, mex, mel, bom, jnb, tlv, blr, del, scl, itm, man",,1,,2,55,SSD,2,,10,USD,month,10,false,false,Mastercard; VISA; PayPal,https://www.vultr.com/pricing/,2026-08-30
vultr:vultr-vc2-1c-2gb-ewr-ord-dfw-sea-lax-atl-ams-lhr-fra-sjc-syd-yto-cdg-nrt-waw-mad-icn-mia-sgp-sto-mex-mel-bom-jnb-tlv-blr-del-scl-itm-man-5,Vultr,Cloud Compute 1C-2G,,Singapore,SG,"ewr, ord, dfw, sea, lax, atl, ams, lhr, fra, sjc, syd, yto, cdg, nrt, waw, mad, icn, mia, sgp, sto, mex, mel, bom, jnb, tlv, blr, del, scl, itm, man",,1,,2,55,SSD,2,,10,USD,month,10,false,false,Mastercard; VISA; PayPal,https://www.vultr.com/pricing/,2026-08-30
vultr:vultr-vc2-1c-2gb-ewr-ord-dfw-sea-lax-atl-ams-lhr-fra-sjc-syd-yto-cdg-nrt-waw-mad-icn-mia-sgp-sto-mex-mel-bom-jnb-tlv-blr-del-scl-itm-man-5,Vultr,Cloud Compute 1C-2G,,South Africa,ZA,"ewr, ord, dfw, sea, lax, atl, ams, lhr, fra, sjc, syd, yto, cdg, nrt, waw, mad, icn, mia, sgp, sto, mex, mel, bom, jnb, tlv, blr, del, scl, itm, man",,1,,2,55,SSD,2,,10,USD,month,10,false,false,Mastercard; VISA; PayPal,https://www.vultr.com/pricing/,2026-08-30
vultr:vultr-vc2-1c-2gb-ewr-ord-dfw-sea-lax-atl-ams-lhr-fra-sjc-syd-yto-cdg-nrt-waw-mad-icn-mia-sgp-sto-mex-mel-bom-jnb-tlv-blr-del-scl-itm-man-5,Vultr,Cloud Compute 1C-2G,,South Korea,KR,"ewr, ord, dfw, sea, lax, atl, ams, lhr, fra, sjc, syd, yto, cdg, nrt, waw, mad, icn, mia, sgp, sto, mex, mel, bom, jnb, tlv, blr, del, scl, itm, man",,1,,2,55,SSD,2,,10,USD,month,10,false,false,Mastercard; VISA; PayPal,https://www.vultr.com/pricing/,2026-08-30
vultr:vultr-vc2-1c-2gb-ewr-ord-dfw-sea-lax-atl-ams-lhr-fra-sjc-syd-yto-cdg-nrt-waw-mad-icn-mia-sgp-sto-mex-mel-bom-jnb-tlv-blr-del-scl-itm-man-5,Vultr,Cloud Compute 1C-2G,,Spain,ES,"ewr, ord, dfw, sea, lax, atl, ams, lhr, fra, sjc, syd, yto, cdg, nrt, waw, mad, icn, mia, sgp, sto, mex, mel, bom, jnb, tlv, blr, del, scl, itm, man",,1,,2,55,SSD,2,,10,USD,month,10,false,false,Mastercard; VISA; PayPal,https://www.vultr.com/pricing/,2026-08-30
vultr:vultr-vc2-1c-2gb-ewr-ord-dfw-sea-lax-atl-ams-lhr-fra-sjc-syd-yto-cdg-nrt-waw-mad-icn-mia-sgp-sto-mex-mel-bom-jnb-tlv-blr-del-scl-itm-man-5,Vultr,Cloud Compute 1C-2G,,Sweden,SE,"ewr, ord, dfw, sea, lax, atl, ams, lhr, fra, sjc, syd, yto, cdg, nrt, waw, mad, icn, mia, sgp, sto, mex, mel, bom, jnb, tlv, blr, del, scl, itm, man",,1,,2,55,SSD,2,,10,USD,month,10,false,false,Mastercard; VISA; PayPal,https://www.vultr.com/pricing/,2026-08-30
vultr:vultr-vc2-1c-2gb-ewr-ord-dfw-sea-lax-atl-ams-lhr-fra-sjc-syd-yto-cdg-nrt-waw-mad-icn-mia-sgp-sto-mex-mel-bom-jnb-tlv-blr-del-scl-itm-man-5,Vultr,Cloud Compute 1C-2G,,United Kingdom,GB,"ewr, ord, dfw, sea, lax, atl, ams, lhr, fra, sjc, syd, yto, cdg, nrt, waw, mad, icn, mia, sgp, sto, mex, mel, bom, jnb, tlv, blr, del, scl, itm, man",,1,,2,55,SSD,2,,10,USD,month,10,false,false,Mastercard; VISA; PayPal,https://www.vultr.com/pricing/,2026-08-30
vultr:vultr-vc2-1c-2gb-ewr-ord-dfw-sea-lax-atl-ams-lhr-fra-sjc-syd-yto-cdg-nrt-waw-mad-icn-mia-sgp-sto-mex-mel-bom-jnb-tlv-blr-del-scl-itm-man-5,Vultr,Cloud Compute 1C-2G,,USA,US,"ewr, ord, dfw, sea, lax, atl, ams, lhr, fra, sjc, syd, yto, cdg, nrt, waw, mad, icn, mia, sgp, sto, mex, mel, bom, jnb, tlv, blr, del, scl, itm, man",,1,,2,55,SSD,2,,10,USD,month,10,false,false,Mastercard; VISA; PayPal,https://www.vultr.com/pricing/,2026-08-30
firstbyte:firstbyte-msk-kvm-ssd-7-vl-row-8,Firstbyte,MSK-KVM-SSD-7 VL,,Russia,RU,"Россия, Москва",,5,,6,90,SSD,15,200,859,RUB,month,10.18,true,true,BNB; BTC; DOGE; ETH; LTC; SOL; TON; TRX; USDT; MIR; Mastercard; VISA; SBP; PayPal; YooMoney,https://firstbyte.ru/vps-vds/kvm-ssd/,2026-08-30
firstbyte:firstbyte-msk-kvm-sas-7-row-84,Firstbyte,MSK-KVM-SAS-7,,Russia,RU,"Россия, Москва",,5,,6,180,SAS+SSD,15,200,859,RUB,month,10.18,true,true,BNB; BTC; DOGE; ETH; LTC; SOL; TON; TRX; USDT; MIR; Mastercard; VISA; SBP; PayPal; YooMoney,https://firstbyte.ru/vps-vds/kvm-sas/,2026-08-30
firstbyte:firstbyte-msk-kvm-ssd-7-row-113,Firstbyte,MSK-KVM-SSD-7,,Russia,RU,"Россия, Москва",,5,,6,90,SSD,unlimited,,859,RUB,month,10.18,true,true,BNB; BTC; DOGE; ETH; LTC; SOL; TON; TRX; USDT; MIR; Mastercard; VISA; SBP; PayPal; YooMoney,https://firstbyte.ru/vps-vds/windows/,2026-08-30
hostkey:hostkey-vm-storage-1000-nl-es-it-us-fr-pl-ch-11,HOSTKEY,vm.storage-1000,,France,FR,"NL, ES, IT, US, FR, PL, CH",,2,,4,1000,HDD,3,1000,8.9,EUR,month,10.2,true,false,VISA; Mastercard; American Express; UnionPay; PayPal; Alipay; WebMoney; BTC; Bank transfer,https://hostkey.com/vps/,2026-09-24
hostkey:hostkey-vm-storage-1000-nl-es-it-us-fr-pl-ch-11,HOSTKEY,vm.storage-1000,,Italy,IT,"NL, ES, IT, US, FR, PL, CH",,2,,4,1000,HDD,3,1000,8.9,EUR,month,10.2,true,false,VISA; Mastercard; American Express; UnionPay; PayPal; Alipay; WebMoney; BTC; Bank transfer,https://hostkey.com/vps/,2026-09-24
hostkey:hostkey-vm-storage-1000-nl-es-it-us-fr-pl-ch-11,HOSTKEY,vm.storage-1000,,Netherlands,NL,"NL, ES, IT, US, FR, PL, CH",,2,,4,1000,HDD,3,1000,8.9,EUR,month,10.2,true,false,VISA; Mastercard; American Express; UnionPay; PayPal; Alipay; WebMoney; BTC; Bank transfer,https://hostkey.com/vps/,2026-09-24
hostkey:hostkey-vm-storage-1000-nl-es-it-us-fr-pl-ch-11,HOSTKEY,vm.storage-1000,,Poland,PL,"NL, ES, IT, US, FR, PL, CH",,2,,4,1000,HDD,3,1000,8.9,EUR,month,10.2,true,false,VISA; Mastercard; American Express; UnionPay; PayPal; Alipay; WebMoney; BTC; Bank transfer,https://hostkey.com/vps/,2026-09-24
hostkey:hostkey-vm-storage-1000-nl-es-it-us-fr-pl-ch-11,HOSTKEY,vm.storage-1000,,Spain,ES,"NL, ES, IT, US, FR, PL, CH",,2,,4,1000,HDD,3,1000,8.9,EUR,month,10.2,true,false,VISA; Mastercard; American Express; UnionPay; PayPal; Alipay; WebMoney; BTC; Bank transfer,https://hostkey.com/vps/,2026-09-24
hostkey:hostkey-vm-storage-1000-nl-es-it-us-fr-pl-ch-11,HOSTKEY,vm.storage-1000,,Switzerland,CH,"NL, ES, IT, US, FR, PL, CH",,2,,4,1000,HDD,3,1000,8.9,EUR,month,10.2,true,false,VISA; Mastercard; American Express; UnionPay; PayPal; Alipay; WebMoney; BTC; Bank transfer,https://hostkey.com/vps/,2026-09-24
hostkey:hostkey-vm-storage-1000-nl-es-it-us-fr-pl-ch-11,HOSTKEY,vm.storage-1000,,USA,US,"NL, ES, IT, US, FR, PL, CH",,2,,4,1000,HDD,3,1000,8.9,EUR,month,10.2,true,false,VISA; Mastercard; American Express; UnionPay; PayPal; Alipay; WebMoney; BTC; Bank transfer,https://hostkey.com/vps/,2026-09-24
zomro:zomro-zomro-cheap-kraft-netherlands-2,Zomro,Cheap Kraft,,Netherlands,NL,Netherlands,,1,,7,40,,1,,8.95,EUR,month,10.26,true,true,BNB; BTC; ETH; SOL; TON; USDC; USDT; MIR; Mastercard; VISA; SBP; PayPal,https://zomro.com/cheap-vps,2026-08-30
hostingvds:hostingvds-vds-kvm-nvme-hvds-6g-eu-1-37,HostingVDS,HVDS-6G-EU,,Bulgaria,BG,"Болгария, София (1Гбит/с)",,3,,6,55,NVMe,6,1000,8.99,EUR,month,10.31,true,true,BNB; BTC; DAI; ETH; LTC; POL; SOL; TON; TRX; USDC; USDT; MIR; SBP,https://my.hosting-vds.com/order/vds-kvm-ssd-eu/50,2026-08-30
hostingvds:hostingvds-vds-kvm-nvme-hvds-6g-eu-1-37,HostingVDS,HVDS-6G-EU,,Finland,FI,"Финляндия, Хельсинки (1Гбит/с)",,3,,6,55,NVMe,6,1000,8.99,EUR,month,10.31,true,true,BNB; BTC; DAI; ETH; LTC; POL; SOL; TON; TRX; USDC; USDT; MIR; SBP,https://my.hosting-vds.com/order/vds-kvm-ssd-eu/50,2026-08-30
hostingvds:hostingvds-vds-kvm-nvme-hvds-6g-eu-1-37,HostingVDS,HVDS-6G-EU,,Germany,DE,"Германия, Франкфурт (1Гбит/с)",,3,,6,55,NVMe,6,1000,8.99,EUR,month,10.31,true,true,BNB; BTC; DAI; ETH; LTC; POL; SOL; TON; TRX; USDC; USDT; MIR; SBP,https://my.hosting-vds.com/order/vds-kvm-ssd-eu/50,2026-08-30
hostingvds:hostingvds-vds-kvm-nvme-hvds-6g-eu-1-37,HostingVDS,HVDS-6G-EU,,Latvia,LV,"Латвия, Рига (1Гбит/с)",,3,,6,55,NVMe,6,1000,8.99,EUR,month,10.31,true,true,BNB; BTC; DAI; ETH; LTC; POL; SOL; TON; TRX; USDC; USDT; MIR; SBP,https://my.hosting-vds.com/order/vds-kvm-ssd-eu/50,2026-08-30
hostingvds:hostingvds-vds-kvm-nvme-hvds-6g-eu-1-37,HostingVDS,HVDS-6G-EU,,Poland,PL,"Польша, Варшава (1Гбит/с)",,3,,6,55,NVMe,6,1000,8.99,EUR,month,10.31,true,true,BNB; BTC; DAI; ETH; LTC; POL; SOL; TON; TRX; USDC; USDT; MIR; SBP,https://my.hosting-vds.com/order/vds-kvm-ssd-eu/50,2026-08-30
hostingvds:hostingvds-vds-kvm-nvme-hvds-6g-selectel-5,HostingVDS,HVDS-6G,,Russia,RU,"Россия, Москва - Selectel",,3,,6,70,NVMe,6,10000,8.99,EUR,month,10.31,true,true,BNB; BTC; DAI; ETH; LTC; POL; SOL; TON; TRX; USDC; USDT; MIR; SBP,https://my.hosting-vds.com/order/standart-vds/1,2026-08-30
hostingvds:hostingvds-vds-kvm-nvme-hvds-6g-eu-1-37,HostingVDS,HVDS-6G-EU,,Sweden,SE,"Швеция, Стокгольм (1Гбит/с)",,3,,6,55,NVMe,6,1000,8.99,EUR,month,10.31,true,true,BNB; BTC; DAI; ETH; LTC; POL; SOL; TON; TRX; USDC; USDT; MIR; SBP,https://my.hosting-vds.com/order/vds-kvm-ssd-eu/50,2026-08-30
cherryservers:cherryservers-625-lt-siauliai-1,Cherry Servers,Cloud VPS 1,,Lithuania,LT,lt-siauliai,,1,,1,20,SSD,5,1000,9,EUR,month,10.32,true,false,Bank card; PayPal; Google Pay; Apple Pay; Alipay; Bank transfer; BTC; ETH; SOL; ADA; USDC; POL; BNB; LTC; DOGE; XRP; TRX; DAI; SHIB; BCH,https://www.cherryservers.com/pricing/virtual-servers/b1-1-1gb-20s-shared?region=lt-siauliai&billing=3&currency=EUR,2026-08-30
cherryservers:cherryservers-901-lt-siauliai-27,Cherry Servers,Cloud VPS 4 (Gen 2),,Lithuania,LT,lt-siauliai,,4,,4,80,SSD,1,1000,9,EUR,month,10.32,true,false,Bank card; PayPal; Google Pay; Apple Pay; Alipay; Bank transfer; BTC; ETH; SOL; ADA; USDC; POL; BNB; LTC; DOGE; XRP; TRX; DAI; SHIB; BCH,https://www.cherryservers.com/pricing/virtual-servers/b2-4-4gb-80s-shared?region=lt-siauliai&billing=3&currency=EUR,2026-08-30
cherryservers:cherryservers-625-lt-siauliai-1,Cherry Servers,Cloud VPS 1,,Netherlands,NL,nl-amsterdam,,1,,1,20,SSD,5,1000,9,EUR,month,10.32,true,false,Bank card; PayPal; Google Pay; Apple Pay; Alipay; Bank transfer; BTC; ETH; SOL; ADA; USDC; POL; BNB; LTC; DOGE; XRP; TRX; DAI; SHIB; BCH,https://www.cherryservers.com/pricing/virtual-servers/b1-1-1gb-20s-shared?region=nl-amsterdam&billing=3&currency=EUR,2026-08-30
cherryservers:cherryservers-901-lt-siauliai-27,Cherry Servers,Cloud VPS 4 (Gen 2),,Netherlands,NL,nl-amsterdam,,4,,4,80,SSD,1,1000,9,EUR,month,10.32,true,false,Bank card; PayPal; Google Pay; Apple Pay; Alipay; Bank transfer; BTC; ETH; SOL; ADA; USDC; POL; BNB; LTC; DOGE; XRP; TRX; DAI; SHIB; BCH,https://www.cherryservers.com/pricing/virtual-servers/b2-4-4gb-80s-shared?region=nl-amsterdam&billing=3&currency=EUR,2026-08-30
cherryservers:cherryservers-781-sg-singapore-4,Cherry Servers,Cloud VPS 1,,Singapore,SG,sg-singapore,,1,,1,20,SSD,2,1000,9,EUR,month,10.32,true,false,Bank card; PayPal; Google Pay; Apple Pay; Alipay; Bank transfer; BTC; ETH; SOL; ADA; USDC; POL; BNB; LTC; DOGE; XRP; TRX; DAI; SHIB; BCH,https://www.cherryservers.com/pricing/virtual-servers/b1-1-1gb-20s-shared?region=sg-singapore&billing=3&currency=EUR,2026-08-30
cherryservers:cherryservers-625-lt-siauliai-1,Cherry Servers,Cloud VPS 1,,USA,US,us-chicago,,1,,1,20,SSD,5,1000,9,EUR,month,10.32,true,false,Bank card; PayPal; Google Pay; Apple Pay; Alipay; Bank transfer; BTC; ETH; SOL; ADA; USDC; POL; BNB; LTC; DOGE; XRP; TRX; DAI; SHIB; BCH,https://www.cherryservers.com/pricing/virtual-servers/b1-1-1gb-20s-shared?region=us-chicago&billing=3&currency=EUR,2026-08-30
cherryservers:cherryservers-901-lt-siauliai-27,Cherry Servers,Cloud VPS 4 (Gen 2),,USA,US,us-chicago,,4,,4,80,SSD,1,1000,9,EUR,month,10.32,true,false,Bank card; PayPal; Google Pay; Apple Pay; Alipay; Bank transfer; BTC; ETH; SOL; ADA; USDC; POL; BNB; LTC; DOGE; XRP; TRX; DAI; SHIB; BCH,https://www.cherryservers.com/pricing/virtual-servers/b2-4-4gb-80s-shared?region=us-chicago&billing=3&currency=EUR,2026-08-30
firstvds:firstvds-vds-kvm-ssd-10-0-russia-3,FirstVDS,Razgon (SSD),,Russia,RU,Russia,,2,,4,60,,unlimited,100,919,RUB,month,10.89,false,true,MIR; Mastercard; VISA; SberPay; SBP; YooMoney,https://firstvds.ru/docs/tariffs.html,2026-08-30
timeweb:timeweb-nl-15-row-53,TimeWEB,NL-15,,Netherlands,NL,Нидерланды-Амстердам,,1,,1,15,NVMe,,200,920,RUB,month,10.9,false,true,MIR; Mastercard; VISA; SberPay; SBP; YooMoney,https://timeweb.cloud/services/vds-vps?location=nl,2026-08-30
timeweb:timeweb-nsk-30-row-42,TimeWEB,NSK 30,,Russia,RU,Россия-Новосибирск,,1,,2,30,NVMe,,100,920,RUB,month,10.9,false,true,MIR; Mastercard; VISA; SberPay; SBP; YooMoney,https://timeweb.cloud/services/vds-vps?location=ru-nsk,2026-08-30
firstbyte:firstbyte-msk-highhdd-kvm-sas-3-row-94,Firstbyte,MSK-highhdd-KVM-SAS-3,,Russia,RU,"Россия, Москва",,1,,1,330,SAS+SSD,unlimited,,929,RUB,month,11.01,true,true,BNB; BTC; DOGE; ETH; LTC; SOL; TON; TRX; USDT; MIR; Mastercard; VISA; SBP; PayPal; YooMoney,https://firstbyte.ru/vps-vds/kvm-sas/,2026-08-30
hostingvds:hostingvds-vds-kvm-nvme-hvds-6g-usa-1-99,HostingVDS,HVDS-6G-USA,,USA,US,"США, Нью-Йорк (1Гбит/с)",,3,,6,55,NVMe,6,1000,10,EUR,month,11.46,true,true,BNB; BTC; DAI; ETH; LTC; POL; SOL; TON; TRX; USDC; USDT; MIR; SBP,https://my.hosting-vds.com/order/vds-kvm-nvme-usa/70,2026-08-30
hostkey:hostkey-vm-medium-nl-fi-es-it-fr-pl-ch-tr-is-7,HOSTKEY,vm.medium,,Finland,FI,"NL, FI, ES, IT, FR, PL, CH, TR, IS",,6,,12,160,SSD,3,1000,10.14,EUR,month,11.62,true,false,VISA; Mastercard; American Express; UnionPay; PayPal; Alipay; WebMoney; BTC; Bank transfer,https://hostkey.com/vps/,2026-09-24
hostkey:hostkey-vm-medium-nl-fi-es-it-fr-pl-ch-tr-is-7,HOSTKEY,vm.medium,,France,FR,"NL, FI, ES, IT, FR, PL, CH, TR, IS",,6,,12,160,SSD,3,1000,10.14,EUR,month,11.62,true,false,VISA; Mastercard; American Express; UnionPay; PayPal; Alipay; WebMoney; BTC; Bank transfer,https://hostkey.com/vps/,2026-09-24
hostkey:hostkey-vm-medium-nl-fi-es-it-fr-pl-ch-tr-is-7,HOSTKEY,vm.medium,,Italy,IT,"NL, FI, ES, IT, FR, PL, CH, TR, IS",,6,,12,160,SSD,3,1000,10.14,EUR,month,11.62,true,false,VISA; Mastercard; American Express; UnionPay; PayPal; Alipay; WebMoney; BTC; Bank transfer,https://hostkey.com/vps/,2026-09-24
hostkey:hostkey-vm-medium-nl-fi-es-it-fr-pl-ch-tr-is-7,HOSTKEY,vm.medium,,Netherlands,NL,"NL, FI, ES, IT, FR, PL, CH, TR, IS",,6,,12,160,SSD,3,1000,10.14,EUR,month,11.62,true,false,VISA; Mastercard; American Express; UnionPay; PayPal; Alipay; WebMoney; BTC; Bank transfer,https://hostkey.com/vps/,2026-09-24
hostkey:hostkey-vm-medium-nl-fi-es-it-fr-pl-ch-tr-is-7,HOSTKEY,vm.medium,,Poland,PL,"NL, FI, ES, IT, FR, PL, CH, TR, IS",,6,,12,160,SSD,3,1000,10.14,EUR,month,11.62,true,false,VISA; Mastercard; American Express; UnionPay; PayPal; Alipay; WebMoney; BTC; Bank transfer,https://hostkey.com/vps/,2026-09-24
hostkey:hostkey-vm-medium-nl-fi-es-it-fr-pl-ch-tr-is-7,HOSTKEY,vm.medium,,Spain,ES,"NL, FI, ES, IT, FR, PL, CH, TR, IS",,6,,12,160,SSD,3,1000,10.14,EUR,month,11.62,true,false,VISA; Mastercard; American Express; UnionPay; PayPal; Alipay; WebMoney; BTC; Bank transfer,https://hostkey.com/vps/,2026-09-24
hostkey:hostkey-vm-medium-nl-fi-es-it-fr-pl-ch-tr-is-7,HOSTKEY,vm.medium,,Switzerland,CH,"NL, FI, ES, IT, FR, PL, CH, TR, IS",,6,,12,160,SSD,3,1000,10.14,EUR,month,11.62,true,false,VISA; Mastercard; American Express; UnionPay; PayPal; Alipay; WebMoney; BTC; Bank transfer,https://hostkey.com/vps/,2026-09-24
hostkey:hostkey-vm-medium-nl-fi-es-it-fr-pl-ch-tr-is-7,HOSTKEY,vm.medium,,Turkey,TR,"NL, FI, ES, IT, FR, PL, CH, TR, IS",,6,,12,160,SSD,3,1000,10.14,EUR,month,11.62,true,false,VISA; Mastercard; American Express; UnionPay; PayPal; Alipay; WebMoney; BTC; Bank transfer,https://hostkey.com/vps/,2026-09-24
1cent-host:1cent-host-147-ee-27,1cent.host,EE-2,,Estonia,EE,EE,,2,,4,40,NVMe,,10000,990,RUB,month,11.73,,,,https://1cent.host/,2026-08-30
1cent-host:1cent-host-32-de-3,1cent.host,DE-2,,Germany,DE,DE,,2,,4,40,NVMe,,10000,990,RUB,month,11.73,,,,https://1cent.host/,2026-08-30
1cent-host:1cent-host-32-de-3,1cent.host,NL-2,,Netherlands,NL,NL,,2,,4,40,NVMe,,10000,990,RUB,month,11.73,,,,https://1cent.host/,2026-08-30
1cent-host:1cent-host-32-de-3,1cent.host,SE-2,,Sweden,SE,SE,,2,,4,40,NVMe,,10000,990,RUB,month,11.73,,,,https://1cent.host/,2026-08-30
beget:beget-standard-2-4-40-russia-saint-petersburg-4,Beget,Standard 2-4-40,,Russia,RU,"Russia, Saint Petersburg",,2,,4,40,NVMe,,1000,33,RUB,day,11.73,false,true,Bank card; SBP; YooMoney; Bank transfer,https://beget.com/ru/vps,2026-08-30
timeweb:timeweb-msk-40-row-1,TimeWEB,MSK 40,Cloud-40,Russia,RU,Россия-Москва; Россия-Санкт-Петербург,,2,,2,40,NVMe,,1000,1000,RUB,month,11.85,false,true,MIR; Mastercard; VISA; SberPay; SBP; YooMoney,https://timeweb.cloud/services/vds-vps,2026-08-30
selectel:selectel-selectel-standard-1vcpu-1gb-8nvme-row-8,Selectel,Standard 1C-1G-8G,,Russia,RU,"Россия, Москва / Санкт-Петербург",,1,,1,8,NVMe,3,3000,1002.53,RUB,month,11.88,false,true,MIR; VISA; Mastercard; SBP; YooMoney; Bank transfer,https://selectel.ru/prices/calculator/,2026-09-22
netcup:netcup-vps-x86-vps-1000-g12-nuremberg-vienna-amsterdam-manassas-singapore-no-preference-europe-8,netcup,VPS 1000 G12,,Austria,AT,Nuremberg/Vienna/Amsterdam/Manassas/Singapore/No preference Europe,,4,,8,256,NVMe,unlimited,2500,10.37,EUR,month,11.89,false,false,Bank card; PayPal; SEPA; Bank transfer,https://www.netcup.com/en/server/vps,2026-08-30
netcup:netcup-vps-x86-vps-1000-g12-nuremberg-vienna-amsterdam-manassas-singapore-no-preference-europe-8,netcup,VPS 1000 G12,,Germany,DE,Nuremberg/Vienna/Amsterdam/Manassas/Singapore/No preference Europe,,4,,8,256,NVMe,unlimited,2500,10.37,EUR,month,11.89,false,false,Bank card; PayPal; SEPA; Bank transfer,https://www.netcup.com/en/server/vps,2026-08-30
netcup:netcup-vps-x86-vps-1000-g12-nuremberg-vienna-amsterdam-manassas-singapore-no-preference-europe-8,netcup,VPS 1000 G12,,Netherlands,NL,Nuremberg/Vienna/Amsterdam/Manassas/Singapore/No preference Europe,,4,,8,256,NVMe,unlimited,2500,10.37,EUR,month,11.89,false,false,Bank card; PayPal; SEPA; Bank transfer,https://www.netcup.com/en/server/vps,2026-08-30
netcup:netcup-vps-x86-vps-1000-g12-nuremberg-vienna-amsterdam-manassas-singapore-no-preference-europe-8,netcup,VPS 1000 G12,,Singapore,SG,Nuremberg/Vienna/Amsterdam/Manassas/Singapore/No preference Europe,,4,,8,256,NVMe,unlimited,2500,10.37,EUR,month,11.89,false,false,Bank card; PayPal; SEPA; Bank transfer,https://www.netcup.com/en/server/vps,2026-08-30
netcup:netcup-vps-x86-vps-1000-g12-nuremberg-vienna-amsterdam-manassas-singapore-no-preference-europe-8,netcup,VPS 1000 G12,,USA,US,Nuremberg/Vienna/Amsterdam/Manassas/Singapore/No preference Europe,,4,,8,256,NVMe,unlimited,2500,10.37,EUR,month,11.89,false,false,Bank card; PayPal; SEPA; Bank transfer,https://www.netcup.com/en/server/vps,2026-08-30
timeweb:timeweb-de-30-row-62,TimeWEB,DE-30,,Germany,DE,Германия-Франкфурт,,1,,2,30,NVMe,,200,1010,RUB,month,11.97,false,true,MIR; Mastercard; VISA; SberPay; SBP; YooMoney,https://timeweb.cloud/services/vds-vps?location=de,2026-08-30
vultr:vultr-vhf-1c-2gb-ewr-ord-dfw-sea-lax-atl-ams-lhr-fra-sjc-syd-yto-cdg-nrt-waw-mad-icn-mia-sgp-sto-mex-mel-bom-jnb-tlv-blr-del-scl-itm-man-21,Vultr,High Frequency 1C-2G,,Australia,AU,"ewr, ord, dfw, sea, lax, atl, ams, lhr, fra, sjc, syd, yto, cdg, nrt, waw, mad, icn, mia, sgp, sto, mex, mel, bom, jnb, tlv, blr, del, scl, itm, man",,1,,2,64,,2,,12,USD,month,12,false,false,Mastercard; VISA; PayPal,https://www.vultr.com/pricing/,2026-08-30
vultr:vultr-vhp-1c-2gb-amd-ewr-ord-dfw-sea-lax-atl-ams-lhr-fra-sjc-syd-yto-cdg-nrt-waw-mad-mxp-icn-mia-sgp-sto-mex-mel-bom-jnb-tlv-blr-del-scl-itm-man-35,Vultr,High Performance AMD 1C-2G,,Australia,AU,"ewr, ord, dfw, sea, lax, atl, ams, lhr, fra, sjc, syd, yto, cdg, nrt, waw, mad, mxp, icn, mia, sgp, sto, mex, mel, bom, jnb, tlv, blr, del, scl, itm, man",,1,,2,50,,3,,12,USD,month,12,false,false,Mastercard; VISA; PayPal,https://www.vultr.com/pricing/,2026-08-30
vultr:vultr-vhp-1c-2gb-intel-ewr-ord-dfw-sea-lax-atl-ams-lhr-fra-sjc-syd-yto-cdg-nrt-waw-mad-icn-mia-sgp-sto-mex-mel-hnl-bom-jnb-tlv-blr-del-scl-itm-man-51,Vultr,High Performance Intel 1C-2G,,Australia,AU,"ewr, ord, dfw, sea, lax, atl, ams, lhr, fra, sjc, syd, yto, cdg, nrt, waw, mad, icn, mia, sgp, sto, mex, mel, hnl, bom, jnb, tlv, blr, del, scl, itm, man",,1,,2,50,,3,,12,USD,month,12,false,false,Mastercard; VISA; PayPal,https://www.vultr.com/pricing/,2026-08-30
vultr:vultr-vhf-1c-2gb-ewr-ord-dfw-sea-lax-atl-ams-lhr-fra-sjc-syd-yto-cdg-nrt-waw-mad-icn-mia-sgp-sto-mex-mel-bom-jnb-tlv-blr-del-scl-itm-man-21,Vultr,High Frequency 1C-2G,,Canada,CA,"ewr, ord, dfw, sea, lax, atl, ams, lhr, fra, sjc, syd, yto, cdg, nrt, waw, mad, icn, mia, sgp, sto, mex, mel, bom, jnb, tlv, blr, del, scl, itm, man",,1,,2,64,,2,,12,USD,month,12,false,false,Mastercard; VISA; PayPal,https://www.vultr.com/pricing/,2026-08-30
vultr:vultr-vhp-1c-2gb-amd-ewr-ord-dfw-sea-lax-atl-ams-lhr-fra-sjc-syd-yto-cdg-nrt-waw-mad-mxp-icn-mia-sgp-sto-mex-mel-bom-jnb-tlv-blr-del-scl-itm-man-35,Vultr,High Performance AMD 1C-2G,,Canada,CA,"ewr, ord, dfw, sea, lax, atl, ams, lhr, fra, sjc, syd, yto, cdg, nrt, waw, mad, mxp, icn, mia, sgp, sto, mex, mel, bom, jnb, tlv, blr, del, scl, itm, man",,1,,2,50,,3,,12,USD,month,12,false,false,Mastercard; VISA; PayPal,https://www.vultr.com/pricing/,2026-08-30
vultr:vultr-vhp-1c-2gb-intel-ewr-ord-dfw-sea-lax-atl-ams-lhr-fra-sjc-syd-yto-cdg-nrt-waw-mad-icn-mia-sgp-sto-mex-mel-hnl-bom-jnb-tlv-blr-del-scl-itm-man-51,Vultr,High Performance Intel 1C-2G,,Canada,CA,"ewr, ord, dfw, sea, lax, atl, ams, lhr, fra, sjc, syd, yto, cdg, nrt, waw, mad, icn, mia, sgp, sto, mex, mel, hnl, bom, jnb, tlv, blr, del, scl, itm, man",,1,,2,50,,3,,12,USD,month,12,false,false,Mastercard; VISA; PayPal,https://www.vultr.com/pricing/,2026-08-30
vultr:vultr-vhf-1c-2gb-ewr-ord-dfw-sea-lax-atl-ams-lhr-fra-sjc-syd-yto-cdg-nrt-waw-mad-icn-mia-sgp-sto-mex-mel-bom-jnb-tlv-blr-del-scl-itm-man-21,Vultr,High Frequency 1C-2G,,Chile,CL,"ewr, ord, dfw, sea, lax, atl, ams, lhr, fra, sjc, syd, yto, cdg, nrt, waw, mad, icn, mia, sgp, sto, mex, mel, bom, jnb, tlv, blr, del, scl, itm, man",,1,,2,64,,2,,12,USD,month,12,false,false,Mastercard; VISA; PayPal,https://www.vultr.com/pricing/,2026-08-30
vultr:vultr-vhp-1c-2gb-amd-ewr-ord-dfw-sea-lax-atl-ams-lhr-fra-sjc-syd-yto-cdg-nrt-waw-mad-mxp-icn-mia-sgp-sto-mex-mel-bom-jnb-tlv-blr-del-scl-itm-man-35,Vultr,High Performance AMD 1C-2G,,Chile,CL,"ewr, ord, dfw, sea, lax, atl, ams, lhr, fra, sjc, syd, yto, cdg, nrt, waw, mad, mxp, icn, mia, sgp, sto, mex, mel, bom, jnb, tlv, blr, del, scl, itm, man",,1,,2,50,,3,,12,USD,month,12,false,false,Mastercard; VISA; PayPal,https://www.vultr.com/pricing/,2026-08-30
vultr:vultr-vhp-1c-2gb-intel-ewr-ord-dfw-sea-lax-atl-ams-lhr-fra-sjc-syd-yto-cdg-nrt-waw-mad-icn-mia-sgp-sto-mex-mel-hnl-bom-jnb-tlv-blr-del-scl-itm-man-51,Vultr,High Performance Intel 1C-2G,,Chile,CL,"ewr, ord, dfw, sea, lax, atl, ams, lhr, fra, sjc, syd, yto, cdg, nrt, waw, mad, icn, mia, sgp, sto, mex, mel, hnl, bom, jnb, tlv, blr, del, scl, itm, man",,1,,2,50,,3,,12,USD,month,12,false,false,Mastercard; VISA; PayPal,https://www.vultr.com/pricing/,2026-08-30
vultr:vultr-vhf-1c-2gb-ewr-ord-dfw-sea-lax-atl-ams-lhr-fra-sjc-syd-yto-cdg-nrt-waw-mad-icn-mia-sgp-sto-mex-mel-bom-jnb-tlv-blr-del-scl-itm-man-21,Vultr,High Frequency 1C-2G,,France,FR,"ewr, ord, dfw, sea, lax, atl, ams, lhr, fra, sjc, syd, yto, cdg, nrt, waw, mad, icn, mia, sgp, sto, mex, mel, bom, jnb, tlv, blr, del, scl, itm, man",,1,,2,64,,2,,12,USD,month,12,false,false,Mastercard; VISA; PayPal,https://www.vultr.com/pricing/,2026-08-30
vultr:vultr-vhp-1c-2gb-amd-ewr-ord-dfw-sea-lax-atl-ams-lhr-fra-sjc-syd-yto-cdg-nrt-waw-mad-mxp-icn-mia-sgp-sto-mex-mel-bom-jnb-tlv-blr-del-scl-itm-man-35,Vultr,High Performance AMD 1C-2G,,France,FR,"ewr, ord, dfw, sea, lax, atl, ams, lhr, fra, sjc, syd, yto, cdg, nrt, waw, mad, mxp, icn, mia, sgp, sto, mex, mel, bom, jnb, tlv, blr, del, scl, itm, man",,1,,2,50,,3,,12,USD,month,12,false,false,Mastercard; VISA; PayPal,https://www.vultr.com/pricing/,2026-08-30
vultr:vultr-vhp-1c-2gb-intel-ewr-ord-dfw-sea-lax-atl-ams-lhr-fra-sjc-syd-yto-cdg-nrt-waw-mad-icn-mia-sgp-sto-mex-mel-hnl-bom-jnb-tlv-blr-del-scl-itm-man-51,Vultr,High Performance Intel 1C-2G,,France,FR,"ewr, ord, dfw, sea, lax, atl, ams, lhr, fra, sjc, syd, yto, cdg, nrt, waw, mad, icn, mia, sgp, sto, mex, mel, hnl, bom, jnb, tlv, blr, del, scl, itm, man",,1,,2,50,,3,,12,USD,month,12,false,false,Mastercard; VISA; PayPal,https://www.vultr.com/pricing/,2026-08-30
vultr:vultr-vhf-1c-2gb-ewr-ord-dfw-sea-lax-atl-ams-lhr-fra-sjc-syd-yto-cdg-nrt-waw-mad-icn-mia-sgp-sto-mex-mel-bom-jnb-tlv-blr-del-scl-itm-man-21,Vultr,High Frequency 1C-2G,,Germany,DE,"ewr, ord, dfw, sea, lax, atl, ams, lhr, fra, sjc, syd, yto, cdg, nrt, waw, mad, icn, mia, sgp, sto, mex, mel, bom, jnb, tlv, blr, del, scl, itm, man",,1,,2,64,,2,,12,USD,month,12,false,false,Mastercard; VISA; PayPal,https://www.vultr.com/pricing/,2026-08-30
vultr:vultr-vhp-1c-2gb-amd-ewr-ord-dfw-sea-lax-atl-ams-lhr-fra-sjc-syd-yto-cdg-nrt-waw-mad-mxp-icn-mia-sgp-sto-mex-mel-bom-jnb-tlv-blr-del-scl-itm-man-35,Vultr,High Performance AMD 1C-2G,,Germany,DE,"ewr, ord, dfw, sea, lax, atl, ams, lhr, fra, sjc, syd, yto, cdg, nrt, waw, mad, mxp, icn, mia, sgp, sto, mex, mel, bom, jnb, tlv, blr, del, scl, itm, man",,1,,2,50,,3,,12,USD,month,12,false,false,Mastercard; VISA; PayPal,https://www.vultr.com/pricing/,2026-08-30
vultr:vultr-vhp-1c-2gb-intel-ewr-ord-dfw-sea-lax-atl-ams-lhr-fra-sjc-syd-yto-cdg-nrt-waw-mad-icn-mia-sgp-sto-mex-mel-hnl-bom-jnb-tlv-blr-del-scl-itm-man-51,Vultr,High Performance Intel 1C-2G,,Germany,DE,"ewr, ord, dfw, sea, lax, atl, ams, lhr, fra, sjc, syd, yto, cdg, nrt, waw, mad, icn, mia, sgp, sto, mex, mel, hnl, bom, jnb, tlv, blr, del, scl, itm, man",,1,,2,50,,3,,12,USD,month,12,false,false,Mastercard; VISA; PayPal,https://www.vultr.com/pricing/,2026-08-30
vultr:vultr-vhf-1c-2gb-ewr-ord-dfw-sea-lax-atl-ams-lhr-fra-sjc-syd-yto-cdg-nrt-waw-mad-icn-mia-sgp-sto-mex-mel-bom-jnb-tlv-blr-del-scl-itm-man-21,Vultr,High Frequency 1C-2G,,India,IN,"ewr, ord, dfw, sea, lax, atl, ams, lhr, fra, sjc, syd, yto, cdg, nrt, waw, mad, icn, mia, sgp, sto, mex, mel, bom, jnb, tlv, blr, del, scl, itm, man",,1,,2,64,,2,,12,USD,month,12,false,false,Mastercard; VISA; PayPal,https://www.vultr.com/pricing/,2026-08-30
vultr:vultr-vhp-1c-2gb-amd-ewr-ord-dfw-sea-lax-atl-ams-lhr-fra-sjc-syd-yto-cdg-nrt-waw-mad-mxp-icn-mia-sgp-sto-mex-mel-bom-jnb-tlv-blr-del-scl-itm-man-35,Vultr,High Performance AMD 1C-2G,,India,IN,"ewr, ord, dfw, sea, lax, atl, ams, lhr, fra, sjc, syd, yto, cdg, nrt, waw, mad, mxp, icn, mia, sgp, sto, mex, mel, bom, jnb, tlv, blr, del, scl, itm, man",,1,,2,50,,3,,12,USD,month,12,false,false,Mastercard; VISA; PayPal,https://www.vultr.com/pricing/,2026-08-30
vultr:vultr-vhp-1c-2gb-intel-ewr-ord-dfw-sea-lax-atl-ams-lhr-fra-sjc-syd-yto-cdg-nrt-waw-mad-icn-mia-sgp-sto-mex-mel-hnl-bom-jnb-tlv-blr-del-scl-itm-man-51,Vultr,High Performance Intel 1C-2G,,India,IN,"ewr, ord, dfw, sea, lax, atl, ams, lhr, fra, sjc, syd, yto, cdg, nrt, waw, mad, icn, mia, sgp, sto, mex, mel, hnl, bom, jnb, tlv, blr, del, scl, itm, man",,1,,2,50,,3,,12,USD,month,12,false,false,Mastercard; VISA; PayPal,https://www.vultr.com/pricing/,2026-08-30
vultr:vultr-vhf-1c-2gb-ewr-ord-dfw-sea-lax-atl-ams-lhr-fra-sjc-syd-yto-cdg-nrt-waw-mad-icn-mia-sgp-sto-mex-mel-bom-jnb-tlv-blr-del-scl-itm-man-21,Vultr,High Frequency 1C-2G,,Israel,IL,"ewr, ord, dfw, sea, lax, atl, ams, lhr, fra, sjc, syd, yto, cdg, nrt, waw, mad, icn, mia, sgp, sto, mex, mel, bom, jnb, tlv, blr, del, scl, itm, man",,1,,2,64,,2,,12,USD,month,12,false,false,Mastercard; VISA; PayPal,https://www.vultr.com/pricing/,2026-08-30
vultr:vultr-vhp-1c-2gb-amd-ewr-ord-dfw-sea-lax-atl-ams-lhr-fra-sjc-syd-yto-cdg-nrt-waw-mad-mxp-icn-mia-sgp-sto-mex-mel-bom-jnb-tlv-blr-del-scl-itm-man-35,Vultr,High Performance AMD 1C-2G,,Israel,IL,"ewr, ord, dfw, sea, lax, atl, ams, lhr, fra, sjc, syd, yto, cdg, nrt, waw, mad, mxp, icn, mia, sgp, sto, mex, mel, bom, jnb, tlv, blr, del, scl, itm, man",,1,,2,50,,3,,12,USD,month,12,false,false,Mastercard; VISA; PayPal,https://www.vultr.com/pricing/,2026-08-30
vultr:vultr-vhp-1c-2gb-intel-ewr-ord-dfw-sea-lax-atl-ams-lhr-fra-sjc-syd-yto-cdg-nrt-waw-mad-icn-mia-sgp-sto-mex-mel-hnl-bom-jnb-tlv-blr-del-scl-itm-man-51,Vultr,High Performance Intel 1C-2G,,Israel,IL,"ewr, ord, dfw, sea, lax, atl, ams, lhr, fra, sjc, syd, yto, cdg, nrt, waw, mad, icn, mia, sgp, sto, mex, mel, hnl, bom, jnb, tlv, blr, del, scl, itm, man",,1,,2,50,,3,,12,USD,month,12,false,false,Mastercard; VISA; PayPal,https://www.vultr.com/pricing/,2026-08-30
vultr:vultr-vhp-1c-2gb-amd-ewr-ord-dfw-sea-lax-atl-ams-lhr-fra-sjc-syd-yto-cdg-nrt-waw-mad-mxp-icn-mia-sgp-sto-mex-mel-bom-jnb-tlv-blr-del-scl-itm-man-35,Vultr,High Performance AMD 1C-2G,,Italy,IT,"ewr, ord, dfw, sea, lax, atl, ams, lhr, fra, sjc, syd, yto, cdg, nrt, waw, mad, mxp, icn, mia, sgp, sto, mex, mel, bom, jnb, tlv, blr, del, scl, itm, man",,1,,2,50,,3,,12,USD,month,12,false,false,Mastercard; VISA; PayPal,https://www.vultr.com/pricing/,2026-08-30
vultr:vultr-vhf-1c-2gb-ewr-ord-dfw-sea-lax-atl-ams-lhr-fra-sjc-syd-yto-cdg-nrt-waw-mad-icn-mia-sgp-sto-mex-mel-bom-jnb-tlv-blr-del-scl-itm-man-21,Vultr,High Frequency 1C-2G,,Japan,JP,"ewr, ord, dfw, sea, lax, atl, ams, lhr, fra, sjc, syd, yto, cdg, nrt, waw, mad, icn, mia, sgp, sto, mex, mel, bom, jnb, tlv, blr, del, scl, itm, man",,1,,2,64,,2,,12,USD,month,12,false,false,Mastercard; VISA; PayPal,https://www.vultr.com/pricing/,2026-08-30
vultr:vultr-vhp-1c-2gb-amd-ewr-ord-dfw-sea-lax-atl-ams-lhr-fra-sjc-syd-yto-cdg-nrt-waw-mad-mxp-icn-mia-sgp-sto-mex-mel-bom-jnb-tlv-blr-del-scl-itm-man-35,Vultr,High Performance AMD 1C-2G,,Japan,JP,"ewr, ord, dfw, sea, lax, atl, ams, lhr, fra, sjc, syd, yto, cdg, nrt, waw, mad, mxp, icn, mia, sgp, sto, mex, mel, bom, jnb, tlv, blr, del, scl, itm, man",,1,,2,50,,3,,12,USD,month,12,false,false,Mastercard; VISA; PayPal,https://www.vultr.com/pricing/,2026-08-30
vultr:vultr-vhp-1c-2gb-intel-ewr-ord-dfw-sea-lax-atl-ams-lhr-fra-sjc-syd-yto-cdg-nrt-waw-mad-icn-mia-sgp-sto-mex-mel-hnl-bom-jnb-tlv-blr-del-scl-itm-man-51,Vultr,High Performance Intel 1C-2G,,Japan,JP,"ewr, ord, dfw, sea, lax, atl, ams, lhr, fra, sjc, syd, yto, cdg, nrt, waw, mad, icn, mia, sgp, sto, mex, mel, hnl, bom, jnb, tlv, blr, del, scl, itm, man",,1,,2,50,,3,,12,USD,month,12,false,false,Mastercard; VISA; PayPal,https://www.vultr.com/pricing/,2026-08-30
vultr:vultr-vhf-1c-2gb-ewr-ord-dfw-sea-lax-atl-ams-lhr-fra-sjc-syd-yto-cdg-nrt-waw-mad-icn-mia-sgp-sto-mex-mel-bom-jnb-tlv-blr-del-scl-itm-man-21,Vultr,High Frequency 1C-2G,,Mexico,MX,"ewr, ord, dfw, sea, lax, atl, ams, lhr, fra, sjc, syd, yto, cdg, nrt, waw, mad, icn, mia, sgp, sto, mex, mel, bom, jnb, tlv, blr, del, scl, itm, man",,1,,2,64,,2,,12,USD,month,12,false,false,Mastercard; VISA; PayPal,https://www.vultr.com/pricing/,2026-08-30
vultr:vultr-vhp-1c-2gb-amd-ewr-ord-dfw-sea-lax-atl-ams-lhr-fra-sjc-syd-yto-cdg-nrt-waw-mad-mxp-icn-mia-sgp-sto-mex-mel-bom-jnb-tlv-blr-del-scl-itm-man-35,Vultr,High Performance AMD 1C-2G,,Mexico,MX,"ewr, ord, dfw, sea, lax, atl, ams, lhr, fra, sjc, syd, yto, cdg, nrt, waw, mad, mxp, icn, mia, sgp, sto, mex, mel, bom, jnb, tlv, blr, del, scl, itm, man",,1,,2,50,,3,,12,USD,month,12,false,false,Mastercard; VISA; PayPal,https://www.vultr.com/pricing/,2026-08-30
vultr:vultr-vhp-1c-2gb-intel-ewr-ord-dfw-sea-lax-atl-ams-lhr-fra-sjc-syd-yto-cdg-nrt-waw-mad-icn-mia-sgp-sto-mex-mel-hnl-bom-jnb-tlv-blr-del-scl-itm-man-51,Vultr,High Performance Intel 1C-2G,,Mexico,MX,"ewr, ord, dfw, sea, lax, atl, ams, lhr, fra, sjc, syd, yto, cdg, nrt, waw, mad, icn, mia, sgp, sto, mex, mel, hnl, bom, jnb, tlv, blr, del, scl, itm, man",,1,,2,50,,3,,12,USD,month,12,false,false,Mastercard; VISA; PayPal,https://www.vultr.com/pricing/,2026-08-30
vultr:vultr-vhf-1c-2gb-ewr-ord-dfw-sea-lax-atl-ams-lhr-fra-sjc-syd-yto-cdg-nrt-waw-mad-icn-mia-sgp-sto-mex-mel-bom-jnb-tlv-blr-del-scl-itm-man-21,Vultr,High Frequency 1C-2G,,Netherlands,NL,"ewr, ord, dfw, sea, lax, atl, ams, lhr, fra, sjc, syd, yto, cdg, nrt, waw, mad, icn, mia, sgp, sto, mex, mel, bom, jnb, tlv, blr, del, scl, itm, man",,1,,2,64,,2,,12,USD,month,12,false,false,Mastercard; VISA; PayPal,https://www.vultr.com/pricing/,2026-08-30
vultr:vultr-vhp-1c-2gb-amd-ewr-ord-dfw-sea-lax-atl-ams-lhr-fra-sjc-syd-yto-cdg-nrt-waw-mad-mxp-icn-mia-sgp-sto-mex-mel-bom-jnb-tlv-blr-del-scl-itm-man-35,Vultr,High Performance AMD 1C-2G,,Netherlands,NL,"ewr, ord, dfw, sea, lax, atl, ams, lhr, fra, sjc, syd, yto, cdg, nrt, waw, mad, mxp, icn, mia, sgp, sto, mex, mel, bom, jnb, tlv, blr, del, scl, itm, man",,1,,2,50,,3,,12,USD,month,12,false,false,Mastercard; VISA; PayPal,https://www.vultr.com/pricing/,2026-08-30
vultr:vultr-vhp-1c-2gb-intel-ewr-ord-dfw-sea-lax-atl-ams-lhr-fra-sjc-syd-yto-cdg-nrt-waw-mad-icn-mia-sgp-sto-mex-mel-hnl-bom-jnb-tlv-blr-del-scl-itm-man-51,Vultr,High Performance Intel 1C-2G,,Netherlands,NL,"ewr, ord, dfw, sea, lax, atl, ams, lhr, fra, sjc, syd, yto, cdg, nrt, waw, mad, icn, mia, sgp, sto, mex, mel, hnl, bom, jnb, tlv, blr, del, scl, itm, man",,1,,2,50,,3,,12,USD,month,12,false,false,Mastercard; VISA; PayPal,https://www.vultr.com/pricing/,2026-08-30
vultr:vultr-vhf-1c-2gb-ewr-ord-dfw-sea-lax-atl-ams-lhr-fra-sjc-syd-yto-cdg-nrt-waw-mad-icn-mia-sgp-sto-mex-mel-bom-jnb-tlv-blr-del-scl-itm-man-21,Vultr,High Frequency 1C-2G,,Poland,PL,"ewr, ord, dfw, sea, lax, atl, ams, lhr, fra, sjc, syd, yto, cdg, nrt, waw, mad, icn, mia, sgp, sto, mex, mel, bom, jnb, tlv, blr, del, scl, itm, man",,1,,2,64,,2,,12,USD,month,12,false,false,Mastercard; VISA; PayPal,https://www.vultr.com/pricing/,2026-08-30
vultr:vultr-vhp-1c-2gb-amd-ewr-ord-dfw-sea-lax-atl-ams-lhr-fra-sjc-syd-yto-cdg-nrt-waw-mad-mxp-icn-mia-sgp-sto-mex-mel-bom-jnb-tlv-blr-del-scl-itm-man-35,Vultr,High Performance AMD 1C-2G,,Poland,PL,"ewr, ord, dfw, sea, lax, atl, ams, lhr, fra, sjc, syd, yto, cdg, nrt, waw, mad, mxp, icn, mia, sgp, sto, mex, mel, bom, jnb, tlv, blr, del, scl, itm, man",,1,,2,50,,3,,12,USD,month,12,false,false,Mastercard; VISA; PayPal,https://www.vultr.com/pricing/,2026-08-30
vultr:vultr-vhp-1c-2gb-intel-ewr-ord-dfw-sea-lax-atl-ams-lhr-fra-sjc-syd-yto-cdg-nrt-waw-mad-icn-mia-sgp-sto-mex-mel-hnl-bom-jnb-tlv-blr-del-scl-itm-man-51,Vultr,High Performance Intel 1C-2G,,Poland,PL,"ewr, ord, dfw, sea, lax, atl, ams, lhr, fra, sjc, syd, yto, cdg, nrt, waw, mad, icn, mia, sgp, sto, mex, mel, hnl, bom, jnb, tlv, blr, del, scl, itm, man",,1,,2,50,,3,,12,USD,month,12,false,false,Mastercard; VISA; PayPal,https://www.vultr.com/pricing/,2026-08-30
vultr:vultr-vhf-1c-2gb-ewr-ord-dfw-sea-lax-atl-ams-lhr-fra-sjc-syd-yto-cdg-nrt-waw-mad-icn-mia-sgp-sto-mex-mel-bom-jnb-tlv-blr-del-scl-itm-man-21,Vultr,High Frequency 1C-2G,,Singapore,SG,"ewr, ord, dfw, sea, lax, atl, ams, lhr, fra, sjc, syd, yto, cdg, nrt, waw, mad, icn, mia, sgp, sto, mex, mel, bom, jnb, tlv, blr, del, scl, itm, man",,1,,2,64,,2,,12,USD,month,12,false,false,Mastercard; VISA; PayPal,https://www.vultr.com/pricing/,2026-08-30
vultr:vultr-vhp-1c-2gb-amd-ewr-ord-dfw-sea-lax-atl-ams-lhr-fra-sjc-syd-yto-cdg-nrt-waw-mad-mxp-icn-mia-sgp-sto-mex-mel-bom-jnb-tlv-blr-del-scl-itm-man-35,Vultr,High Performance AMD 1C-2G,,Singapore,SG,"ewr, ord, dfw, sea, lax, atl, ams, lhr, fra, sjc, syd, yto, cdg, nrt, waw, mad, mxp, icn, mia, sgp, sto, mex, mel, bom, jnb, tlv, blr, del, scl, itm, man",,1,,2,50,,3,,12,USD,month,12,false,false,Mastercard; VISA; PayPal,https://www.vultr.com/pricing/,2026-08-30
vultr:vultr-vhp-1c-2gb-intel-ewr-ord-dfw-sea-lax-atl-ams-lhr-fra-sjc-syd-yto-cdg-nrt-waw-mad-icn-mia-sgp-sto-mex-mel-hnl-bom-jnb-tlv-blr-del-scl-itm-man-51,Vultr,High Performance Intel 1C-2G,,Singapore,SG,"ewr, ord, dfw, sea, lax, atl, ams, lhr, fra, sjc, syd, yto, cdg, nrt, waw, mad, icn, mia, sgp, sto, mex, mel, hnl, bom, jnb, tlv, blr, del, scl, itm, man",,1,,2,50,,3,,12,USD,month,12,false,false,Mastercard; VISA; PayPal,https://www.vultr.com/pricing/,2026-08-30
vultr:vultr-vhf-1c-2gb-ewr-ord-dfw-sea-lax-atl-ams-lhr-fra-sjc-syd-yto-cdg-nrt-waw-mad-icn-mia-sgp-sto-mex-mel-bom-jnb-tlv-blr-del-scl-itm-man-21,Vultr,High Frequency 1C-2G,,South Africa,ZA,"ewr, ord, dfw, sea, lax, atl, ams, lhr, fra, sjc, syd, yto, cdg, nrt, waw, mad, icn, mia, sgp, sto, mex, mel, bom, jnb, tlv, blr, del, scl, itm, man",,1,,2,64,,2,,12,USD,month,12,false,false,Mastercard; VISA; PayPal,https://www.vultr.com/pricing/,2026-08-30
vultr:vultr-vhp-1c-2gb-amd-ewr-ord-dfw-sea-lax-atl-ams-lhr-fra-sjc-syd-yto-cdg-nrt-waw-mad-mxp-icn-mia-sgp-sto-mex-mel-bom-jnb-tlv-blr-del-scl-itm-man-35,Vultr,High Performance AMD 1C-2G,,South Africa,ZA,"ewr, ord, dfw, sea, lax, atl, ams, lhr, fra, sjc, syd, yto, cdg, nrt, waw, mad, mxp, icn, mia, sgp, sto, mex, mel, bom, jnb, tlv, blr, del, scl, itm, man",,1,,2,50,,3,,12,USD,month,12,false,false,Mastercard; VISA; PayPal,https://www.vultr.com/pricing/,2026-08-30
vultr:vultr-vhp-1c-2gb-intel-ewr-ord-dfw-sea-lax-atl-ams-lhr-fra-sjc-syd-yto-cdg-nrt-waw-mad-icn-mia-sgp-sto-mex-mel-hnl-bom-jnb-tlv-blr-del-scl-itm-man-51,Vultr,High Performance Intel 1C-2G,,South Africa,ZA,"ewr, ord, dfw, sea, lax, atl, ams, lhr, fra, sjc, syd, yto, cdg, nrt, waw, mad, icn, mia, sgp, sto, mex, mel, hnl, bom, jnb, tlv, blr, del, scl, itm, man",,1,,2,50,,3,,12,USD,month,12,false,false,Mastercard; VISA; PayPal,https://www.vultr.com/pricing/,2026-08-30
vultr:vultr-vhf-1c-2gb-ewr-ord-dfw-sea-lax-atl-ams-lhr-fra-sjc-syd-yto-cdg-nrt-waw-mad-icn-mia-sgp-sto-mex-mel-bom-jnb-tlv-blr-del-scl-itm-man-21,Vultr,High Frequency 1C-2G,,South Korea,KR,"ewr, ord, dfw, sea, lax, atl, ams, lhr, fra, sjc, syd, yto, cdg, nrt, waw, mad, icn, mia, sgp, sto, mex, mel, bom, jnb, tlv, blr, del, scl, itm, man",,1,,2,64,,2,,12,USD,month,12,false,false,Mastercard; VISA; PayPal,https://www.vultr.com/pricing/,2026-08-30
vultr:vultr-vhp-1c-2gb-amd-ewr-ord-dfw-sea-lax-atl-ams-lhr-fra-sjc-syd-yto-cdg-nrt-waw-mad-mxp-icn-mia-sgp-sto-mex-mel-bom-jnb-tlv-blr-del-scl-itm-man-35,Vultr,High Performance AMD 1C-2G,,South Korea,KR,"ewr, ord, dfw, sea, lax, atl, ams, lhr, fra, sjc, syd, yto, cdg, nrt, waw, mad, mxp, icn, mia, sgp, sto, mex, mel, bom, jnb, tlv, blr, del, scl, itm, man",,1,,2,50,,3,,12,USD,month,12,false,false,Mastercard; VISA; PayPal,https://www.vultr.com/pricing/,2026-08-30
vultr:vultr-vhp-1c-2gb-intel-ewr-ord-dfw-sea-lax-atl-ams-lhr-fra-sjc-syd-yto-cdg-nrt-waw-mad-icn-mia-sgp-sto-mex-mel-hnl-bom-jnb-tlv-blr-del-scl-itm-man-51,Vultr,High Performance Intel 1C-2G,,South Korea,KR,"ewr, ord, dfw, sea, lax, atl, ams, lhr, fra, sjc, syd, yto, cdg, nrt, waw, mad, icn, mia, sgp, sto, mex, mel, hnl, bom, jnb, tlv, blr, del, scl, itm, man",,1,,2,50,,3,,12,USD,month,12,false,false,Mastercard; VISA; PayPal,https://www.vultr.com/pricing/,2026-08-30
vultr:vultr-vhf-1c-2gb-ewr-ord-dfw-sea-lax-atl-ams-lhr-fra-sjc-syd-yto-cdg-nrt-waw-mad-icn-mia-sgp-sto-mex-mel-bom-jnb-tlv-blr-del-scl-itm-man-21,Vultr,High Frequency 1C-2G,,Spain,ES,"ewr, ord, dfw, sea, lax, atl, ams, lhr, fra, sjc, syd, yto, cdg, nrt, waw, mad, icn, mia, sgp, sto, mex, mel, bom, jnb, tlv, blr, del, scl, itm, man",,1,,2,64,,2,,12,USD,month,12,false,false,Mastercard; VISA; PayPal,https://www.vultr.com/pricing/,2026-08-30
vultr:vultr-vhp-1c-2gb-amd-ewr-ord-dfw-sea-lax-atl-ams-lhr-fra-sjc-syd-yto-cdg-nrt-waw-mad-mxp-icn-mia-sgp-sto-mex-mel-bom-jnb-tlv-blr-del-scl-itm-man-35,Vultr,High Performance AMD 1C-2G,,Spain,ES,"ewr, ord, dfw, sea, lax, atl, ams, lhr, fra, sjc, syd, yto, cdg, nrt, waw, mad, mxp, icn, mia, sgp, sto, mex, mel, bom, jnb, tlv, blr, del, scl, itm, man",,1,,2,50,,3,,12,USD,month,12,false,false,Mastercard; VISA; PayPal,https://www.vultr.com/pricing/,2026-08-30
vultr:vultr-vhp-1c-2gb-intel-ewr-ord-dfw-sea-lax-atl-ams-lhr-fra-sjc-syd-yto-cdg-nrt-waw-mad-icn-mia-sgp-sto-mex-mel-hnl-bom-jnb-tlv-blr-del-scl-itm-man-51,Vultr,High Performance Intel 1C-2G,,Spain,ES,"ewr, ord, dfw, sea, lax, atl, ams, lhr, fra, sjc, syd, yto, cdg, nrt, waw, mad, icn, mia, sgp, sto, mex, mel, hnl, bom, jnb, tlv, blr, del, scl, itm, man",,1,,2,50,,3,,12,USD,month,12,false,false,Mastercard; VISA; PayPal,https://www.vultr.com/pricing/,2026-08-30
vultr:vultr-vhf-1c-2gb-ewr-ord-dfw-sea-lax-atl-ams-lhr-fra-sjc-syd-yto-cdg-nrt-waw-mad-icn-mia-sgp-sto-mex-mel-bom-jnb-tlv-blr-del-scl-itm-man-21,Vultr,High Frequency 1C-2G,,Sweden,SE,"ewr, ord, dfw, sea, lax, atl, ams, lhr, fra, sjc, syd, yto, cdg, nrt, waw, mad, icn, mia, sgp, sto, mex, mel, bom, jnb, tlv, blr, del, scl, itm, man",,1,,2,64,,2,,12,USD,month,12,false,false,Mastercard; VISA; PayPal,https://www.vultr.com/pricing/,2026-08-30
vultr:vultr-vhp-1c-2gb-amd-ewr-ord-dfw-sea-lax-atl-ams-lhr-fra-sjc-syd-yto-cdg-nrt-waw-mad-mxp-icn-mia-sgp-sto-mex-mel-bom-jnb-tlv-blr-del-scl-itm-man-35,Vultr,High Performance AMD 1C-2G,,Sweden,SE,"ewr, ord, dfw, sea, lax, atl, ams, lhr, fra, sjc, syd, yto, cdg, nrt, waw, mad, mxp, icn, mia, sgp, sto, mex, mel, bom, jnb, tlv, blr, del, scl, itm, man",,1,,2,50,,3,,12,USD,month,12,false,false,Mastercard; VISA; PayPal,https://www.vultr.com/pricing/,2026-08-30
vultr:vultr-vhp-1c-2gb-intel-ewr-ord-dfw-sea-lax-atl-ams-lhr-fra-sjc-syd-yto-cdg-nrt-waw-mad-icn-mia-sgp-sto-mex-mel-hnl-bom-jnb-tlv-blr-del-scl-itm-man-51,Vultr,High Performance Intel 1C-2G,,Sweden,SE,"ewr, ord, dfw, sea, lax, atl, ams, lhr, fra, sjc, syd, yto, cdg, nrt, waw, mad, icn, mia, sgp, sto, mex, mel, hnl, bom, jnb, tlv, blr, del, scl, itm, man",,1,,2,50,,3,,12,USD,month,12,false,false,Mastercard; VISA; PayPal,https://www.vultr.com/pricing/,2026-08-30
vultr:vultr-vhf-1c-2gb-ewr-ord-dfw-sea-lax-atl-ams-lhr-fra-sjc-syd-yto-cdg-nrt-waw-mad-icn-mia-sgp-sto-mex-mel-bom-jnb-tlv-blr-del-scl-itm-man-21,Vultr,High Frequency 1C-2G,,United Kingdom,GB,"ewr, ord, dfw, sea, lax, atl, ams, lhr, fra, sjc, syd, yto, cdg, nrt, waw, mad, icn, mia, sgp, sto, mex, mel, bom, jnb, tlv, blr, del, scl, itm, man",,1,,2,64,,2,,12,USD,month,12,false,false,Mastercard; VISA; PayPal,https://www.vultr.com/pricing/,2026-08-30
vultr:vultr-vhp-1c-2gb-amd-ewr-ord-dfw-sea-lax-atl-ams-lhr-fra-sjc-syd-yto-cdg-nrt-waw-mad-mxp-icn-mia-sgp-sto-mex-mel-bom-jnb-tlv-blr-del-scl-itm-man-35,Vultr,High Performance AMD 1C-2G,,United Kingdom,GB,"ewr, ord, dfw, sea, lax, atl, ams, lhr, fra, sjc, syd, yto, cdg, nrt, waw, mad, mxp, icn, mia, sgp, sto, mex, mel, bom, jnb, tlv, blr, del, scl, itm, man",,1,,2,50,,3,,12,USD,month,12,false,false,Mastercard; VISA; PayPal,https://www.vultr.com/pricing/,2026-08-30
vultr:vultr-vhp-1c-2gb-intel-ewr-ord-dfw-sea-lax-atl-ams-lhr-fra-sjc-syd-yto-cdg-nrt-waw-mad-icn-mia-sgp-sto-mex-mel-hnl-bom-jnb-tlv-blr-del-scl-itm-man-51,Vultr,High Performance Intel 1C-2G,,United Kingdom,GB,"ewr, ord, dfw, sea, lax, atl, ams, lhr, fra, sjc, syd, yto, cdg, nrt, waw, mad, icn, mia, sgp, sto, mex, mel, hnl, bom, jnb, tlv, blr, del, scl, itm, man",,1,,2,50,,3,,12,USD,month,12,false,false,Mastercard; VISA; PayPal,https://www.vultr.com/pricing/,2026-08-30
vultr:vultr-vhf-1c-2gb-ewr-ord-dfw-sea-lax-atl-ams-lhr-fra-sjc-syd-yto-cdg-nrt-waw-mad-icn-mia-sgp-sto-mex-mel-bom-jnb-tlv-blr-del-scl-itm-man-21,Vultr,High Frequency 1C-2G,,USA,US,"ewr, ord, dfw, sea, lax, atl, ams, lhr, fra, sjc, syd, yto, cdg, nrt, waw, mad, icn, mia, sgp, sto, mex, mel, bom, jnb, tlv, blr, del, scl, itm, man",,1,,2,64,,2,,12,USD,month,12,false,false,Mastercard; VISA; PayPal,https://www.vultr.com/pricing/,2026-08-30
vultr:vultr-vhp-1c-2gb-amd-ewr-ord-dfw-sea-lax-atl-ams-lhr-fra-sjc-syd-yto-cdg-nrt-waw-mad-mxp-icn-mia-sgp-sto-mex-mel-bom-jnb-tlv-blr-del-scl-itm-man-35,Vultr,High Performance AMD 1C-2G,,USA,US,"ewr, ord, dfw, sea, lax, atl, ams, lhr, fra, sjc, syd, yto, cdg, nrt, waw, mad, mxp, icn, mia, sgp, sto, mex, mel, bom, jnb, tlv, blr, del, scl, itm, man",,1,,2,50,,3,,12,USD,month,12,false,false,Mastercard; VISA; PayPal,https://www.vultr.com/pricing/,2026-08-30
vultr:vultr-vhp-1c-2gb-intel-ewr-ord-dfw-sea-lax-atl-ams-lhr-fra-sjc-syd-yto-cdg-nrt-waw-mad-icn-mia-sgp-sto-mex-mel-hnl-bom-jnb-tlv-blr-del-scl-itm-man-51,Vultr,High Performance Intel 1C-2G,,USA,US,"ewr, ord, dfw, sea, lax, atl, ams, lhr, fra, sjc, syd, yto, cdg, nrt, waw, mad, icn, mia, sgp, sto, mex, mel, hnl, bom, jnb, tlv, blr, del, scl, itm, man",,1,,2,50,,3,,12,USD,month,12,false,false,Mastercard; VISA; PayPal,https://www.vultr.com/pricing/,2026-08-30
timeweb:timeweb-high-1-row-30,TimeWEB,High-1,,Russia,RU,Россия-Санкт-Петербург,,1,,1,15,NVMe,,200,1025,RUB,month,12.14,false,true,MIR; Mastercard; VISA; SberPay; SBP; YooMoney,https://timeweb.cloud/services/vds-vps?location=ru,2026-08-30
hostingvds:hostingvds-vds-kvm-nvme-hvds-8g-eu-1-43,HostingVDS,HVDS-8G-EU,,Bulgaria,BG,"Болгария, София (1Гбит/с)",,4,,8,75,NVMe,8,1000,10.69,EUR,month,12.25,true,true,BNB; BTC; DAI; ETH; LTC; POL; SOL; TON; TRX; USDC; USDT; MIR; SBP,https://my.hosting-vds.com/order/vds-kvm-ssd-eu/50,2026-08-30
hostingvds:hostingvds-vds-kvm-nvme-hvds-8g-eu-1-43,HostingVDS,HVDS-8G-EU,,Finland,FI,"Финляндия, Хельсинки (1Гбит/с)",,4,,8,75,NVMe,8,1000,10.69,EUR,month,12.25,true,true,BNB; BTC; DAI; ETH; LTC; POL; SOL; TON; TRX; USDC; USDT; MIR; SBP,https://my.hosting-vds.com/order/vds-kvm-ssd-eu/50,2026-08-30
hostingvds:hostingvds-vds-kvm-nvme-hvds-8g-eu-1-43,HostingVDS,HVDS-8G-EU,,Germany,DE,"Германия, Франкфурт (1Гбит/с)",,4,,8,75,NVMe,8,1000,10.69,EUR,month,12.25,true,true,BNB; BTC; DAI; ETH; LTC; POL; SOL; TON; TRX; USDC; USDT; MIR; SBP,https://my.hosting-vds.com/order/vds-kvm-ssd-eu/50,2026-08-30
hostingvds:hostingvds-vds-kvm-nvme-hvds-8g-eu-1-43,HostingVDS,HVDS-8G-EU,,Latvia,LV,"Латвия, Рига (1Гбит/с)",,4,,8,75,NVMe,8,1000,10.69,EUR,month,12.25,true,true,BNB; BTC; DAI; ETH; LTC; POL; SOL; TON; TRX; USDC; USDT; MIR; SBP,https://my.hosting-vds.com/order/vds-kvm-ssd-eu/50,2026-08-30
hostingvds:hostingvds-vds-kvm-nvme-hvds-8g-eu-1-43,HostingVDS,HVDS-8G-EU,,Poland,PL,"Польша, Варшава (1Гбит/с)",,4,,8,75,NVMe,8,1000,10.69,EUR,month,12.25,true,true,BNB; BTC; DAI; ETH; LTC; POL; SOL; TON; TRX; USDC; USDT; MIR; SBP,https://my.hosting-vds.com/order/vds-kvm-ssd-eu/50,2026-08-30
hostingvds:hostingvds-vds-kvm-nvme-hvds-8g-selectel-7,HostingVDS,HVDS-8G,,Russia,RU,"Россия, Москва - Selectel",,4,,8,90,NVMe,8,10000,10.69,EUR,month,12.25,true,true,BNB; BTC; DAI; ETH; LTC; POL; SOL; TON; TRX; USDC; USDT; MIR; SBP,https://my.hosting-vds.com/order/standart-vds/1,2026-08-30
hostingvds:hostingvds-vds-kvm-nvme-hvds-8g-eu-1-43,HostingVDS,HVDS-8G-EU,,Sweden,SE,"Швеция, Стокгольм (1Гбит/с)",,4,,8,75,NVMe,8,1000,10.69,EUR,month,12.25,true,true,BNB; BTC; DAI; ETH; LTC; POL; SOL; TON; TRX; USDC; USDT; MIR; SBP,https://my.hosting-vds.com/order/vds-kvm-ssd-eu/50,2026-08-30
smartape:smartape-linux-nvme-nvme-x2-40gb-datapro-moscow-i-ru-21,SmartApe,NVMe X2 · 40 GB,,Czech Republic,CZ,Host-Telecom (CZ),Linux; Windows,4,,2,40,NVMe,unlimited,200,1040,RUB,month,12.32,true,true,BNB; BTC; DOGE; ETH; HUMO; JCB; LTC; SOL; TRX; USDC; APRA; MIR; Mastercard; VISA; PayPal,https://www.smartape.ru/ssd-vps,2026-08-30
smartape:smartape-linux-nvme-nvme-x2-40gb-datapro-moscow-i-ru-21,SmartApe,NVMe X2 · 40 GB,,Israel,IL,Partner Group (IL),Linux; Windows,4,,2,40,NVMe,unlimited,200,1040,RUB,month,12.32,true,true,BNB; BTC; DOGE; ETH; HUMO; JCB; LTC; SOL; TRX; USDC; APRA; MIR; Mastercard; VISA; PayPal,https://www.smartape.ru/ssd-vps,2026-08-30
smartape:smartape-linux-nvme-nvme-x2-40gb-datapro-moscow-i-ru-21,SmartApe,NVMe X2 · 40 GB,,Russia,RU,DataPro Moscow I (RU),Linux; Windows,4,,2,40,NVMe,unlimited,200,1040,RUB,month,12.32,true,true,BNB; BTC; DOGE; ETH; HUMO; JCB; LTC; SOL; TRX; USDC; APRA; MIR; Mastercard; VISA; PayPal,https://www.smartape.ru/ssd-vps,2026-08-30
datacheap:datacheap-vps-advanced-nvme-row-17,DataCheap,VPS Advanced NVMe,,Czech Republic,CZ,Чехия,,4,,4,60,NVMe,,,1050,RUB,month,12.44,false,true,Bank card; SBP; PayPal; Bank transfer,https://datacheap.ru/services/arenda-vps-vds-serverov/,2026-08-30
datacheap:datacheap-vps-advanced-nvme-row-17,DataCheap,VPS Advanced NVMe,,Netherlands,NL,Нидерланды,,4,,4,60,NVMe,,,1050,RUB,month,12.44,false,true,Bank card; SBP; PayPal; Bank transfer,https://datacheap.ru/services/arenda-vps-vds-serverov/,2026-08-30
aeza:aeza-434-62-moscow-71,Aeza,NAS-1,,Russia,RU,62-MOSCOW,,1,,1,1024,HDD,unlimited,10000,11,EUR,month,12.61,true,true,BNB; BTC; ETH; LTC; SOL; TON; TRX; USDT; MIR; Mastercard; VISA,https://aeza.net/ru/storage-vps,2026-08-30
firstbyte:firstbyte-msk-highmem-kvm-ssd-4-row-15,Firstbyte,MSK-highmem-KVM-SSD-4,,Russia,RU,"Россия, Москва",,3,,16,50,SSD,8,200,1069,RUB,month,12.67,true,true,BNB; BTC; DOGE; ETH; LTC; SOL; TON; TRX; USDT; MIR; Mastercard; VISA; SBP; PayPal; YooMoney,https://firstbyte.ru/vps-vds/kvm-ssd/,2026-08-30
firstbyte:firstbyte-msk-highmem-kvm-sas-4-row-89,Firstbyte,MSK-highmem-KVM-SAS-4,,Russia,RU,"Россия, Москва",,3,,16,100,SAS+SSD,unlimited,,1069,RUB,month,12.67,true,true,BNB; BTC; DOGE; ETH; LTC; SOL; TON; TRX; USDT; MIR; Mastercard; VISA; SBP; PayPal; YooMoney,https://firstbyte.ru/vps-vds/kvm-sas/,2026-08-30
firstbyte:firstbyte-msk-highmem-kvm-ssd-4-row-120,Firstbyte,MSK-highmem-KVM-SSD-4,,Russia,RU,"Россия, Москва",,3,,16,50,SSD,unlimited,,1069,RUB,month,12.67,true,true,BNB; BTC; DOGE; ETH; LTC; SOL; TON; TRX; USDT; MIR; Mastercard; VISA; SBP; PayPal; YooMoney,https://firstbyte.ru/vps-vds/windows/,2026-08-30
firstvds:firstvds-vds-kvm-nvme-10-0-russia-8,FirstVDS,Razgon (NVMe),,Russia,RU,Russia,,2,,4,60,,unlimited,100,1069,RUB,month,12.67,false,true,MIR; Mastercard; VISA; SberPay; SBP; YooMoney,https://firstvds.ru/docs/tariffs.html,2026-08-30
aeza:aeza-446-26-msk-hi-cpu-77,Aeza,RX32-1,,Russia,RU,26-MSK-HI-CPU,,1,,2,30,,unlimited,25000,11.24,EUR,month,12.88,true,true,BNB; BTC; ETH; LTC; SOL; TON; TRX; USDT; MIR; Mastercard; VISA,https://aeza.net/ru/enterprise,2026-08-30
selectel:selectel-selectel-vds-4-8-80-row-5,Selectel,VDS 4-8-80,,Russia,RU,"Россия, Москва / Санкт-Петербург",,4,,8,80,NVMe,3,3000,1100,RUB,month,13.03,false,true,MIR; VISA; Mastercard; SBP; YooMoney; Bank transfer,https://selectel.ru/services/cloud/vps-vds/,2026-09-22
firstbyte:firstbyte-msk-kvm-sas-83-row-85,Firstbyte,MSK-KVM-SAS-83,,Russia,RU,"Россия, Москва",,7,,7,200,SAS+SSD,18,200,1109,RUB,month,13.14,true,true,BNB; BTC; DOGE; ETH; LTC; SOL; TON; TRX; USDT; MIR; Mastercard; VISA; SBP; PayPal; YooMoney,https://firstbyte.ru/vps-vds/kvm-sas/,2026-08-30
timeweb:timeweb-us-15-row-68,TimeWEB,US-15,,USA,US,США-Нью-Йорк,,1,,1,15,NVMe,,200,1140,RUB,month,13.51,false,true,MIR; Mastercard; VISA; SberPay; SBP; YooMoney,https://timeweb.cloud/services/vds-vps?location=nyc,2026-08-30
aeza:aeza-417-18-vienna-12,Aeza,VIEs-2,,Austria,AT,18-VIENNA,,2,,4,60,,unlimited,1000,11.87,EUR,month,13.61,true,true,BNB; BTC; ETH; LTC; SOL; TON; TRX; USDT; MIR; Mastercard; VISA,https://aeza.net/ru/virtual-servers,2026-08-30
aeza:aeza-417-18-vienna-12,Aeza,HELs-2,,Finland,FI,34-HELSINKI,,2,,4,60,,unlimited,1000,11.87,EUR,month,13.61,true,true,BNB; BTC; ETH; LTC; SOL; TON; TRX; USDT; MIR; Mastercard; VISA,https://aeza.net/ru/virtual-servers,2026-08-30
aeza:aeza-417-18-vienna-12,Aeza,PARs-2,,France,FR,40-PARIS,,2,,4,60,,unlimited,1000,11.87,EUR,month,13.61,true,true,BNB; BTC; ETH; LTC; SOL; TON; TRX; USDT; MIR; Mastercard; VISA,https://aeza.net/ru/virtual-servers,2026-08-30
aeza:aeza-154-17-moscow-7,Aeza,MSKs-2,SPBs-2,Russia,RU,17-MOSCOW; 65-SAINT-PETERSBURG,,2,,4,60,,unlimited,25000,11.87,EUR,month,13.61,true,true,BNB; BTC; ETH; LTC; SOL; TON; TRX; USDT; MIR; Mastercard; VISA,https://aeza.net/ru/virtual-servers,2026-08-30
aeza:aeza-363-37-stockholm-32,Aeza,SWEs-2,,Sweden,SE,37-STOCKHOLM,,2,,4,60,,unlimited,1000,11.87,EUR,month,13.61,true,true,BNB; BTC; ETH; LTC; SOL; TON; TRX; USDT; MIR; Mastercard; VISA,https://aeza.net/ru/virtual-servers,2026-08-30
spacecore:spacecore-de-u20-germany-12,Spacecore,DE U20,,Germany,DE,Germany,,2,,4,75,NVMe,20,5000,11.9,EUR,month,13.64,true,true,ADA; ARB; BCH; BNB; BTC; DAI; DOGE; ETH; IMX; LTC; POL; SHIB; SOL; TON; TRX; USDC; USDT; XLM; XRP; MIR; Mastercard; VISA; SEPA; SBP; PayPal,https://spacecore.pro/en/virtual-servers/,2026-08-30
spacecore:spacecore-nl-u20-netherlands-18,Spacecore,NL U20,,Netherlands,NL,Netherlands,,2,,4,75,NVMe,20,5000,11.9,EUR,month,13.64,true,true,ADA; ARB; BCH; BNB; BTC; DAI; DOGE; ETH; IMX; LTC; POL; SHIB; SOL; TON; TRX; USDC; USDT; XLM; XRP; MIR; Mastercard; VISA; SEPA; SBP; PayPal,https://spacecore.pro/en/virtual-servers/,2026-08-30
zomro:zomro-zomro-basic-optimal-netherlands-10,Zomro,Basic Optimal,,Germany,DE,Germany,,2,,5,35,,2,,11.95,EUR,month,13.7,true,true,BNB; BTC; ETH; SOL; TON; USDC; USDT; MIR; Mastercard; VISA; SBP; PayPal,https://zomro.com/vps/basic,2026-08-30
zomro:zomro-zomro-basic-optimal-netherlands-10,Zomro,Basic Optimal,,Netherlands,NL,Netherlands,,2,,5,35,,2,,11.95,EUR,month,13.7,true,true,BNB; BTC; ETH; SOL; TON; USDC; USDT; MIR; Mastercard; VISA; SBP; PayPal,https://zomro.com/vps/basic,2026-08-30
zomro:zomro-zomro-basic-optimal-netherlands-10,Zomro,Basic Optimal,,USA,US,USA,,2,,5,35,,2,,11.95,EUR,month,13.7,true,true,BNB; BTC; ETH; SOL; TON; USDC; USDT; MIR; Mastercard; VISA; SBP; PayPal,https://zomro.com/vps/basic,2026-08-30
hostingvds:hostingvds-vds-kvm-nvme-amd-hi-cpu-6g-row-123,HostingVDS,Hi-CPU-6G,,Russia,RU,"Россия, Москва",,2,,6,70,NVMe,6,10000,12,EUR,month,13.76,true,true,BNB; BTC; DAI; ETH; LTC; POL; SOL; TON; TRX; USDC; USDT; MIR; SBP,https://my.hosting-vds.com/order/performance-vds-amd-epyc/34,2026-08-30
hostingvds:hostingvds-vds-kvm-nvme-hvds-8g-usa-1-100,HostingVDS,HVDS-8G-USA,,USA,US,"США, Нью-Йорк (1Гбит/с)",,4,,8,75,NVMe,8,1000,12,EUR,month,13.76,true,true,BNB; BTC; DAI; ETH; LTC; POL; SOL; TON; TRX; USDC; USDT; MIR; SBP,https://my.hosting-vds.com/order/vds-kvm-nvme-usa/70,2026-08-30
mevspace:mevspace-gp-4-poland-1,MevSpace,GP-4,,Poland,PL,Poland,,2,,4,80,SSD,unlimited,500,12,EUR,month,13.76,true,false,BCC; BCH; BTC; BUSD; DAI; DASH; DOGE; ETH; GUSD; LSK; LTC; SHIB; SOL; TRX; USDC; USDP; WBTC; XRP; ZEC; ZND; Mastercard; VISA; SEPA; PayPal,https://mevspace.com/vps-cloud?id=general-purpose,2026-08-30
hostkey:hostkey-vm-v3-mini-nl-fi-gb-es-it-us-fr-pl-ch-is-21,HOSTKEY,vm.v3-mini,,Finland,FI,"NL, FI, GB, ES, IT, US, FR, PL, CH, IS",,4,,8,120,NVMe,3,1000,12.14,EUR,month,13.92,true,false,VISA; Mastercard; American Express; UnionPay; PayPal; Alipay; WebMoney; BTC; Bank transfer,https://hostkey.com/vps/,2026-09-24
hostkey:hostkey-vm-v3-mini-nl-fi-gb-es-it-us-fr-pl-ch-is-21,HOSTKEY,vm.v3-mini,,France,FR,"NL, FI, GB, ES, IT, US, FR, PL, CH, IS",,4,,8,120,NVMe,3,1000,12.14,EUR,month,13.92,true,false,VISA; Mastercard; American Express; UnionPay; PayPal; Alipay; WebMoney; BTC; Bank transfer,https://hostkey.com/vps/,2026-09-24
hostkey:hostkey-vm-v3-mini-nl-fi-gb-es-it-us-fr-pl-ch-is-21,HOSTKEY,vm.v3-mini,,Italy,IT,"NL, FI, GB, ES, IT, US, FR, PL, CH, IS",,4,,8,120,NVMe,3,1000,12.14,EUR,month,13.92,true,false,VISA; Mastercard; American Express; UnionPay; PayPal; Alipay; WebMoney; BTC; Bank transfer,https://hostkey.com/vps/,2026-09-24
hostkey:hostkey-vm-v3-mini-nl-fi-gb-es-it-us-fr-pl-ch-is-21,HOSTKEY,vm.v3-mini,,Netherlands,NL,"NL, FI, GB, ES, IT, US, FR, PL, CH, IS",,4,,8,120,NVMe,3,1000,12.14,EUR,month,13.92,true,false,VISA; Mastercard; American Express; UnionPay; PayPal; Alipay; WebMoney; BTC; Bank transfer,https://hostkey.com/vps/,2026-09-24
hostkey:hostkey-vm-v3-mini-nl-fi-gb-es-it-us-fr-pl-ch-is-21,HOSTKEY,vm.v3-mini,,Poland,PL,"NL, FI, GB, ES, IT, US, FR, PL, CH, IS",,4,,8,120,NVMe,3,1000,12.14,EUR,month,13.92,true,false,VISA; Mastercard; American Express; UnionPay; PayPal; Alipay; WebMoney; BTC; Bank transfer,https://hostkey.com/vps/,2026-09-24
hostkey:hostkey-vm-v3-mini-nl-fi-gb-es-it-us-fr-pl-ch-is-21,HOSTKEY,vm.v3-mini,,Spain,ES,"NL, FI, GB, ES, IT, US, FR, PL, CH, IS",,4,,8,120,NVMe,3,1000,12.14,EUR,month,13.92,true,false,VISA; Mastercard; American Express; UnionPay; PayPal; Alipay; WebMoney; BTC; Bank transfer,https://hostkey.com/vps/,2026-09-24
hostkey:hostkey-vm-v3-mini-nl-fi-gb-es-it-us-fr-pl-ch-is-21,HOSTKEY,vm.v3-mini,,Switzerland,CH,"NL, FI, GB, ES, IT, US, FR, PL, CH, IS",,4,,8,120,NVMe,3,1000,12.14,EUR,month,13.92,true,false,VISA; Mastercard; American Express; UnionPay; PayPal; Alipay; WebMoney; BTC; Bank transfer,https://hostkey.com/vps/,2026-09-24
hostkey:hostkey-vm-v3-mini-nl-fi-gb-es-it-us-fr-pl-ch-is-21,HOSTKEY,vm.v3-mini,,United Kingdom,GB,"NL, FI, GB, ES, IT, US, FR, PL, CH, IS",,4,,8,120,NVMe,3,1000,12.14,EUR,month,13.92,true,false,VISA; Mastercard; American Express; UnionPay; PayPal; Alipay; WebMoney; BTC; Bank transfer,https://hostkey.com/vps/,2026-09-24
hostkey:hostkey-vm-v3-mini-nl-fi-gb-es-it-us-fr-pl-ch-is-21,HOSTKEY,vm.v3-mini,,USA,US,"NL, FI, GB, ES, IT, US, FR, PL, CH, IS",,4,,8,120,NVMe,3,1000,12.14,EUR,month,13.92,true,false,VISA; Mastercard; American Express; UnionPay; PayPal; Alipay; WebMoney; BTC; Bank transfer,https://hostkey.com/vps/,2026-09-24
aeza:aeza-380-51-london-56,Aeza,LND-1,,United Kingdom,GB,51-LONDON,,1,,2,30,,unlimited,1000,12.18,EUR,month,13.96,true,true,BNB; BTC; ETH; LTC; SOL; TON; TRX; USDT; MIR; Mastercard; VISA,https://aeza.net/ru/virtual-servers,2026-08-30
firstbyte:firstbyte-msk-highhdd-kvm-sas-4-row-95,Firstbyte,MSK-highhdd-KVM-SAS-4,,Russia,RU,"Россия, Москва",,1,,1,440,SAS+SSD,unlimited,,1189,RUB,month,14.09,true,true,BNB; BTC; DOGE; ETH; LTC; SOL; TON; TRX; USDT; MIR; Mastercard; VISA; SBP; PayPal; YooMoney,https://firstbyte.ru/vps-vds/kvm-sas/,2026-08-30
smartape:smartape-linux-nvme-nvme-x1-80gb-datapro-moscow-i-ru-13,SmartApe,NVMe X1 · 80 GB,,Czech Republic,CZ,Host-Telecom (CZ),Linux,2,,1,80,NVMe,unlimited,200,1195,RUB,month,14.16,true,true,BNB; BTC; DOGE; ETH; HUMO; JCB; LTC; SOL; TRX; USDC; APRA; MIR; Mastercard; VISA; PayPal,https://www.smartape.ru/ssd-vps,2026-08-30
smartape:smartape-linux-nvme-nvme-x1-80gb-datapro-moscow-i-ru-13,SmartApe,NVMe X1 · 80 GB,,Israel,IL,Partner Group (IL),Linux,2,,1,80,NVMe,unlimited,200,1195,RUB,month,14.16,true,true,BNB; BTC; DOGE; ETH; HUMO; JCB; LTC; SOL; TRX; USDC; APRA; MIR; Mastercard; VISA; PayPal,https://www.smartape.ru/ssd-vps,2026-08-30
smartape:smartape-linux-nvme-nvme-x1-80gb-datapro-moscow-i-ru-13,SmartApe,NVMe X1 · 80 GB,,Russia,RU,DataPro Moscow I (RU),Linux,2,,1,80,NVMe,unlimited,200,1195,RUB,month,14.16,true,true,BNB; BTC; DOGE; ETH; HUMO; JCB; LTC; SOL; TRX; USDC; APRA; MIR; Mastercard; VISA; PayPal,https://www.smartape.ru/ssd-vps,2026-08-30
macloud:macloud-standard-3-russia-moscow-datapro-3,Macloud,Standard 3,,Russia,RU,Russia-Moscow-DataPro,,2,,4,100,NVMe,32,1000,1200,RUB,month,14.22,true,true,BNB; BTC; DOGE; ETH; LTC; SOL; TON; TRX; USDC; USDT; MIR; Mastercard; VISA; SBP; Invoice for organization; YooMoney,https://macloud.ru/,2026-08-30
timeweb:timeweb-msk-50-row-2,TimeWEB,MSK 50,Cloud-50,Russia,RU,Россия-Москва; Россия-Санкт-Петербург,,2,,4,50,NVMe,,1000,1200,RUB,month,14.22,false,true,MIR; Mastercard; VISA; SberPay; SBP; YooMoney,https://timeweb.cloud/services/vds-vps,2026-08-30
vdsina:vdsina-vdsina-ru-standard-3-moscow-3,VDSina,Standard 3,,Russia,RU,Moscow,,2,,4,100,NVMe,32,1000,1200,RUB,month,14.22,true,true,BNB; BTC; DOGE; ETH; LTC; SOL; TON; TRX; USDT; MIR; Mastercard; VISA; SBP; Invoice for organization; YooMoney,https://vdsina.ru/pricing/standard,2026-08-30
ovhcloud-nl:ovhcloud-nl-vps-3-netherlands-3,OVHcloud NL,VPS-3,,Netherlands,NL,Netherlands,,6,,12,100,NVMe,unlimited,2000,12.58,EUR,month,14.42,false,false,VISA; Mastercard; American Express; PayPal; SEPA; Bank transfer,https://www.ovhcloud.com/nl/vps/,2026-08-30
netcup:netcup-root-server-rs-1000-g12-nuremberg-vienna-manassas-singapore-no-preference-europe-faq-also-lists-amsterdam-18,netcup,RS 1000 G12,,Austria,AT,Nuremberg/Vienna/Manassas/Singapore/No preference Europe; FAQ also lists Amsterdam,,4,,8,256,NVMe,unlimited,2500,12.79,EUR,month,14.66,false,false,Bank card; PayPal; SEPA; Bank transfer,https://www.netcup.com/en/server/root-server,2026-08-30
netcup:netcup-root-server-rs-1000-g12-nuremberg-vienna-manassas-singapore-no-preference-europe-faq-also-lists-amsterdam-18,netcup,RS 1000 G12,,Germany,DE,Nuremberg/Vienna/Manassas/Singapore/No preference Europe; FAQ also lists Amsterdam,,4,,8,256,NVMe,unlimited,2500,12.79,EUR,month,14.66,false,false,Bank card; PayPal; SEPA; Bank transfer,https://www.netcup.com/en/server/root-server,2026-08-30
netcup:netcup-root-server-rs-1000-g12-nuremberg-vienna-manassas-singapore-no-preference-europe-faq-also-lists-amsterdam-18,netcup,RS 1000 G12,,Netherlands,NL,Nuremberg/Vienna/Manassas/Singapore/No preference Europe; FAQ also lists Amsterdam,,4,,8,256,NVMe,unlimited,2500,12.79,EUR,month,14.66,false,false,Bank card; PayPal; SEPA; Bank transfer,https://www.netcup.com/en/server/root-server,2026-08-30
netcup:netcup-root-server-rs-1000-g12-nuremberg-vienna-manassas-singapore-no-preference-europe-faq-also-lists-amsterdam-18,netcup,RS 1000 G12,,Singapore,SG,Nuremberg/Vienna/Manassas/Singapore/No preference Europe; FAQ also lists Amsterdam,,4,,8,256,NVMe,unlimited,2500,12.79,EUR,month,14.66,false,false,Bank card; PayPal; SEPA; Bank transfer,https://www.netcup.com/en/server/root-server,2026-08-30
netcup:netcup-root-server-rs-1000-g12-nuremberg-vienna-manassas-singapore-no-preference-europe-faq-also-lists-amsterdam-18,netcup,RS 1000 G12,,USA,US,Nuremberg/Vienna/Manassas/Singapore/No preference Europe; FAQ also lists Amsterdam,,4,,8,256,NVMe,unlimited,2500,12.79,EUR,month,14.66,false,false,Bank card; PayPal; SEPA; Bank transfer,https://www.netcup.com/en/server/root-server,2026-08-30
timeweb:timeweb-nsk-40-row-43,TimeWEB,NSK 40,,Russia,RU,Россия-Новосибирск,,2,,2,40,NVMe,,100,1240,RUB,month,14.69,false,true,MIR; Mastercard; VISA; SberPay; SBP; YooMoney,https://timeweb.cloud/services/vds-vps?location=ru-nsk,2026-08-30
timeweb:timeweb-high-msk-1-1-15-row-6,TimeWEB,High MSK 1/1/15,,Russia,RU,Россия-Москва,,1,,1,15,NVMe,,1000,1245,RUB,month,14.75,false,true,MIR; Mastercard; VISA; SberPay; SBP; YooMoney,https://timeweb.cloud/services/vds-vps,2026-08-30
1cent-host:1cent-host-254-pl-34,1cent.host,PL-3,,Poland,PL,PL,,4,,8,100,NVMe,,10000,1250,RUB,month,14.81,,,,https://1cent.host/,2026-08-30
hostingvds:hostingvds-hi-memory-vds-kvm-nvme-memory-12g-selectel-107,HostingVDS,MEMORY-12G,,Russia,RU,"Россия, Москва - Selectel",,3,,12,70,NVMe,4,10000,12.99,EUR,month,14.89,true,true,BNB; BTC; DAI; ETH; LTC; POL; SOL; TON; TRX; USDC; USDT; MIR; SBP,https://my.hosting-vds.com/order/memory-vds-kvm-nvme/18,2026-08-30
cherryservers:cherryservers-902-lt-siauliai-30,Cherry Servers,Cloud VPS 6 (Gen 2),,Lithuania,LT,lt-siauliai,,6,,6,100,SSD,1,1000,13,EUR,month,14.9,true,false,Bank card; PayPal; Google Pay; Apple Pay; Alipay; Bank transfer; BTC; ETH; SOL; ADA; USDC; POL; BNB; LTC; DOGE; XRP; TRX; DAI; SHIB; BCH,https://www.cherryservers.com/pricing/virtual-servers/b2-6-6gb-100s-shared?region=lt-siauliai&billing=3&currency=EUR,2026-08-30
cherryservers:cherryservers-902-lt-siauliai-30,Cherry Servers,Cloud VPS 6 (Gen 2),,Netherlands,NL,nl-amsterdam,,6,,6,100,SSD,1,1000,13,EUR,month,14.9,true,false,Bank card; PayPal; Google Pay; Apple Pay; Alipay; Bank transfer; BTC; ETH; SOL; ADA; USDC; POL; BNB; LTC; DOGE; XRP; TRX; DAI; SHIB; BCH,https://www.cherryservers.com/pricing/virtual-servers/b2-6-6gb-100s-shared?region=nl-amsterdam&billing=3&currency=EUR,2026-08-30
cherryservers:cherryservers-902-lt-siauliai-30,Cherry Servers,Cloud VPS 6 (Gen 2),,USA,US,us-chicago,,6,,6,100,SSD,1,1000,13,EUR,month,14.9,true,false,Bank card; PayPal; Google Pay; Apple Pay; Alipay; Bank transfer; BTC; ETH; SOL; ADA; USDC; POL; BNB; LTC; DOGE; XRP; TRX; DAI; SHIB; BCH,https://www.cherryservers.com/pricing/virtual-servers/b2-6-6gb-100s-shared?region=us-chicago&billing=3&currency=EUR,2026-08-30
firstbyte:firstbyte-eu-kvm-ssd-3-fin-row-21,Firstbyte,EU-KVM-SSD-3-SOF,,Bulgaria,BG,"Болгария, София",,4,,3,50,SSD,6,200,1259,RUB,month,14.92,true,true,BNB; BTC; DOGE; ETH; LTC; SOL; TON; TRX; USDT; MIR; Mastercard; VISA; SBP; PayPal; YooMoney,https://firstbyte.ru/vps-vds/bulgaria/,2026-08-30
firstbyte:firstbyte-eu-kvm-ssd-3-fin-row-21,Firstbyte,EU-KVM-SSD-3-FIN,,Finland,FI,"Финляндия, Хельсинки",,4,,3,50,SSD,6,200,1259,RUB,month,14.92,true,true,BNB; BTC; DOGE; ETH; LTC; SOL; TON; TRX; USDT; MIR; Mastercard; VISA; SBP; PayPal; YooMoney,https://firstbyte.ru/vps-vds/finland/,2026-08-30
firstbyte:firstbyte-eu-kvm-ssd-3-fin-row-21,Firstbyte,EU-KVM-SSD-3-PAR,,France,FR,"Франция, Париж",,4,,3,50,SSD,6,200,1259,RUB,month,14.92,true,true,BNB; BTC; DOGE; ETH; LTC; SOL; TON; TRX; USDT; MIR; Mastercard; VISA; SBP; PayPal; YooMoney,https://firstbyte.ru/vps-vds/france/,2026-08-30
firstbyte:firstbyte-eu-kvm-ssd-3-fin-row-21,Firstbyte,EU-KVM-SSD-3-FRA,,Germany,DE,"Германия, Франкфурт",,4,,3,50,SSD,6,200,1259,RUB,month,14.92,true,true,BNB; BTC; DOGE; ETH; LTC; SOL; TON; TRX; USDT; MIR; Mastercard; VISA; SBP; PayPal; YooMoney,https://firstbyte.ru/vps-vds/germany/,2026-08-30
firstbyte:firstbyte-eu-kvm-ssd-3-fin-row-21,Firstbyte,KVM-SSD-3-TK,,Japan,JP,"Япония, Токио",,4,,3,50,SSD,6,200,1259,RUB,month,14.92,true,true,BNB; BTC; DOGE; ETH; LTC; SOL; TON; TRX; USDT; MIR; Mastercard; VISA; SBP; PayPal; YooMoney,https://firstbyte.ru/vps-vds/japan/,2026-08-30
firstbyte:firstbyte-eu-kvm-ssd-3-fin-row-21,Firstbyte,EU-KVM-SSD-3-AMS,,Netherlands,NL,"Нидерланды, Амстердам",,4,,3,50,SSD,6,200,1259,RUB,month,14.92,true,true,BNB; BTC; DOGE; ETH; LTC; SOL; TON; TRX; USDT; MIR; Mastercard; VISA; SBP; PayPal; YooMoney,https://firstbyte.ru/vps-vds/netherlands/,2026-08-30
firstbyte:firstbyte-eu-kvm-ssd-3-fin-row-21,Firstbyte,KVM-SSD-3-SG,,Singapore,SG,Сингапур,,4,,3,50,SSD,6,200,1259,RUB,month,14.92,true,true,BNB; BTC; DOGE; ETH; LTC; SOL; TON; TRX; USDT; MIR; Mastercard; VISA; SBP; PayPal; YooMoney,https://firstbyte.ru/vps-vds/kvm-ssd-asia/,2026-08-30
firstbyte:firstbyte-eu-kvm-ssd-3-fin-row-21,Firstbyte,EU-KVM-SSD-3-MAD,,Spain,ES,"Испания, Мадрид",,4,,3,50,SSD,6,200,1259,RUB,month,14.92,true,true,BNB; BTC; DOGE; ETH; LTC; SOL; TON; TRX; USDT; MIR; Mastercard; VISA; SBP; PayPal; YooMoney,https://firstbyte.ru/vps-vds/spain/,2026-08-30
firstbyte:firstbyte-eu-kvm-ssd-3-fin-row-21,Firstbyte,KVM-SSD-3-DB,,UAE,AE,"ОАЭ, Дубай",,4,,3,50,SSD,6,200,1259,RUB,month,14.92,true,true,BNB; BTC; DOGE; ETH; LTC; SOL; TON; TRX; USDT; MIR; Mastercard; VISA; SBP; PayPal; YooMoney,https://firstbyte.ru/vps-vds/oae/,2026-08-30
firstbyte:firstbyte-eu-kvm-ssd-3-fin-row-21,Firstbyte,US-KVM-SSD-3,,USA,US,"США, Нью-Йорк",,4,,3,50,SSD,6,200,1259,RUB,month,14.92,true,true,BNB; BTC; DOGE; ETH; LTC; SOL; TON; TRX; USDT; MIR; Mastercard; VISA; SBP; PayPal; YooMoney,https://firstbyte.ru/vps-vds/kvm-ssd-us/,2026-08-30
vultr:vultr-vc2-2c-2gb-ewr-ord-dfw-sea-lax-atl-ams-lhr-fra-sjc-syd-yto-cdg-nrt-waw-mad-icn-mia-sgp-sto-mex-mel-bom-jnb-tlv-blr-del-scl-itm-man-7,Vultr,Cloud Compute 2C-2G,,Australia,AU,"ewr, ord, dfw, sea, lax, atl, ams, lhr, fra, sjc, syd, yto, cdg, nrt, waw, mad, icn, mia, sgp, sto, mex, mel, bom, jnb, tlv, blr, del, scl, itm, man",,2,,2,65,SSD,3,,15,USD,month,15,false,false,Mastercard; VISA; PayPal,https://www.vultr.com/pricing/,2026-08-30
vultr:vultr-vc2-1c-2gb-sao-sao-6,Vultr,Cloud Compute 1C-2G,,Brazil,BR,sao,,1,,2,55,SSD,2,,15,USD,month,15,false,false,Mastercard; VISA; PayPal,https://www.vultr.com/pricing/,2026-08-30
vultr:vultr-vc2-2c-2gb-ewr-ord-dfw-sea-lax-atl-ams-lhr-fra-sjc-syd-yto-cdg-nrt-waw-mad-icn-mia-sgp-sto-mex-mel-bom-jnb-tlv-blr-del-scl-itm-man-7,Vultr,Cloud Compute 2C-2G,,Canada,CA,"ewr, ord, dfw, sea, lax, atl, ams, lhr, fra, sjc, syd, yto, cdg, nrt, waw, mad, icn, mia, sgp, sto, mex, mel, bom, jnb, tlv, blr, del, scl, itm, man",,2,,2,65,SSD,3,,15,USD,month,15,false,false,Mastercard; VISA; PayPal,https://www.vultr.com/pricing/,2026-08-30
vultr:vultr-vc2-2c-2gb-ewr-ord-dfw-sea-lax-atl-ams-lhr-fra-sjc-syd-yto-cdg-nrt-waw-mad-icn-mia-sgp-sto-mex-mel-bom-jnb-tlv-blr-del-scl-itm-man-7,Vultr,Cloud Compute 2C-2G,,Chile,CL,"ewr, ord, dfw, sea, lax, atl, ams, lhr, fra, sjc, syd, yto, cdg, nrt, waw, mad, icn, mia, sgp, sto, mex, mel, bom, jnb, tlv, blr, del, scl, itm, man",,2,,2,65,SSD,3,,15,USD,month,15,false,false,Mastercard; VISA; PayPal,https://www.vultr.com/pricing/,2026-08-30
vultr:vultr-vc2-2c-2gb-ewr-ord-dfw-sea-lax-atl-ams-lhr-fra-sjc-syd-yto-cdg-nrt-waw-mad-icn-mia-sgp-sto-mex-mel-bom-jnb-tlv-blr-del-scl-itm-man-7,Vultr,Cloud Compute 2C-2G,,France,FR,"ewr, ord, dfw, sea, lax, atl, ams, lhr, fra, sjc, syd, yto, cdg, nrt, waw, mad, icn, mia, sgp, sto, mex, mel, bom, jnb, tlv, blr, del, scl, itm, man",,2,,2,65,SSD,3,,15,USD,month,15,false,false,Mastercard; VISA; PayPal,https://www.vultr.com/pricing/,2026-08-30
vultr:vultr-vc2-2c-2gb-ewr-ord-dfw-sea-lax-atl-ams-lhr-fra-sjc-syd-yto-cdg-nrt-waw-mad-icn-mia-sgp-sto-mex-mel-bom-jnb-tlv-blr-del-scl-itm-man-7,Vultr,Cloud Compute 2C-2G,,Germany,DE,"ewr, ord, dfw, sea, lax, atl, ams, lhr, fra, sjc, syd, yto, cdg, nrt, waw, mad, icn, mia, sgp, sto, mex, mel, bom, jnb, tlv, blr, del, scl, itm, man",,2,,2,65,SSD,3,,15,USD,month,15,false,false,Mastercard; VISA; PayPal,https://www.vultr.com/pricing/,2026-08-30
vultr:vultr-vc2-2c-2gb-ewr-ord-dfw-sea-lax-atl-ams-lhr-fra-sjc-syd-yto-cdg-nrt-waw-mad-icn-mia-sgp-sto-mex-mel-bom-jnb-tlv-blr-del-scl-itm-man-7,Vultr,Cloud Compute 2C-2G,,India,IN,"ewr, ord, dfw, sea, lax, atl, ams, lhr, fra, sjc, syd, yto, cdg, nrt, waw, mad, icn, mia, sgp, sto, mex, mel, bom, jnb, tlv, blr, del, scl, itm, man",,2,,2,65,SSD,3,,15,USD,month,15,false,false,Mastercard; VISA; PayPal,https://www.vultr.com/pricing/,2026-08-30
vultr:vultr-vc2-2c-2gb-ewr-ord-dfw-sea-lax-atl-ams-lhr-fra-sjc-syd-yto-cdg-nrt-waw-mad-icn-mia-sgp-sto-mex-mel-bom-jnb-tlv-blr-del-scl-itm-man-7,Vultr,Cloud Compute 2C-2G,,Israel,IL,"ewr, ord, dfw, sea, lax, atl, ams, lhr, fra, sjc, syd, yto, cdg, nrt, waw, mad, icn, mia, sgp, sto, mex, mel, bom, jnb, tlv, blr, del, scl, itm, man",,2,,2,65,SSD,3,,15,USD,month,15,false,false,Mastercard; VISA; PayPal,https://www.vultr.com/pricing/,2026-08-30
vultr:vultr-vc2-2c-2gb-ewr-ord-dfw-sea-lax-atl-ams-lhr-fra-sjc-syd-yto-cdg-nrt-waw-mad-icn-mia-sgp-sto-mex-mel-bom-jnb-tlv-blr-del-scl-itm-man-7,Vultr,Cloud Compute 2C-2G,,Japan,JP,"ewr, ord, dfw, sea, lax, atl, ams, lhr, fra, sjc, syd, yto, cdg, nrt, waw, mad, icn, mia, sgp, sto, mex, mel, bom, jnb, tlv, blr, del, scl, itm, man",,2,,2,65,SSD,3,,15,USD,month,15,false,false,Mastercard; VISA; PayPal,https://www.vultr.com/pricing/,2026-08-30
vultr:vultr-vc2-2c-2gb-ewr-ord-dfw-sea-lax-atl-ams-lhr-fra-sjc-syd-yto-cdg-nrt-waw-mad-icn-mia-sgp-sto-mex-mel-bom-jnb-tlv-blr-del-scl-itm-man-7,Vultr,Cloud Compute 2C-2G,,Mexico,MX,"ewr, ord, dfw, sea, lax, atl, ams, lhr, fra, sjc, syd, yto, cdg, nrt, waw, mad, icn, mia, sgp, sto, mex, mel, bom, jnb, tlv, blr, del, scl, itm, man",,2,,2,65,SSD,3,,15,USD,month,15,false,false,Mastercard; VISA; PayPal,https://www.vultr.com/pricing/,2026-08-30
vultr:vultr-vc2-2c-2gb-ewr-ord-dfw-sea-lax-atl-ams-lhr-fra-sjc-syd-yto-cdg-nrt-waw-mad-icn-mia-sgp-sto-mex-mel-bom-jnb-tlv-blr-del-scl-itm-man-7,Vultr,Cloud Compute 2C-2G,,Netherlands,NL,"ewr, ord, dfw, sea, lax, atl, ams, lhr, fra, sjc, syd, yto, cdg, nrt, waw, mad, icn, mia, sgp, sto, mex, mel, bom, jnb, tlv, blr, del, scl, itm, man",,2,,2,65,SSD,3,,15,USD,month,15,false,false,Mastercard; VISA; PayPal,https://www.vultr.com/pricing/,2026-08-30
vultr:vultr-vc2-2c-2gb-ewr-ord-dfw-sea-lax-atl-ams-lhr-fra-sjc-syd-yto-cdg-nrt-waw-mad-icn-mia-sgp-sto-mex-mel-bom-jnb-tlv-blr-del-scl-itm-man-7,Vultr,Cloud Compute 2C-2G,,Poland,PL,"ewr, ord, dfw, sea, lax, atl, ams, lhr, fra, sjc, syd, yto, cdg, nrt, waw, mad, icn, mia, sgp, sto, mex, mel, bom, jnb, tlv, blr, del, scl, itm, man",,2,,2,65,SSD,3,,15,USD,month,15,false,false,Mastercard; VISA; PayPal,https://www.vultr.com/pricing/,2026-08-30
vultr:vultr-vc2-2c-2gb-ewr-ord-dfw-sea-lax-atl-ams-lhr-fra-sjc-syd-yto-cdg-nrt-waw-mad-icn-mia-sgp-sto-mex-mel-bom-jnb-tlv-blr-del-scl-itm-man-7,Vultr,Cloud Compute 2C-2G,,Singapore,SG,"ewr, ord, dfw, sea, lax, atl, ams, lhr, fra, sjc, syd, yto, cdg, nrt, waw, mad, icn, mia, sgp, sto, mex, mel, bom, jnb, tlv, blr, del, scl, itm, man",,2,,2,65,SSD,3,,15,USD,month,15,false,false,Mastercard; VISA; PayPal,https://www.vultr.com/pricing/,2026-08-30
vultr:vultr-vc2-2c-2gb-ewr-ord-dfw-sea-lax-atl-ams-lhr-fra-sjc-syd-yto-cdg-nrt-waw-mad-icn-mia-sgp-sto-mex-mel-bom-jnb-tlv-blr-del-scl-itm-man-7,Vultr,Cloud Compute 2C-2G,,South Africa,ZA,"ewr, ord, dfw, sea, lax, atl, ams, lhr, fra, sjc, syd, yto, cdg, nrt, waw, mad, icn, mia, sgp, sto, mex, mel, bom, jnb, tlv, blr, del, scl, itm, man",,2,,2,65,SSD,3,,15,USD,month,15,false,false,Mastercard; VISA; PayPal,https://www.vultr.com/pricing/,2026-08-30
vultr:vultr-vc2-2c-2gb-ewr-ord-dfw-sea-lax-atl-ams-lhr-fra-sjc-syd-yto-cdg-nrt-waw-mad-icn-mia-sgp-sto-mex-mel-bom-jnb-tlv-blr-del-scl-itm-man-7,Vultr,Cloud Compute 2C-2G,,South Korea,KR,"ewr, ord, dfw, sea, lax, atl, ams, lhr, fra, sjc, syd, yto, cdg, nrt, waw, mad, icn, mia, sgp, sto, mex, mel, bom, jnb, tlv, blr, del, scl, itm, man",,2,,2,65,SSD,3,,15,USD,month,15,false,false,Mastercard; VISA; PayPal,https://www.vultr.com/pricing/,2026-08-30
vultr:vultr-vc2-2c-2gb-ewr-ord-dfw-sea-lax-atl-ams-lhr-fra-sjc-syd-yto-cdg-nrt-waw-mad-icn-mia-sgp-sto-mex-mel-bom-jnb-tlv-blr-del-scl-itm-man-7,Vultr,Cloud Compute 2C-2G,,Spain,ES,"ewr, ord, dfw, sea, lax, atl, ams, lhr, fra, sjc, syd, yto, cdg, nrt, waw, mad, icn, mia, sgp, sto, mex, mel, bom, jnb, tlv, blr, del, scl, itm, man",,2,,2,65,SSD,3,,15,USD,month,15,false,false,Mastercard; VISA; PayPal,https://www.vultr.com/pricing/,2026-08-30
vultr:vultr-vc2-2c-2gb-ewr-ord-dfw-sea-lax-atl-ams-lhr-fra-sjc-syd-yto-cdg-nrt-waw-mad-icn-mia-sgp-sto-mex-mel-bom-jnb-tlv-blr-del-scl-itm-man-7,Vultr,Cloud Compute 2C-2G,,Sweden,SE,"ewr, ord, dfw, sea, lax, atl, ams, lhr, fra, sjc, syd, yto, cdg, nrt, waw, mad, icn, mia, sgp, sto, mex, mel, bom, jnb, tlv, blr, del, scl, itm, man",,2,,2,65,SSD,3,,15,USD,month,15,false,false,Mastercard; VISA; PayPal,https://www.vultr.com/pricing/,2026-08-30
vultr:vultr-vc2-2c-2gb-ewr-ord-dfw-sea-lax-atl-ams-lhr-fra-sjc-syd-yto-cdg-nrt-waw-mad-icn-mia-sgp-sto-mex-mel-bom-jnb-tlv-blr-del-scl-itm-man-7,Vultr,Cloud Compute 2C-2G,,United Kingdom,GB,"ewr, ord, dfw, sea, lax, atl, ams, lhr, fra, sjc, syd, yto, cdg, nrt, waw, mad, icn, mia, sgp, sto, mex, mel, bom, jnb, tlv, blr, del, scl, itm, man",,2,,2,65,SSD,3,,15,USD,month,15,false,false,Mastercard; VISA; PayPal,https://www.vultr.com/pricing/,2026-08-30
vultr:vultr-vc2-2c-2gb-ewr-ord-dfw-sea-lax-atl-ams-lhr-fra-sjc-syd-yto-cdg-nrt-waw-mad-icn-mia-sgp-sto-mex-mel-bom-jnb-tlv-blr-del-scl-itm-man-7,Vultr,Cloud Compute 2C-2G,,USA,US,"ewr, ord, dfw, sea, lax, atl, ams, lhr, fra, sjc, syd, yto, cdg, nrt, waw, mad, icn, mia, sgp, sto, mex, mel, bom, jnb, tlv, blr, del, scl, itm, man",,2,,2,65,SSD,3,,15,USD,month,15,false,false,Mastercard; VISA; PayPal,https://www.vultr.com/pricing/,2026-08-30
selectel:selectel-selectel-standard-1vcpu-2gb-16nvme-row-9,Selectel,Standard 1C-2G-16G,,Russia,RU,"Россия, Москва / Санкт-Петербург",,1,,2,16,NVMe,3,3000,1269.87,RUB,month,15.05,false,true,MIR; VISA; Mastercard; SBP; YooMoney; Bank transfer,https://selectel.ru/prices/calculator/,2026-09-22
netcup:netcup-vps-arm64-vps-2000-arm-g11-nuremberg-vienna-manassas-amsterdam-13,netcup,VPS 2000 ARM G11,,Austria,AT,Nuremberg/Vienna/Manassas/Amsterdam,,10,,16,512,NVMe,unlimited,2500,13.41,EUR,month,15.37,false,false,Bank card; PayPal; SEPA; Bank transfer,https://www.netcup.com/en/server/arm-server,2026-08-30
netcup:netcup-vps-arm64-vps-2000-arm-g11-nuremberg-vienna-manassas-amsterdam-13,netcup,VPS 2000 ARM G11,,Germany,DE,Nuremberg/Vienna/Manassas/Amsterdam,,10,,16,512,NVMe,unlimited,2500,13.41,EUR,month,15.37,false,false,Bank card; PayPal; SEPA; Bank transfer,https://www.netcup.com/en/server/arm-server,2026-08-30
netcup:netcup-vps-arm64-vps-2000-arm-g11-nuremberg-vienna-manassas-amsterdam-13,netcup,VPS 2000 ARM G11,,Netherlands,NL,Nuremberg/Vienna/Manassas/Amsterdam,,10,,16,512,NVMe,unlimited,2500,13.41,EUR,month,15.37,false,false,Bank card; PayPal; SEPA; Bank transfer,https://www.netcup.com/en/server/arm-server,2026-08-30
netcup:netcup-vps-arm64-vps-2000-arm-g11-nuremberg-vienna-manassas-amsterdam-13,netcup,VPS 2000 ARM G11,,USA,US,Nuremberg/Vienna/Manassas/Amsterdam,,10,,16,512,NVMe,unlimited,2500,13.41,EUR,month,15.37,false,false,Bank card; PayPal; SEPA; Bank transfer,https://www.netcup.com/en/server/arm-server,2026-08-30
firstbyte:firstbyte-msk-kvm-ssd-8-vl3-row-9,Firstbyte,MSK-KVM-SSD-8 VL3,,Russia,RU,"Россия, Москва",,7,,7,100,SSD,18,200,1299,RUB,month,15.39,true,true,BNB; BTC; DOGE; ETH; LTC; SOL; TON; TRX; USDT; MIR; Mastercard; VISA; SBP; PayPal; YooMoney,https://firstbyte.ru/vps-vds/kvm-ssd/,2026-08-30
firstbyte:firstbyte-msk-kvm-ssd-83-row-114,Firstbyte,MSK-KVM-SSD-83,,Russia,RU,"Россия, Москва",,7,,7,100,SSD,unlimited,,1299,RUB,month,15.39,true,true,BNB; BTC; DOGE; ETH; LTC; SOL; TON; TRX; USDT; MIR; Mastercard; VISA; SBP; PayPal; YooMoney,https://firstbyte.ru/vps-vds/windows/,2026-08-30
regru:regru-ssd-vps-3-russia-3,REG.RU,SSD-VPS-3,,Russia,RU,Russia,,2,,2,25,,,,1320,RUB,month,15.64,false,true,Bank card; SBP; SberPay; YooMoney; Bank transfer,https://img.reg.ru/faq/prilozhenie_tarify_na_uslugi_vps_010126.pdf,2026-08-30
timeweb:timeweb-de-40-row-63,TimeWEB,DE-40,,Germany,DE,Германия-Франкфурт,,2,,2,40,NVMe,,200,1340,RUB,month,15.88,false,true,MIR; Mastercard; VISA; SberPay; SBP; YooMoney,https://timeweb.cloud/services/vds-vps?location=de,2026-08-30
timeweb:timeweb-nl-30-row-55,TimeWEB,NL-30,,Netherlands,NL,Нидерланды-Амстердам,,1,,2,30,NVMe,,200,1340,RUB,month,15.88,false,true,MIR; Mastercard; VISA; SberPay; SBP; YooMoney,https://timeweb.cloud/services/vds-vps?location=nl,2026-08-30
netcup:netcup-vps-lite-vps-lite-3-g12s-nuremberg-vienna-amsterdam-subject-to-availability-5,netcup,VPS Lite 3 G12s,,Austria,AT,Nuremberg/Vienna/Amsterdam subject to availability,,8,,16,320,SSD,,,13.89,EUR,month,15.92,false,false,Bank card; PayPal; SEPA; Bank transfer,https://www.netcup.com/en/server/vps-lite,2026-08-30
netcup:netcup-vps-lite-vps-lite-3-g12s-nuremberg-vienna-amsterdam-subject-to-availability-5,netcup,VPS Lite 3 G12s,,Germany,DE,Nuremberg/Vienna/Amsterdam subject to availability,,8,,16,320,SSD,,,13.89,EUR,month,15.92,false,false,Bank card; PayPal; SEPA; Bank transfer,https://www.netcup.com/en/server/vps-lite,2026-08-30
netcup:netcup-vps-lite-vps-lite-3-g12s-nuremberg-vienna-amsterdam-subject-to-availability-5,netcup,VPS Lite 3 G12s,,Netherlands,NL,Nuremberg/Vienna/Amsterdam subject to availability,,8,,16,320,SSD,,,13.89,EUR,month,15.92,false,false,Bank card; PayPal; SEPA; Bank transfer,https://www.netcup.com/en/server/vps-lite,2026-08-30
hostkey:hostkey-vm-storage-2000-nl-es-it-us-fr-pl-ch-12,HOSTKEY,vm.storage-2000,,France,FR,"NL, ES, IT, US, FR, PL, CH",,4,,8,2000,HDD,3,1000,13.9,EUR,month,15.93,true,false,VISA; Mastercard; American Express; UnionPay; PayPal; Alipay; WebMoney; BTC; Bank transfer,https://hostkey.com/vps/,2026-09-24
hostkey:hostkey-vm-storage-2000-nl-es-it-us-fr-pl-ch-12,HOSTKEY,vm.storage-2000,,Italy,IT,"NL, ES, IT, US, FR, PL, CH",,4,,8,2000,HDD,3,1000,13.9,EUR,month,15.93,true,false,VISA; Mastercard; American Express; UnionPay; PayPal; Alipay; WebMoney; BTC; Bank transfer,https://hostkey.com/vps/,2026-09-24
hostkey:hostkey-vm-storage-2000-nl-es-it-us-fr-pl-ch-12,HOSTKEY,vm.storage-2000,,Netherlands,NL,"NL, ES, IT, US, FR, PL, CH",,4,,8,2000,HDD,3,1000,13.9,EUR,month,15.93,true,false,VISA; Mastercard; American Express; UnionPay; PayPal; Alipay; WebMoney; BTC; Bank transfer,https://hostkey.com/vps/,2026-09-24
hostkey:hostkey-vm-storage-2000-nl-es-it-us-fr-pl-ch-12,HOSTKEY,vm.storage-2000,,Poland,PL,"NL, ES, IT, US, FR, PL, CH",,4,,8,2000,HDD,3,1000,13.9,EUR,month,15.93,true,false,VISA; Mastercard; American Express; UnionPay; PayPal; Alipay; WebMoney; BTC; Bank transfer,https://hostkey.com/vps/,2026-09-24
hostkey:hostkey-vm-storage-2000-nl-es-it-us-fr-pl-ch-12,HOSTKEY,vm.storage-2000,,Spain,ES,"NL, ES, IT, US, FR, PL, CH",,4,,8,2000,HDD,3,1000,13.9,EUR,month,15.93,true,false,VISA; Mastercard; American Express; UnionPay; PayPal; Alipay; WebMoney; BTC; Bank transfer,https://hostkey.com/vps/,2026-09-24
hostkey:hostkey-vm-storage-2000-nl-es-it-us-fr-pl-ch-12,HOSTKEY,vm.storage-2000,,Switzerland,CH,"NL, ES, IT, US, FR, PL, CH",,4,,8,2000,HDD,3,1000,13.9,EUR,month,15.93,true,false,VISA; Mastercard; American Express; UnionPay; PayPal; Alipay; WebMoney; BTC; Bank transfer,https://hostkey.com/vps/,2026-09-24
hostkey:hostkey-vm-storage-2000-nl-es-it-us-fr-pl-ch-12,HOSTKEY,vm.storage-2000,,USA,US,"NL, ES, IT, US, FR, PL, CH",,4,,8,2000,HDD,3,1000,13.9,EUR,month,15.93,true,false,VISA; Mastercard; American Express; UnionPay; PayPal; Alipay; WebMoney; BTC; Bank transfer,https://hostkey.com/vps/,2026-09-24
spacecore:spacecore-de-h30-germany-3,Spacecore,DE H30,,Germany,DE,Germany,,6,,8,60,SSD,20,5000,13.9,EUR,month,15.93,true,true,ADA; ARB; BCH; BNB; BTC; DAI; DOGE; ETH; IMX; LTC; POL; SHIB; SOL; TON; TRX; USDC; USDT; XLM; XRP; MIR; Mastercard; VISA; SEPA; SBP; PayPal,https://spacecore.pro/en/virtual-servers/,2026-08-30
spacecore:spacecore-de-h30-germany-3,Spacecore,NL H30,,Netherlands,NL,Netherlands,,6,,8,60,SSD,20,5000,13.9,EUR,month,15.93,true,true,ADA; ARB; BCH; BNB; BTC; DAI; DOGE; ETH; IMX; LTC; POL; SHIB; SOL; TON; TRX; USDC; USDT; XLM; XRP; MIR; Mastercard; VISA; SEPA; SBP; PayPal,https://spacecore.pro/en/virtual-servers/,2026-08-30
zomro:zomro-zomro-premium-standard-poland-35,Zomro,Premium Standard,,Germany,DE,Germany,,2,,5,35,,2,1000,13.95,EUR,month,15.99,true,true,BNB; BTC; ETH; SOL; TON; USDC; USDT; MIR; Mastercard; VISA; SBP; PayPal,https://zomro.com/vps,2026-08-30
zomro:zomro-zomro-premium-standard-poland-35,Zomro,Premium Standard,,Netherlands,NL,Netherlands,,2,,5,35,,2,1000,13.95,EUR,month,15.99,true,true,BNB; BTC; ETH; SOL; TON; USDC; USDT; MIR; Mastercard; VISA; SBP; PayPal,https://zomro.com/vps,2026-08-30
zomro:zomro-zomro-premium-standard-poland-35,Zomro,Premium Standard,,Poland,PL,Poland,,2,,5,35,,2,1000,13.95,EUR,month,15.99,true,true,BNB; BTC; ETH; SOL; TON; USDC; USDT; MIR; Mastercard; VISA; SBP; PayPal,https://zomro.com/vps,2026-08-30
zomro:zomro-zomro-premium-standard-poland-35,Zomro,Premium Standard,,USA,US,USA,,2,,5,35,,2,1000,13.95,EUR,month,15.99,true,true,BNB; BTC; ETH; SOL; TON; USDC; USDT; MIR; Mastercard; VISA; SBP; PayPal,https://zomro.com/vps,2026-08-30
beget:beget-high-frequency-1-2-30-russia-saint-petersburg-9,Beget,High Frequency 1-2-30,,Russia,RU,"Russia, Saint Petersburg",,1,,2,30,NVMe,,1000,45,RUB,day,16,false,true,Bank card; SBP; YooMoney; Bank transfer,https://beget.com/ru/vps,2026-08-30
hostingvds:hostingvds-vds-kvm-nvme-hvds-10g-eu-1-49,HostingVDS,HVDS-10G-EU,,Bulgaria,BG,"Болгария, София (1Гбит/с)",,5,,10,85,NVMe,10,1000,13.99,EUR,month,16.04,true,true,BNB; BTC; DAI; ETH; LTC; POL; SOL; TON; TRX; USDC; USDT; MIR; SBP,https://my.hosting-vds.com/order/vds-kvm-ssd-eu/50,2026-08-30
hostingvds:hostingvds-vds-kvm-nvme-hvds-10g-eu-1-49,HostingVDS,HVDS-10G-EU,,Finland,FI,"Финляндия, Хельсинки (1Гбит/с)",,5,,10,85,NVMe,10,1000,13.99,EUR,month,16.04,true,true,BNB; BTC; DAI; ETH; LTC; POL; SOL; TON; TRX; USDC; USDT; MIR; SBP,https://my.hosting-vds.com/order/vds-kvm-ssd-eu/50,2026-08-30
hostingvds:hostingvds-vds-kvm-nvme-hvds-10g-eu-1-49,HostingVDS,HVDS-10G-EU,,Germany,DE,"Германия, Франкфурт (1Гбит/с)",,5,,10,85,NVMe,10,1000,13.99,EUR,month,16.04,true,true,BNB; BTC; DAI; ETH; LTC; POL; SOL; TON; TRX; USDC; USDT; MIR; SBP,https://my.hosting-vds.com/order/vds-kvm-ssd-eu/50,2026-08-30
hostingvds:hostingvds-vds-kvm-nvme-hvds-10g-eu-1-49,HostingVDS,HVDS-10G-EU,,Latvia,LV,"Латвия, Рига (1Гбит/с)",,5,,10,85,NVMe,10,1000,13.99,EUR,month,16.04,true,true,BNB; BTC; DAI; ETH; LTC; POL; SOL; TON; TRX; USDC; USDT; MIR; SBP,https://my.hosting-vds.com/order/vds-kvm-ssd-eu/50,2026-08-30
hostingvds:hostingvds-vds-kvm-nvme-hvds-10g-eu-1-49,HostingVDS,HVDS-10G-EU,,Poland,PL,"Польша, Варшава (1Гбит/с)",,5,,10,85,NVMe,10,1000,13.99,EUR,month,16.04,true,true,BNB; BTC; DAI; ETH; LTC; POL; SOL; TON; TRX; USDC; USDT; MIR; SBP,https://my.hosting-vds.com/order/vds-kvm-ssd-eu/50,2026-08-30
hostingvds:hostingvds-vds-kvm-nvme-hvds-10g-selectel-9,HostingVDS,HVDS-10G,,Russia,RU,"Россия, Москва - Selectel",,5,,10,100,NVMe,10,10000,13.99,EUR,month,16.04,true,true,BNB; BTC; DAI; ETH; LTC; POL; SOL; TON; TRX; USDC; USDT; MIR; SBP,https://my.hosting-vds.com/order/standart-vds/1,2026-08-30
hostingvds:hostingvds-vds-kvm-nvme-hvds-10g-eu-1-49,HostingVDS,HVDS-10G-EU,,Sweden,SE,"Швеция, Стокгольм (1Гбит/с)",,5,,10,85,NVMe,10,1000,13.99,EUR,month,16.04,true,true,BNB; BTC; DAI; ETH; LTC; POL; SOL; TON; TRX; USDC; USDT; MIR; SBP,https://my.hosting-vds.com/order/vds-kvm-ssd-eu/50,2026-08-30
hostingvds:hostingvds-vds-kvm-nvme-hvds-10g-eu-1-49,HostingVDS,HVDS-10G-USA,,USA,US,"США, Нью-Йорк (1Гбит/с)",,5,,10,85,NVMe,10,1000,13.99,EUR,month,16.04,true,true,BNB; BTC; DAI; ETH; LTC; POL; SOL; TON; TRX; USDC; USDT; MIR; SBP,https://my.hosting-vds.com/order/vds-kvm-nvme-usa/70,2026-08-30
hostkey:hostkey-vm-v2-medium-nl-fi-it-us-pl-ch-tr-is-15,HOSTKEY,vm.v2-medium,,Finland,FI,"NL, FI, IT, US, PL, CH, TR, IS",,8,,16,160,NVMe,3,1000,14,EUR,month,16.05,true,false,VISA; Mastercard; American Express; UnionPay; PayPal; Alipay; WebMoney; BTC; Bank transfer,https://hostkey.com/vps/,2026-09-24
hostkey:hostkey-vm-v2-medium-nl-fi-it-us-pl-ch-tr-is-15,HOSTKEY,vm.v2-medium,,Italy,IT,"NL, FI, IT, US, PL, CH, TR, IS",,8,,16,160,NVMe,3,1000,14,EUR,month,16.05,true,false,VISA; Mastercard; American Express; UnionPay; PayPal; Alipay; WebMoney; BTC; Bank transfer,https://hostkey.com/vps/,2026-09-24
hostkey:hostkey-vm-v2-medium-nl-fi-it-us-pl-ch-tr-is-15,HOSTKEY,vm.v2-medium,,Netherlands,NL,"NL, FI, IT, US, PL, CH, TR, IS",,8,,16,160,NVMe,3,1000,14,EUR,month,16.05,true,false,VISA; Mastercard; American Express; UnionPay; PayPal; Alipay; WebMoney; BTC; Bank transfer,https://hostkey.com/vps/,2026-09-24
hostkey:hostkey-vm-v2-medium-nl-fi-it-us-pl-ch-tr-is-15,HOSTKEY,vm.v2-medium,,Poland,PL,"NL, FI, IT, US, PL, CH, TR, IS",,8,,16,160,NVMe,3,1000,14,EUR,month,16.05,true,false,VISA; Mastercard; American Express; UnionPay; PayPal; Alipay; WebMoney; BTC; Bank transfer,https://hostkey.com/vps/,2026-09-24
hostkey:hostkey-vm-v2-medium-nl-fi-it-us-pl-ch-tr-is-15,HOSTKEY,vm.v2-medium,,Switzerland,CH,"NL, FI, IT, US, PL, CH, TR, IS",,8,,16,160,NVMe,3,1000,14,EUR,month,16.05,true,false,VISA; Mastercard; American Express; UnionPay; PayPal; Alipay; WebMoney; BTC; Bank transfer,https://hostkey.com/vps/,2026-09-24
hostkey:hostkey-vm-v2-medium-nl-fi-it-us-pl-ch-tr-is-15,HOSTKEY,vm.v2-medium,,Turkey,TR,"NL, FI, IT, US, PL, CH, TR, IS",,8,,16,160,NVMe,3,1000,14,EUR,month,16.05,true,false,VISA; Mastercard; American Express; UnionPay; PayPal; Alipay; WebMoney; BTC; Bank transfer,https://hostkey.com/vps/,2026-09-24
hostkey:hostkey-vm-v2-medium-nl-fi-it-us-pl-ch-tr-is-15,HOSTKEY,vm.v2-medium,,USA,US,"NL, FI, IT, US, PL, CH, TR, IS",,8,,16,160,NVMe,3,1000,14,EUR,month,16.05,true,false,VISA; Mastercard; American Express; UnionPay; PayPal; Alipay; WebMoney; BTC; Bank transfer,https://hostkey.com/vps/,2026-09-24
selectel:selectel-selectel-shared-2vcpu-4gb-10nvme-row-44,Selectel,Shared 2C-4G (10% vCPU),,Russia,RU,"Россия, Москва / Санкт-Петербург",,2,10,4,10,Network SSD,3,3000,1362.92,RUB,month,16.15,false,true,MIR; VISA; Mastercard; SBP; YooMoney; Bank transfer,https://selectel.ru/prices/calculator/,2026-09-22
firstbyte:firstbyte-msk-kvm-ssd-9-vl-row-10,Firstbyte,MSK-KVM-SSD-9 VL,,Russia,RU,"Россия, Москва",,7,,8,120,SSD,20,200,1399,RUB,month,16.58,true,true,BNB; BTC; DOGE; ETH; LTC; SOL; TON; TRX; USDT; MIR; Mastercard; VISA; SBP; PayPal; YooMoney,https://firstbyte.ru/vps-vds/kvm-ssd/,2026-08-30
firstbyte:firstbyte-msk-kvm-ssd-9-row-115,Firstbyte,MSK-KVM-SSD-9,,Russia,RU,"Россия, Москва",,7,,8,120,SSD,unlimited,,1399,RUB,month,16.58,true,true,BNB; BTC; DOGE; ETH; LTC; SOL; TON; TRX; USDT; MIR; Mastercard; VISA; SBP; PayPal; YooMoney,https://firstbyte.ru/vps-vds/windows/,2026-08-30
xorek:xorek-de-de-r9-16-9-germany-7,Xorek,FI-R9-16,,Finland,FI,Finland,,8,,16,240,NVMe,,1000,1399,RUB,month,16.58,true,true,BNB; BTC; DOGE; ETH; LTC; SOL; TON; TRX; USDC; USDT; MIR; Mastercard; VISA; SBP; PayPal,https://xorek.cloud/ru/vps?group=FI&price_max=2949,2026-08-30
xorek:xorek-de-de-r9-16-9-germany-7,Xorek,DE-R9-16,,Germany,DE,Germany,,8,,16,240,NVMe,,1000,1399,RUB,month,16.58,true,true,BNB; BTC; DOGE; ETH; LTC; SOL; TON; TRX; USDC; USDT; MIR; Mastercard; VISA; SBP; PayPal,https://xorek.cloud/ru/vps?group=DE&price_max=2949,2026-08-30
xorek:xorek-de-de-r9-16-9-germany-7,Xorek,NL-R9-16,,Netherlands,NL,Netherlands,,8,,16,240,NVMe,,1000,1399,RUB,month,16.58,true,true,BNB; BTC; DOGE; ETH; LTC; SOL; TON; TRX; USDC; USDT; MIR; Mastercard; VISA; SBP; PayPal,https://xorek.cloud/ru/vps?group=NL&price_max=2949,2026-08-30
smartape:smartape-linux-nvme-nvme-x4-40gb-datapro-moscow-i-ru-33,SmartApe,NVMe X4 · 40 GB,,Czech Republic,CZ,Host-Telecom (CZ),Linux; Windows,6,,4,40,NVMe,unlimited,200,1425,RUB,month,16.88,true,true,BNB; BTC; DOGE; ETH; HUMO; JCB; LTC; SOL; TRX; USDC; APRA; MIR; Mastercard; VISA; PayPal,https://www.smartape.ru/ssd-vps,2026-08-30
smartape:smartape-linux-nvme-nvme-x4-40gb-datapro-moscow-i-ru-33,SmartApe,NVMe X4 · 40 GB,,Israel,IL,Partner Group (IL),Linux; Windows,6,,4,40,NVMe,unlimited,200,1425,RUB,month,16.88,true,true,BNB; BTC; DOGE; ETH; HUMO; JCB; LTC; SOL; TRX; USDC; APRA; MIR; Mastercard; VISA; PayPal,https://www.smartape.ru/ssd-vps,2026-08-30
smartape:smartape-linux-nvme-nvme-x4-40gb-datapro-moscow-i-ru-33,SmartApe,NVMe X4 · 40 GB,,Russia,RU,DataPro Moscow I (RU),Linux; Windows,6,,4,40,NVMe,unlimited,200,1425,RUB,month,16.88,true,true,BNB; BTC; DOGE; ETH; HUMO; JCB; LTC; SOL; TRX; USDC; APRA; MIR; Mastercard; VISA; PayPal,https://www.smartape.ru/ssd-vps,2026-08-30
smartape:smartape-linux-nvme-nvme-x2-80gb-datapro-moscow-i-ru-25,SmartApe,NVMe X2 · 80 GB,,Czech Republic,CZ,Host-Telecom (CZ),Linux; Windows,4,,2,80,NVMe,unlimited,200,1440,RUB,month,17.06,true,true,BNB; BTC; DOGE; ETH; HUMO; JCB; LTC; SOL; TRX; USDC; APRA; MIR; Mastercard; VISA; PayPal,https://www.smartape.ru/ssd-vps,2026-08-30
smartape:smartape-linux-nvme-nvme-x2-80gb-datapro-moscow-i-ru-25,SmartApe,NVMe X2 · 80 GB,,Israel,IL,Partner Group (IL),Linux; Windows,4,,2,80,NVMe,unlimited,200,1440,RUB,month,17.06,true,true,BNB; BTC; DOGE; ETH; HUMO; JCB; LTC; SOL; TRX; USDC; APRA; MIR; Mastercard; VISA; PayPal,https://www.smartape.ru/ssd-vps,2026-08-30
smartape:smartape-linux-nvme-nvme-x2-80gb-datapro-moscow-i-ru-25,SmartApe,NVMe X2 · 80 GB,,Russia,RU,DataPro Moscow I (RU),Linux; Windows,4,,2,80,NVMe,unlimited,200,1440,RUB,month,17.06,true,true,BNB; BTC; DOGE; ETH; HUMO; JCB; LTC; SOL; TRX; USDC; APRA; MIR; Mastercard; VISA; PayPal,https://www.smartape.ru/ssd-vps,2026-08-30
waicore:waicore-amd-epyc-9454-ispmanager-lite-isp-ep1-germany-frankfurt-am-main-6,WAICORE,ISP EP1 · ispmanager Lite,,Germany,DE,"Germany, Frankfurt am Main",,1,,2,30,,,2500,1449,RUB,month,17.17,,,,https://waicore.com/prices?tab=ispmanager,2026-08-30
firstbyte:firstbyte-msk-highhdd-kvm-sas-5-row-96,Firstbyte,MSK-highhdd-KVM-SAS-5,,Russia,RU,"Россия, Москва",,1,,1,550,SAS+SSD,unlimited,,1459,RUB,month,17.29,true,true,BNB; BTC; DOGE; ETH; LTC; SOL; TON; TRX; USDT; MIR; Mastercard; VISA; SBP; PayPal; YooMoney,https://firstbyte.ru/vps-vds/kvm-sas/,2026-08-30
1cent-host:1cent-host-78-fi-10,1cent.host,FI-3,,Finland,FI,FI,,4,,8,100,NVMe,,1000,1500,RUB,month,17.77,,,,https://1cent.host/,2026-08-30
timeweb:timeweb-nsk-50-row-44,TimeWEB,NSK 50,,Russia,RU,Россия-Новосибирск,,2,,4,50,NVMe,,100,1500,RUB,month,17.77,false,true,MIR; Mastercard; VISA; SberPay; SBP; YooMoney,https://timeweb.cloud/services/vds-vps?location=ru-nsk,2026-08-30
vultr:vultr-vhf-2c-2gb-ewr-ord-dfw-sea-lax-atl-ams-lhr-fra-sjc-syd-yto-cdg-nrt-waw-mad-icn-mia-sgp-sto-mex-mel-bom-jnb-tlv-blr-del-scl-itm-man-23,Vultr,High Frequency 2C-2G,,Australia,AU,"ewr, ord, dfw, sea, lax, atl, ams, lhr, fra, sjc, syd, yto, cdg, nrt, waw, mad, icn, mia, sgp, sto, mex, mel, bom, jnb, tlv, blr, del, scl, itm, man",,2,,2,80,,3,,18,USD,month,18,false,false,Mastercard; VISA; PayPal,https://www.vultr.com/pricing/,2026-08-30
vultr:vultr-vhp-2c-2gb-amd-ewr-ord-dfw-sea-lax-atl-ams-lhr-fra-sjc-syd-yto-cdg-nrt-waw-mad-mxp-icn-mia-sgp-sto-mex-mel-bom-jnb-tlv-blr-del-scl-itm-man-37,Vultr,High Performance AMD 2C-2G,,Australia,AU,"ewr, ord, dfw, sea, lax, atl, ams, lhr, fra, sjc, syd, yto, cdg, nrt, waw, mad, mxp, icn, mia, sgp, sto, mex, mel, bom, jnb, tlv, blr, del, scl, itm, man",,2,,2,60,,4,,18,USD,month,18,false,false,Mastercard; VISA; PayPal,https://www.vultr.com/pricing/,2026-08-30
vultr:vultr-vhp-2c-2gb-intel-ewr-ord-dfw-sea-lax-atl-ams-lhr-fra-sjc-syd-yto-cdg-nrt-waw-mad-icn-mia-sgp-sto-mex-mel-hnl-bom-jnb-tlv-blr-del-scl-itm-man-53,Vultr,High Performance Intel 2C-2G,,Australia,AU,"ewr, ord, dfw, sea, lax, atl, ams, lhr, fra, sjc, syd, yto, cdg, nrt, waw, mad, icn, mia, sgp, sto, mex, mel, hnl, bom, jnb, tlv, blr, del, scl, itm, man",,2,,2,60,,4,,18,USD,month,18,false,false,Mastercard; VISA; PayPal,https://www.vultr.com/pricing/,2026-08-30
vultr:vultr-vhf-1c-2gb-sao-sao-22,Vultr,High Frequency 1C-2G,,Brazil,BR,sao,,1,,2,64,,2,,18,USD,month,18,false,false,Mastercard; VISA; PayPal,https://www.vultr.com/pricing/,2026-08-30
vultr:vultr-vhp-1c-2gb-amd-sao-sao-36,Vultr,High Performance AMD 1C-2G,,Brazil,BR,sao,,1,,2,50,,3,,18,USD,month,18,false,false,Mastercard; VISA; PayPal,https://www.vultr.com/pricing/,2026-08-30
vultr:vultr-vhp-1c-2gb-intel-sao-sao-52,Vultr,High Performance Intel 1C-2G,,Brazil,BR,sao,,1,,2,50,,3,,18,USD,month,18,false,false,Mastercard; VISA; PayPal,https://www.vultr.com/pricing/,2026-08-30
vultr:vultr-vhf-2c-2gb-ewr-ord-dfw-sea-lax-atl-ams-lhr-fra-sjc-syd-yto-cdg-nrt-waw-mad-icn-mia-sgp-sto-mex-mel-bom-jnb-tlv-blr-del-scl-itm-man-23,Vultr,High Frequency 2C-2G,,Canada,CA,"ewr, ord, dfw, sea, lax, atl, ams, lhr, fra, sjc, syd, yto, cdg, nrt, waw, mad, icn, mia, sgp, sto, mex, mel, bom, jnb, tlv, blr, del, scl, itm, man",,2,,2,80,,3,,18,USD,month,18,false,false,Mastercard; VISA; PayPal,https://www.vultr.com/pricing/,2026-08-30
vultr:vultr-vhp-2c-2gb-amd-ewr-ord-dfw-sea-lax-atl-ams-lhr-fra-sjc-syd-yto-cdg-nrt-waw-mad-mxp-icn-mia-sgp-sto-mex-mel-bom-jnb-tlv-blr-del-scl-itm-man-37,Vultr,High Performance AMD 2C-2G,,Canada,CA,"ewr, ord, dfw, sea, lax, atl, ams, lhr, fra, sjc, syd, yto, cdg, nrt, waw, mad, mxp, icn, mia, sgp, sto, mex, mel, bom, jnb, tlv, blr, del, scl, itm, man",,2,,2,60,,4,,18,USD,month,18,false,false,Mastercard; VISA; PayPal,https://www.vultr.com/pricing/,2026-08-30
vultr:vultr-vhp-2c-2gb-intel-ewr-ord-dfw-sea-lax-atl-ams-lhr-fra-sjc-syd-yto-cdg-nrt-waw-mad-icn-mia-sgp-sto-mex-mel-hnl-bom-jnb-tlv-blr-del-scl-itm-man-53,Vultr,High Performance Intel 2C-2G,,Canada,CA,"ewr, ord, dfw, sea, lax, atl, ams, lhr, fra, sjc, syd, yto, cdg, nrt, waw, mad, icn, mia, sgp, sto, mex, mel, hnl, bom, jnb, tlv, blr, del, scl, itm, man",,2,,2,60,,4,,18,USD,month,18,false,false,Mastercard; VISA; PayPal,https://www.vultr.com/pricing/,2026-08-30
vultr:vultr-vhf-2c-2gb-ewr-ord-dfw-sea-lax-atl-ams-lhr-fra-sjc-syd-yto-cdg-nrt-waw-mad-icn-mia-sgp-sto-mex-mel-bom-jnb-tlv-blr-del-scl-itm-man-23,Vultr,High Frequency 2C-2G,,Chile,CL,"ewr, ord, dfw, sea, lax, atl, ams, lhr, fra, sjc, syd, yto, cdg, nrt, waw, mad, icn, mia, sgp, sto, mex, mel, bom, jnb, tlv, blr, del, scl, itm, man",,2,,2,80,,3,,18,USD,month,18,false,false,Mastercard; VISA; PayPal,https://www.vultr.com/pricing/,2026-08-30
vultr:vultr-vhp-2c-2gb-amd-ewr-ord-dfw-sea-lax-atl-ams-lhr-fra-sjc-syd-yto-cdg-nrt-waw-mad-mxp-icn-mia-sgp-sto-mex-mel-bom-jnb-tlv-blr-del-scl-itm-man-37,Vultr,High Performance AMD 2C-2G,,Chile,CL,"ewr, ord, dfw, sea, lax, atl, ams, lhr, fra, sjc, syd, yto, cdg, nrt, waw, mad, mxp, icn, mia, sgp, sto, mex, mel, bom, jnb, tlv, blr, del, scl, itm, man",,2,,2,60,,4,,18,USD,month,18,false,false,Mastercard; VISA; PayPal,https://www.vultr.com/pricing/,2026-08-30
vultr:vultr-vhp-2c-2gb-intel-ewr-ord-dfw-sea-lax-atl-ams-lhr-fra-sjc-syd-yto-cdg-nrt-waw-mad-icn-mia-sgp-sto-mex-mel-hnl-bom-jnb-tlv-blr-del-scl-itm-man-53,Vultr,High Performance Intel 2C-2G,,Chile,CL,"ewr, ord, dfw, sea, lax, atl, ams, lhr, fra, sjc, syd, yto, cdg, nrt, waw, mad, icn, mia, sgp, sto, mex, mel, hnl, bom, jnb, tlv, blr, del, scl, itm, man",,2,,2,60,,4,,18,USD,month,18,false,false,Mastercard; VISA; PayPal,https://www.vultr.com/pricing/,2026-08-30
vultr:vultr-vhf-2c-2gb-ewr-ord-dfw-sea-lax-atl-ams-lhr-fra-sjc-syd-yto-cdg-nrt-waw-mad-icn-mia-sgp-sto-mex-mel-bom-jnb-tlv-blr-del-scl-itm-man-23,Vultr,High Frequency 2C-2G,,France,FR,"ewr, ord, dfw, sea, lax, atl, ams, lhr, fra, sjc, syd, yto, cdg, nrt, waw, mad, icn, mia, sgp, sto, mex, mel, bom, jnb, tlv, blr, del, scl, itm, man",,2,,2,80,,3,,18,USD,month,18,false,false,Mastercard; VISA; PayPal,https://www.vultr.com/pricing/,2026-08-30
vultr:vultr-vhp-2c-2gb-amd-ewr-ord-dfw-sea-lax-atl-ams-lhr-fra-sjc-syd-yto-cdg-nrt-waw-mad-mxp-icn-mia-sgp-sto-mex-mel-bom-jnb-tlv-blr-del-scl-itm-man-37,Vultr,High Performance AMD 2C-2G,,France,FR,"ewr, ord, dfw, sea, lax, atl, ams, lhr, fra, sjc, syd, yto, cdg, nrt, waw, mad, mxp, icn, mia, sgp, sto, mex, mel, bom, jnb, tlv, blr, del, scl, itm, man",,2,,2,60,,4,,18,USD,month,18,false,false,Mastercard; VISA; PayPal,https://www.vultr.com/pricing/,2026-08-30
vultr:vultr-vhp-2c-2gb-intel-ewr-ord-dfw-sea-lax-atl-ams-lhr-fra-sjc-syd-yto-cdg-nrt-waw-mad-icn-mia-sgp-sto-mex-mel-hnl-bom-jnb-tlv-blr-del-scl-itm-man-53,Vultr,High Performance Intel 2C-2G,,France,FR,"ewr, ord, dfw, sea, lax, atl, ams, lhr, fra, sjc, syd, yto, cdg, nrt, waw, mad, icn, mia, sgp, sto, mex, mel, hnl, bom, jnb, tlv, blr, del, scl, itm, man",,2,,2,60,,4,,18,USD,month,18,false,false,Mastercard; VISA; PayPal,https://www.vultr.com/pricing/,2026-08-30
vultr:vultr-vhf-2c-2gb-ewr-ord-dfw-sea-lax-atl-ams-lhr-fra-sjc-syd-yto-cdg-nrt-waw-mad-icn-mia-sgp-sto-mex-mel-bom-jnb-tlv-blr-del-scl-itm-man-23,Vultr,High Frequency 2C-2G,,Germany,DE,"ewr, ord, dfw, sea, lax, atl, ams, lhr, fra, sjc, syd, yto, cdg, nrt, waw, mad, icn, mia, sgp, sto, mex, mel, bom, jnb, tlv, blr, del, scl, itm, man",,2,,2,80,,3,,18,USD,month,18,false,false,Mastercard; VISA; PayPal,https://www.vultr.com/pricing/,2026-08-30
vultr:vultr-vhp-2c-2gb-amd-ewr-ord-dfw-sea-lax-atl-ams-lhr-fra-sjc-syd-yto-cdg-nrt-waw-mad-mxp-icn-mia-sgp-sto-mex-mel-bom-jnb-tlv-blr-del-scl-itm-man-37,Vultr,High Performance AMD 2C-2G,,Germany,DE,"ewr, ord, dfw, sea, lax, atl, ams, lhr, fra, sjc, syd, yto, cdg, nrt, waw, mad, mxp, icn, mia, sgp, sto, mex, mel, bom, jnb, tlv, blr, del, scl, itm, man",,2,,2,60,,4,,18,USD,month,18,false,false,Mastercard; VISA; PayPal,https://www.vultr.com/pricing/,2026-08-30
vultr:vultr-vhp-2c-2gb-intel-ewr-ord-dfw-sea-lax-atl-ams-lhr-fra-sjc-syd-yto-cdg-nrt-waw-mad-icn-mia-sgp-sto-mex-mel-hnl-bom-jnb-tlv-blr-del-scl-itm-man-53,Vultr,High Performance Intel 2C-2G,,Germany,DE,"ewr, ord, dfw, sea, lax, atl, ams, lhr, fra, sjc, syd, yto, cdg, nrt, waw, mad, icn, mia, sgp, sto, mex, mel, hnl, bom, jnb, tlv, blr, del, scl, itm, man",,2,,2,60,,4,,18,USD,month,18,false,false,Mastercard; VISA; PayPal,https://www.vultr.com/pricing/,2026-08-30
vultr:vultr-vhf-2c-2gb-ewr-ord-dfw-sea-lax-atl-ams-lhr-fra-sjc-syd-yto-cdg-nrt-waw-mad-icn-mia-sgp-sto-mex-mel-bom-jnb-tlv-blr-del-scl-itm-man-23,Vultr,High Frequency 2C-2G,,India,IN,"ewr, ord, dfw, sea, lax, atl, ams, lhr, fra, sjc, syd, yto, cdg, nrt, waw, mad, icn, mia, sgp, sto, mex, mel, bom, jnb, tlv, blr, del, scl, itm, man",,2,,2,80,,3,,18,USD,month,18,false,false,Mastercard; VISA; PayPal,https://www.vultr.com/pricing/,2026-08-30
vultr:vultr-vhp-2c-2gb-amd-ewr-ord-dfw-sea-lax-atl-ams-lhr-fra-sjc-syd-yto-cdg-nrt-waw-mad-mxp-icn-mia-sgp-sto-mex-mel-bom-jnb-tlv-blr-del-scl-itm-man-37,Vultr,High Performance AMD 2C-2G,,India,IN,"ewr, ord, dfw, sea, lax, atl, ams, lhr, fra, sjc, syd, yto, cdg, nrt, waw, mad, mxp, icn, mia, sgp, sto, mex, mel, bom, jnb, tlv, blr, del, scl, itm, man",,2,,2,60,,4,,18,USD,month,18,false,false,Mastercard; VISA; PayPal,https://www.vultr.com/pricing/,2026-08-30
vultr:vultr-vhp-2c-2gb-intel-ewr-ord-dfw-sea-lax-atl-ams-lhr-fra-sjc-syd-yto-cdg-nrt-waw-mad-icn-mia-sgp-sto-mex-mel-hnl-bom-jnb-tlv-blr-del-scl-itm-man-53,Vultr,High Performance Intel 2C-2G,,India,IN,"ewr, ord, dfw, sea, lax, atl, ams, lhr, fra, sjc, syd, yto, cdg, nrt, waw, mad, icn, mia, sgp, sto, mex, mel, hnl, bom, jnb, tlv, blr, del, scl, itm, man",,2,,2,60,,4,,18,USD,month,18,false,false,Mastercard; VISA; PayPal,https://www.vultr.com/pricing/,2026-08-30
vultr:vultr-vhf-2c-2gb-ewr-ord-dfw-sea-lax-atl-ams-lhr-fra-sjc-syd-yto-cdg-nrt-waw-mad-icn-mia-sgp-sto-mex-mel-bom-jnb-tlv-blr-del-scl-itm-man-23,Vultr,High Frequency 2C-2G,,Israel,IL,"ewr, ord, dfw, sea, lax, atl, ams, lhr, fra, sjc, syd, yto, cdg, nrt, waw, mad, icn, mia, sgp, sto, mex, mel, bom, jnb, tlv, blr, del, scl, itm, man",,2,,2,80,,3,,18,USD,month,18,false,false,Mastercard; VISA; PayPal,https://www.vultr.com/pricing/,2026-08-30
vultr:vultr-vhp-2c-2gb-amd-ewr-ord-dfw-sea-lax-atl-ams-lhr-fra-sjc-syd-yto-cdg-nrt-waw-mad-mxp-icn-mia-sgp-sto-mex-mel-bom-jnb-tlv-blr-del-scl-itm-man-37,Vultr,High Performance AMD 2C-2G,,Israel,IL,"ewr, ord, dfw, sea, lax, atl, ams, lhr, fra, sjc, syd, yto, cdg, nrt, waw, mad, mxp, icn, mia, sgp, sto, mex, mel, bom, jnb, tlv, blr, del, scl, itm, man",,2,,2,60,,4,,18,USD,month,18,false,false,Mastercard; VISA; PayPal,https://www.vultr.com/pricing/,2026-08-30
vultr:vultr-vhp-2c-2gb-intel-ewr-ord-dfw-sea-lax-atl-ams-lhr-fra-sjc-syd-yto-cdg-nrt-waw-mad-icn-mia-sgp-sto-mex-mel-hnl-bom-jnb-tlv-blr-del-scl-itm-man-53,Vultr,High Performance Intel 2C-2G,,Israel,IL,"ewr, ord, dfw, sea, lax, atl, ams, lhr, fra, sjc, syd, yto, cdg, nrt, waw, mad, icn, mia, sgp, sto, mex, mel, hnl, bom, jnb, tlv, blr, del, scl, itm, man",,2,,2,60,,4,,18,USD,month,18,false,false,Mastercard; VISA; PayPal,https://www.vultr.com/pricing/,2026-08-30
vultr:vultr-vhp-2c-2gb-amd-ewr-ord-dfw-sea-lax-atl-ams-lhr-fra-sjc-syd-yto-cdg-nrt-waw-mad-mxp-icn-mia-sgp-sto-mex-mel-bom-jnb-tlv-blr-del-scl-itm-man-37,Vultr,High Performance AMD 2C-2G,,Italy,IT,"ewr, ord, dfw, sea, lax, atl, ams, lhr, fra, sjc, syd, yto, cdg, nrt, waw, mad, mxp, icn, mia, sgp, sto, mex, mel, bom, jnb, tlv, blr, del, scl, itm, man",,2,,2,60,,4,,18,USD,month,18,false,false,Mastercard; VISA; PayPal,https://www.vultr.com/pricing/,2026-08-30
vultr:vultr-vhf-2c-2gb-ewr-ord-dfw-sea-lax-atl-ams-lhr-fra-sjc-syd-yto-cdg-nrt-waw-mad-icn-mia-sgp-sto-mex-mel-bom-jnb-tlv-blr-del-scl-itm-man-23,Vultr,High Frequency 2C-2G,,Japan,JP,"ewr, ord, dfw, sea, lax, atl, ams, lhr, fra, sjc, syd, yto, cdg, nrt, waw, mad, icn, mia, sgp, sto, mex, mel, bom, jnb, tlv, blr, del, scl, itm, man",,2,,2,80,,3,,18,USD,month,18,false,false,Mastercard; VISA; PayPal,https://www.vultr.com/pricing/,2026-08-30
vultr:vultr-vhp-2c-2gb-amd-ewr-ord-dfw-sea-lax-atl-ams-lhr-fra-sjc-syd-yto-cdg-nrt-waw-mad-mxp-icn-mia-sgp-sto-mex-mel-bom-jnb-tlv-blr-del-scl-itm-man-37,Vultr,High Performance AMD 2C-2G,,Japan,JP,"ewr, ord, dfw, sea, lax, atl, ams, lhr, fra, sjc, syd, yto, cdg, nrt, waw, mad, mxp, icn, mia, sgp, sto, mex, mel, bom, jnb, tlv, blr, del, scl, itm, man",,2,,2,60,,4,,18,USD,month,18,false,false,Mastercard; VISA; PayPal,https://www.vultr.com/pricing/,2026-08-30
vultr:vultr-vhp-2c-2gb-intel-ewr-ord-dfw-sea-lax-atl-ams-lhr-fra-sjc-syd-yto-cdg-nrt-waw-mad-icn-mia-sgp-sto-mex-mel-hnl-bom-jnb-tlv-blr-del-scl-itm-man-53,Vultr,High Performance Intel 2C-2G,,Japan,JP,"ewr, ord, dfw, sea, lax, atl, ams, lhr, fra, sjc, syd, yto, cdg, nrt, waw, mad, icn, mia, sgp, sto, mex, mel, hnl, bom, jnb, tlv, blr, del, scl, itm, man",,2,,2,60,,4,,18,USD,month,18,false,false,Mastercard; VISA; PayPal,https://www.vultr.com/pricing/,2026-08-30
vultr:vultr-vhf-2c-2gb-ewr-ord-dfw-sea-lax-atl-ams-lhr-fra-sjc-syd-yto-cdg-nrt-waw-mad-icn-mia-sgp-sto-mex-mel-bom-jnb-tlv-blr-del-scl-itm-man-23,Vultr,High Frequency 2C-2G,,Mexico,MX,"ewr, ord, dfw, sea, lax, atl, ams, lhr, fra, sjc, syd, yto, cdg, nrt, waw, mad, icn, mia, sgp, sto, mex, mel, bom, jnb, tlv, blr, del, scl, itm, man",,2,,2,80,,3,,18,USD,month,18,false,false,Mastercard; VISA; PayPal,https://www.vultr.com/pricing/,2026-08-30
vultr:vultr-vhp-2c-2gb-amd-ewr-ord-dfw-sea-lax-atl-ams-lhr-fra-sjc-syd-yto-cdg-nrt-waw-mad-mxp-icn-mia-sgp-sto-mex-mel-bom-jnb-tlv-blr-del-scl-itm-man-37,Vultr,High Performance AMD 2C-2G,,Mexico,MX,"ewr, ord, dfw, sea, lax, atl, ams, lhr, fra, sjc, syd, yto, cdg, nrt, waw, mad, mxp, icn, mia, sgp, sto, mex, mel, bom, jnb, tlv, blr, del, scl, itm, man",,2,,2,60,,4,,18,USD,month,18,false,false,Mastercard; VISA; PayPal,https://www.vultr.com/pricing/,2026-08-30
vultr:vultr-vhp-2c-2gb-intel-ewr-ord-dfw-sea-lax-atl-ams-lhr-fra-sjc-syd-yto-cdg-nrt-waw-mad-icn-mia-sgp-sto-mex-mel-hnl-bom-jnb-tlv-blr-del-scl-itm-man-53,Vultr,High Performance Intel 2C-2G,,Mexico,MX,"ewr, ord, dfw, sea, lax, atl, ams, lhr, fra, sjc, syd, yto, cdg, nrt, waw, mad, icn, mia, sgp, sto, mex, mel, hnl, bom, jnb, tlv, blr, del, scl, itm, man",,2,,2,60,,4,,18,USD,month,18,false,false,Mastercard; VISA; PayPal,https://www.vultr.com/pricing/,2026-08-30
vultr:vultr-vhf-2c-2gb-ewr-ord-dfw-sea-lax-atl-ams-lhr-fra-sjc-syd-yto-cdg-nrt-waw-mad-icn-mia-sgp-sto-mex-mel-bom-jnb-tlv-blr-del-scl-itm-man-23,Vultr,High Frequency 2C-2G,,Netherlands,NL,"ewr, ord, dfw, sea, lax, atl, ams, lhr, fra, sjc, syd, yto, cdg, nrt, waw, mad, icn, mia, sgp, sto, mex, mel, bom, jnb, tlv, blr, del, scl, itm, man",,2,,2,80,,3,,18,USD,month,18,false,false,Mastercard; VISA; PayPal,https://www.vultr.com/pricing/,2026-08-30
vultr:vultr-vhp-2c-2gb-amd-ewr-ord-dfw-sea-lax-atl-ams-lhr-fra-sjc-syd-yto-cdg-nrt-waw-mad-mxp-icn-mia-sgp-sto-mex-mel-bom-jnb-tlv-blr-del-scl-itm-man-37,Vultr,High Performance AMD 2C-2G,,Netherlands,NL,"ewr, ord, dfw, sea, lax, atl, ams, lhr, fra, sjc, syd, yto, cdg, nrt, waw, mad, mxp, icn, mia, sgp, sto, mex, mel, bom, jnb, tlv, blr, del, scl, itm, man",,2,,2,60,,4,,18,USD,month,18,false,false,Mastercard; VISA; PayPal,https://www.vultr.com/pricing/,2026-08-30
vultr:vultr-vhp-2c-2gb-intel-ewr-ord-dfw-sea-lax-atl-ams-lhr-fra-sjc-syd-yto-cdg-nrt-waw-mad-icn-mia-sgp-sto-mex-mel-hnl-bom-jnb-tlv-blr-del-scl-itm-man-53,Vultr,High Performance Intel 2C-2G,,Netherlands,NL,"ewr, ord, dfw, sea, lax, atl, ams, lhr, fra, sjc, syd, yto, cdg, nrt, waw, mad, icn, mia, sgp, sto, mex, mel, hnl, bom, jnb, tlv, blr, del, scl, itm, man",,2,,2,60,,4,,18,USD,month,18,false,false,Mastercard; VISA; PayPal,https://www.vultr.com/pricing/,2026-08-30
vultr:vultr-vhf-2c-2gb-ewr-ord-dfw-sea-lax-atl-ams-lhr-fra-sjc-syd-yto-cdg-nrt-waw-mad-icn-mia-sgp-sto-mex-mel-bom-jnb-tlv-blr-del-scl-itm-man-23,Vultr,High Frequency 2C-2G,,Poland,PL,"ewr, ord, dfw, sea, lax, atl, ams, lhr, fra, sjc, syd, yto, cdg, nrt, waw, mad, icn, mia, sgp, sto, mex, mel, bom, jnb, tlv, blr, del, scl, itm, man",,2,,2,80,,3,,18,USD,month,18,false,false,Mastercard; VISA; PayPal,https://www.vultr.com/pricing/,2026-08-30
vultr:vultr-vhp-2c-2gb-amd-ewr-ord-dfw-sea-lax-atl-ams-lhr-fra-sjc-syd-yto-cdg-nrt-waw-mad-mxp-icn-mia-sgp-sto-mex-mel-bom-jnb-tlv-blr-del-scl-itm-man-37,Vultr,High Performance AMD 2C-2G,,Poland,PL,"ewr, ord, dfw, sea, lax, atl, ams, lhr, fra, sjc, syd, yto, cdg, nrt, waw, mad, mxp, icn, mia, sgp, sto, mex, mel, bom, jnb, tlv, blr, del, scl, itm, man",,2,,2,60,,4,,18,USD,month,18,false,false,Mastercard; VISA; PayPal,https://www.vultr.com/pricing/,2026-08-30
vultr:vultr-vhp-2c-2gb-intel-ewr-ord-dfw-sea-lax-atl-ams-lhr-fra-sjc-syd-yto-cdg-nrt-waw-mad-icn-mia-sgp-sto-mex-mel-hnl-bom-jnb-tlv-blr-del-scl-itm-man-53,Vultr,High Performance Intel 2C-2G,,Poland,PL,"ewr, ord, dfw, sea, lax, atl, ams, lhr, fra, sjc, syd, yto, cdg, nrt, waw, mad, icn, mia, sgp, sto, mex, mel, hnl, bom, jnb, tlv, blr, del, scl, itm, man",,2,,2,60,,4,,18,USD,month,18,false,false,Mastercard; VISA; PayPal,https://www.vultr.com/pricing/,2026-08-30
vultr:vultr-vhf-2c-2gb-ewr-ord-dfw-sea-lax-atl-ams-lhr-fra-sjc-syd-yto-cdg-nrt-waw-mad-icn-mia-sgp-sto-mex-mel-bom-jnb-tlv-blr-del-scl-itm-man-23,Vultr,High Frequency 2C-2G,,Singapore,SG,"ewr, ord, dfw, sea, lax, atl, ams, lhr, fra, sjc, syd, yto, cdg, nrt, waw, mad, icn, mia, sgp, sto, mex, mel, bom, jnb, tlv, blr, del, scl, itm, man",,2,,2,80,,3,,18,USD,month,18,false,false,Mastercard; VISA; PayPal,https://www.vultr.com/pricing/,2026-08-30
vultr:vultr-vhp-2c-2gb-amd-ewr-ord-dfw-sea-lax-atl-ams-lhr-fra-sjc-syd-yto-cdg-nrt-waw-mad-mxp-icn-mia-sgp-sto-mex-mel-bom-jnb-tlv-blr-del-scl-itm-man-37,Vultr,High Performance AMD 2C-2G,,Singapore,SG,"ewr, ord, dfw, sea, lax, atl, ams, lhr, fra, sjc, syd, yto, cdg, nrt, waw, mad, mxp, icn, mia, sgp, sto, mex, mel, bom, jnb, tlv, blr, del, scl, itm, man",,2,,2,60,,4,,18,USD,month,18,false,false,Mastercard; VISA; PayPal,https://www.vultr.com/pricing/,2026-08-30
vultr:vultr-vhp-2c-2gb-intel-ewr-ord-dfw-sea-lax-atl-ams-lhr-fra-sjc-syd-yto-cdg-nrt-waw-mad-icn-mia-sgp-sto-mex-mel-hnl-bom-jnb-tlv-blr-del-scl-itm-man-53,Vultr,High Performance Intel 2C-2G,,Singapore,SG,"ewr, ord, dfw, sea, lax, atl, ams, lhr, fra, sjc, syd, yto, cdg, nrt, waw, mad, icn, mia, sgp, sto, mex, mel, hnl, bom, jnb, tlv, blr, del, scl, itm, man",,2,,2,60,,4,,18,USD,month,18,false,false,Mastercard; VISA; PayPal,https://www.vultr.com/pricing/,2026-08-30
vultr:vultr-vhf-2c-2gb-ewr-ord-dfw-sea-lax-atl-ams-lhr-fra-sjc-syd-yto-cdg-nrt-waw-mad-icn-mia-sgp-sto-mex-mel-bom-jnb-tlv-blr-del-scl-itm-man-23,Vultr,High Frequency 2C-2G,,South Africa,ZA,"ewr, ord, dfw, sea, lax, atl, ams, lhr, fra, sjc, syd, yto, cdg, nrt, waw, mad, icn, mia, sgp, sto, mex, mel, bom, jnb, tlv, blr, del, scl, itm, man",,2,,2,80,,3,,18,USD,month,18,false,false,Mastercard; VISA; PayPal,https://www.vultr.com/pricing/,2026-08-30
vultr:vultr-vhp-2c-2gb-amd-ewr-ord-dfw-sea-lax-atl-ams-lhr-fra-sjc-syd-yto-cdg-nrt-waw-mad-mxp-icn-mia-sgp-sto-mex-mel-bom-jnb-tlv-blr-del-scl-itm-man-37,Vultr,High Performance AMD 2C-2G,,South Africa,ZA,"ewr, ord, dfw, sea, lax, atl, ams, lhr, fra, sjc, syd, yto, cdg, nrt, waw, mad, mxp, icn, mia, sgp, sto, mex, mel, bom, jnb, tlv, blr, del, scl, itm, man",,2,,2,60,,4,,18,USD,month,18,false,false,Mastercard; VISA; PayPal,https://www.vultr.com/pricing/,2026-08-30
vultr:vultr-vhp-2c-2gb-intel-ewr-ord-dfw-sea-lax-atl-ams-lhr-fra-sjc-syd-yto-cdg-nrt-waw-mad-icn-mia-sgp-sto-mex-mel-hnl-bom-jnb-tlv-blr-del-scl-itm-man-53,Vultr,High Performance Intel 2C-2G,,South Africa,ZA,"ewr, ord, dfw, sea, lax, atl, ams, lhr, fra, sjc, syd, yto, cdg, nrt, waw, mad, icn, mia, sgp, sto, mex, mel, hnl, bom, jnb, tlv, blr, del, scl, itm, man",,2,,2,60,,4,,18,USD,month,18,false,false,Mastercard; VISA; PayPal,https://www.vultr.com/pricing/,2026-08-30
vultr:vultr-vhf-2c-2gb-ewr-ord-dfw-sea-lax-atl-ams-lhr-fra-sjc-syd-yto-cdg-nrt-waw-mad-icn-mia-sgp-sto-mex-mel-bom-jnb-tlv-blr-del-scl-itm-man-23,Vultr,High Frequency 2C-2G,,South Korea,KR,"ewr, ord, dfw, sea, lax, atl, ams, lhr, fra, sjc, syd, yto, cdg, nrt, waw, mad, icn, mia, sgp, sto, mex, mel, bom, jnb, tlv, blr, del, scl, itm, man",,2,,2,80,,3,,18,USD,month,18,false,false,Mastercard; VISA; PayPal,https://www.vultr.com/pricing/,2026-08-30
vultr:vultr-vhp-2c-2gb-amd-ewr-ord-dfw-sea-lax-atl-ams-lhr-fra-sjc-syd-yto-cdg-nrt-waw-mad-mxp-icn-mia-sgp-sto-mex-mel-bom-jnb-tlv-blr-del-scl-itm-man-37,Vultr,High Performance AMD 2C-2G,,South Korea,KR,"ewr, ord, dfw, sea, lax, atl, ams, lhr, fra, sjc, syd, yto, cdg, nrt, waw, mad, mxp, icn, mia, sgp, sto, mex, mel, bom, jnb, tlv, blr, del, scl, itm, man",,2,,2,60,,4,,18,USD,month,18,false,false,Mastercard; VISA; PayPal,https://www.vultr.com/pricing/,2026-08-30
vultr:vultr-vhp-2c-2gb-intel-ewr-ord-dfw-sea-lax-atl-ams-lhr-fra-sjc-syd-yto-cdg-nrt-waw-mad-icn-mia-sgp-sto-mex-mel-hnl-bom-jnb-tlv-blr-del-scl-itm-man-53,Vultr,High Performance Intel 2C-2G,,South Korea,KR,"ewr, ord, dfw, sea, lax, atl, ams, lhr, fra, sjc, syd, yto, cdg, nrt, waw, mad, icn, mia, sgp, sto, mex, mel, hnl, bom, jnb, tlv, blr, del, scl, itm, man",,2,,2,60,,4,,18,USD,month,18,false,false,Mastercard; VISA; PayPal,https://www.vultr.com/pricing/,2026-08-30
vultr:vultr-vhf-2c-2gb-ewr-ord-dfw-sea-lax-atl-ams-lhr-fra-sjc-syd-yto-cdg-nrt-waw-mad-icn-mia-sgp-sto-mex-mel-bom-jnb-tlv-blr-del-scl-itm-man-23,Vultr,High Frequency 2C-2G,,Spain,ES,"ewr, ord, dfw, sea, lax, atl, ams, lhr, fra, sjc, syd, yto, cdg, nrt, waw, mad, icn, mia, sgp, sto, mex, mel, bom, jnb, tlv, blr, del, scl, itm, man",,2,,2,80,,3,,18,USD,month,18,false,false,Mastercard; VISA; PayPal,https://www.vultr.com/pricing/,2026-08-30
vultr:vultr-vhp-2c-2gb-amd-ewr-ord-dfw-sea-lax-atl-ams-lhr-fra-sjc-syd-yto-cdg-nrt-waw-mad-mxp-icn-mia-sgp-sto-mex-mel-bom-jnb-tlv-blr-del-scl-itm-man-37,Vultr,High Performance AMD 2C-2G,,Spain,ES,"ewr, ord, dfw, sea, lax, atl, ams, lhr, fra, sjc, syd, yto, cdg, nrt, waw, mad, mxp, icn, mia, sgp, sto, mex, mel, bom, jnb, tlv, blr, del, scl, itm, man",,2,,2,60,,4,,18,USD,month,18,false,false,Mastercard; VISA; PayPal,https://www.vultr.com/pricing/,2026-08-30
vultr:vultr-vhp-2c-2gb-intel-ewr-ord-dfw-sea-lax-atl-ams-lhr-fra-sjc-syd-yto-cdg-nrt-waw-mad-icn-mia-sgp-sto-mex-mel-hnl-bom-jnb-tlv-blr-del-scl-itm-man-53,Vultr,High Performance Intel 2C-2G,,Spain,ES,"ewr, ord, dfw, sea, lax, atl, ams, lhr, fra, sjc, syd, yto, cdg, nrt, waw, mad, icn, mia, sgp, sto, mex, mel, hnl, bom, jnb, tlv, blr, del, scl, itm, man",,2,,2,60,,4,,18,USD,month,18,false,false,Mastercard; VISA; PayPal,https://www.vultr.com/pricing/,2026-08-30
vultr:vultr-vhf-2c-2gb-ewr-ord-dfw-sea-lax-atl-ams-lhr-fra-sjc-syd-yto-cdg-nrt-waw-mad-icn-mia-sgp-sto-mex-mel-bom-jnb-tlv-blr-del-scl-itm-man-23,Vultr,High Frequency 2C-2G,,Sweden,SE,"ewr, ord, dfw, sea, lax, atl, ams, lhr, fra, sjc, syd, yto, cdg, nrt, waw, mad, icn, mia, sgp, sto, mex, mel, bom, jnb, tlv, blr, del, scl, itm, man",,2,,2,80,,3,,18,USD,month,18,false,false,Mastercard; VISA; PayPal,https://www.vultr.com/pricing/,2026-08-30
vultr:vultr-vhp-2c-2gb-amd-ewr-ord-dfw-sea-lax-atl-ams-lhr-fra-sjc-syd-yto-cdg-nrt-waw-mad-mxp-icn-mia-sgp-sto-mex-mel-bom-jnb-tlv-blr-del-scl-itm-man-37,Vultr,High Performance AMD 2C-2G,,Sweden,SE,"ewr, ord, dfw, sea, lax, atl, ams, lhr, fra, sjc, syd, yto, cdg, nrt, waw, mad, mxp, icn, mia, sgp, sto, mex, mel, bom, jnb, tlv, blr, del, scl, itm, man",,2,,2,60,,4,,18,USD,month,18,false,false,Mastercard; VISA; PayPal,https://www.vultr.com/pricing/,2026-08-30
vultr:vultr-vhp-2c-2gb-intel-ewr-ord-dfw-sea-lax-atl-ams-lhr-fra-sjc-syd-yto-cdg-nrt-waw-mad-icn-mia-sgp-sto-mex-mel-hnl-bom-jnb-tlv-blr-del-scl-itm-man-53,Vultr,High Performance Intel 2C-2G,,Sweden,SE,"ewr, ord, dfw, sea, lax, atl, ams, lhr, fra, sjc, syd, yto, cdg, nrt, waw, mad, icn, mia, sgp, sto, mex, mel, hnl, bom, jnb, tlv, blr, del, scl, itm, man",,2,,2,60,,4,,18,USD,month,18,false,false,Mastercard; VISA; PayPal,https://www.vultr.com/pricing/,2026-08-30
vultr:vultr-vhf-2c-2gb-ewr-ord-dfw-sea-lax-atl-ams-lhr-fra-sjc-syd-yto-cdg-nrt-waw-mad-icn-mia-sgp-sto-mex-mel-bom-jnb-tlv-blr-del-scl-itm-man-23,Vultr,High Frequency 2C-2G,,United Kingdom,GB,"ewr, ord, dfw, sea, lax, atl, ams, lhr, fra, sjc, syd, yto, cdg, nrt, waw, mad, icn, mia, sgp, sto, mex, mel, bom, jnb, tlv, blr, del, scl, itm, man",,2,,2,80,,3,,18,USD,month,18,false,false,Mastercard; VISA; PayPal,https://www.vultr.com/pricing/,2026-08-30
vultr:vultr-vhp-2c-2gb-amd-ewr-ord-dfw-sea-lax-atl-ams-lhr-fra-sjc-syd-yto-cdg-nrt-waw-mad-mxp-icn-mia-sgp-sto-mex-mel-bom-jnb-tlv-blr-del-scl-itm-man-37,Vultr,High Performance AMD 2C-2G,,United Kingdom,GB,"ewr, ord, dfw, sea, lax, atl, ams, lhr, fra, sjc, syd, yto, cdg, nrt, waw, mad, mxp, icn, mia, sgp, sto, mex, mel, bom, jnb, tlv, blr, del, scl, itm, man",,2,,2,60,,4,,18,USD,month,18,false,false,Mastercard; VISA; PayPal,https://www.vultr.com/pricing/,2026-08-30
vultr:vultr-vhp-2c-2gb-intel-ewr-ord-dfw-sea-lax-atl-ams-lhr-fra-sjc-syd-yto-cdg-nrt-waw-mad-icn-mia-sgp-sto-mex-mel-hnl-bom-jnb-tlv-blr-del-scl-itm-man-53,Vultr,High Performance Intel 2C-2G,,United Kingdom,GB,"ewr, ord, dfw, sea, lax, atl, ams, lhr, fra, sjc, syd, yto, cdg, nrt, waw, mad, icn, mia, sgp, sto, mex, mel, hnl, bom, jnb, tlv, blr, del, scl, itm, man",,2,,2,60,,4,,18,USD,month,18,false,false,Mastercard; VISA; PayPal,https://www.vultr.com/pricing/,2026-08-30
vultr:vultr-vhf-2c-2gb-ewr-ord-dfw-sea-lax-atl-ams-lhr-fra-sjc-syd-yto-cdg-nrt-waw-mad-icn-mia-sgp-sto-mex-mel-bom-jnb-tlv-blr-del-scl-itm-man-23,Vultr,High Frequency 2C-2G,,USA,US,"ewr, ord, dfw, sea, lax, atl, ams, lhr, fra, sjc, syd, yto, cdg, nrt, waw, mad, icn, mia, sgp, sto, mex, mel, bom, jnb, tlv, blr, del, scl, itm, man",,2,,2,80,,3,,18,USD,month,18,false,false,Mastercard; VISA; PayPal,https://www.vultr.com/pricing/,2026-08-30
vultr:vultr-vhp-2c-2gb-amd-ewr-ord-dfw-sea-lax-atl-ams-lhr-fra-sjc-syd-yto-cdg-nrt-waw-mad-mxp-icn-mia-sgp-sto-mex-mel-bom-jnb-tlv-blr-del-scl-itm-man-37,Vultr,High Performance AMD 2C-2G,,USA,US,"ewr, ord, dfw, sea, lax, atl, ams, lhr, fra, sjc, syd, yto, cdg, nrt, waw, mad, mxp, icn, mia, sgp, sto, mex, mel, bom, jnb, tlv, blr, del, scl, itm, man",,2,,2,60,,4,,18,USD,month,18,false,false,Mastercard; VISA; PayPal,https://www.vultr.com/pricing/,2026-08-30
vultr:vultr-vhp-2c-2gb-intel-ewr-ord-dfw-sea-lax-atl-ams-lhr-fra-sjc-syd-yto-cdg-nrt-waw-mad-icn-mia-sgp-sto-mex-mel-hnl-bom-jnb-tlv-blr-del-scl-itm-man-53,Vultr,High Performance Intel 2C-2G,,USA,US,"ewr, ord, dfw, sea, lax, atl, ams, lhr, fra, sjc, syd, yto, cdg, nrt, waw, mad, icn, mia, sgp, sto, mex, mel, hnl, bom, jnb, tlv, blr, del, scl, itm, man",,2,,2,60,,4,,18,USD,month,18,false,false,Mastercard; VISA; PayPal,https://www.vultr.com/pricing/,2026-08-30
hostingvds:hostingvds-hi-memory-vds-kvm-nvme-memory-16g-selectel-109,HostingVDS,MEMORY-16G,,Russia,RU,"Россия, Москва - Selectel",,4,,16,90,NVMe,5,10000,15.99,EUR,month,18.33,true,true,BNB; BTC; DAI; ETH; LTC; POL; SOL; TON; TRX; USDC; USDT; MIR; SBP,https://my.hosting-vds.com/order/memory-vds-kvm-nvme/18,2026-08-30
doubleservers:doubleservers-vps-medium-germany-2,DoubleServers,VPS medium,,Germany,DE,Germany,,4,,4,40,NVMe,,,16,EUR,month,18.34,true,true,Bank card; SBP; USDT,https://doubleservers.com/,2026-08-30
hostingvds:hostingvds-vds-kvm-nvme-amd-hi-cpu-8g-row-124,HostingVDS,Hi-CPU-8G,,Russia,RU,"Россия, Москва",,3,,8,90,NVMe,8,10000,16,EUR,month,18.34,true,true,BNB; BTC; DAI; ETH; LTC; POL; SOL; TON; TRX; USDC; USDT; MIR; SBP,https://my.hosting-vds.com/order/performance-vds-amd-epyc/34,2026-08-30
hostkey:hostkey-vm-v3-medium-nl-fi-gb-es-it-us-fr-pl-ch-is-20,HOSTKEY,vm.v3-medium,,Finland,FI,"NL, FI, GB, ES, IT, US, FR, PL, CH, IS",,8,,16,160,NVMe,3,1000,16,EUR,month,18.34,true,false,VISA; Mastercard; American Express; UnionPay; PayPal; Alipay; WebMoney; BTC; Bank transfer,https://hostkey.com/vps/,2026-09-24
hostkey:hostkey-vm-v3-medium-nl-fi-gb-es-it-us-fr-pl-ch-is-20,HOSTKEY,vm.v3-medium,,France,FR,"NL, FI, GB, ES, IT, US, FR, PL, CH, IS",,8,,16,160,NVMe,3,1000,16,EUR,month,18.34,true,false,VISA; Mastercard; American Express; UnionPay; PayPal; Alipay; WebMoney; BTC; Bank transfer,https://hostkey.com/vps/,2026-09-24
hostkey:hostkey-vm-v3-medium-nl-fi-gb-es-it-us-fr-pl-ch-is-20,HOSTKEY,vm.v3-medium,,Italy,IT,"NL, FI, GB, ES, IT, US, FR, PL, CH, IS",,8,,16,160,NVMe,3,1000,16,EUR,month,18.34,true,false,VISA; Mastercard; American Express; UnionPay; PayPal; Alipay; WebMoney; BTC; Bank transfer,https://hostkey.com/vps/,2026-09-24
hostkey:hostkey-vm-v3-medium-nl-fi-gb-es-it-us-fr-pl-ch-is-20,HOSTKEY,vm.v3-medium,,Netherlands,NL,"NL, FI, GB, ES, IT, US, FR, PL, CH, IS",,8,,16,160,NVMe,3,1000,16,EUR,month,18.34,true,false,VISA; Mastercard; American Express; UnionPay; PayPal; Alipay; WebMoney; BTC; Bank transfer,https://hostkey.com/vps/,2026-09-24
hostkey:hostkey-vm-v3-medium-nl-fi-gb-es-it-us-fr-pl-ch-is-20,HOSTKEY,vm.v3-medium,,Poland,PL,"NL, FI, GB, ES, IT, US, FR, PL, CH, IS",,8,,16,160,NVMe,3,1000,16,EUR,month,18.34,true,false,VISA; Mastercard; American Express; UnionPay; PayPal; Alipay; WebMoney; BTC; Bank transfer,https://hostkey.com/vps/,2026-09-24
hostkey:hostkey-vm-v3-medium-nl-fi-gb-es-it-us-fr-pl-ch-is-20,HOSTKEY,vm.v3-medium,,Spain,ES,"NL, FI, GB, ES, IT, US, FR, PL, CH, IS",,8,,16,160,NVMe,3,1000,16,EUR,month,18.34,true,false,VISA; Mastercard; American Express; UnionPay; PayPal; Alipay; WebMoney; BTC; Bank transfer,https://hostkey.com/vps/,2026-09-24
hostkey:hostkey-vm-v3-medium-nl-fi-gb-es-it-us-fr-pl-ch-is-20,HOSTKEY,vm.v3-medium,,Switzerland,CH,"NL, FI, GB, ES, IT, US, FR, PL, CH, IS",,8,,16,160,NVMe,3,1000,16,EUR,month,18.34,true,false,VISA; Mastercard; American Express; UnionPay; PayPal; Alipay; WebMoney; BTC; Bank transfer,https://hostkey.com/vps/,2026-09-24
hostkey:hostkey-vm-v3-medium-nl-fi-gb-es-it-us-fr-pl-ch-is-20,HOSTKEY,vm.v3-medium,,United Kingdom,GB,"NL, FI, GB, ES, IT, US, FR, PL, CH, IS",,8,,16,160,NVMe,3,1000,16,EUR,month,18.34,true,false,VISA; Mastercard; American Express; UnionPay; PayPal; Alipay; WebMoney; BTC; Bank transfer,https://hostkey.com/vps/,2026-09-24
hostkey:hostkey-vm-v3-medium-nl-fi-gb-es-it-us-fr-pl-ch-is-20,HOSTKEY,vm.v3-medium,,USA,US,"NL, FI, GB, ES, IT, US, FR, PL, CH, IS",,8,,16,160,NVMe,3,1000,16,EUR,month,18.34,true,false,VISA; Mastercard; American Express; UnionPay; PayPal; Alipay; WebMoney; BTC; Bank transfer,https://hostkey.com/vps/,2026-09-24
hostingvds:hostingvds-vds-kvm-nvme-hvds-12g-eu-1-55,HostingVDS,HVDS-12G-EU,,Bulgaria,BG,"Болгария, София (1Гбит/с)",,6,,12,100,NVMe,12,1000,16.19,EUR,month,18.56,true,true,BNB; BTC; DAI; ETH; LTC; POL; SOL; TON; TRX; USDC; USDT; MIR; SBP,https://my.hosting-vds.com/order/vds-kvm-ssd-eu/50,2026-08-30
hostingvds:hostingvds-vds-kvm-nvme-hvds-12g-eu-1-55,HostingVDS,HVDS-12G-EU,,Finland,FI,"Финляндия, Хельсинки (1Гбит/с)",,6,,12,100,NVMe,12,1000,16.19,EUR,month,18.56,true,true,BNB; BTC; DAI; ETH; LTC; POL; SOL; TON; TRX; USDC; USDT; MIR; SBP,https://my.hosting-vds.com/order/vds-kvm-ssd-eu/50,2026-08-30
hostingvds:hostingvds-vds-kvm-nvme-hvds-12g-eu-1-55,HostingVDS,HVDS-12G-EU,,Germany,DE,"Германия, Франкфурт (1Гбит/с)",,6,,12,100,NVMe,12,1000,16.19,EUR,month,18.56,true,true,BNB; BTC; DAI; ETH; LTC; POL; SOL; TON; TRX; USDC; USDT; MIR; SBP,https://my.hosting-vds.com/order/vds-kvm-ssd-eu/50,2026-08-30
hostingvds:hostingvds-vds-kvm-nvme-hvds-12g-eu-1-55,HostingVDS,HVDS-12G-EU,,Latvia,LV,"Латвия, Рига (1Гбит/с)",,6,,12,100,NVMe,12,1000,16.19,EUR,month,18.56,true,true,BNB; BTC; DAI; ETH; LTC; POL; SOL; TON; TRX; USDC; USDT; MIR; SBP,https://my.hosting-vds.com/order/vds-kvm-ssd-eu/50,2026-08-30
hostingvds:hostingvds-vds-kvm-nvme-hvds-12g-eu-1-55,HostingVDS,HVDS-12G-EU,,Poland,PL,"Польша, Варшава (1Гбит/с)",,6,,12,100,NVMe,12,1000,16.19,EUR,month,18.56,true,true,BNB; BTC; DAI; ETH; LTC; POL; SOL; TON; TRX; USDC; USDT; MIR; SBP,https://my.hosting-vds.com/order/vds-kvm-ssd-eu/50,2026-08-30
hostingvds:hostingvds-vds-kvm-nvme-hvds-12g-selectel-11,HostingVDS,HVDS-12G,,Russia,RU,"Россия, Москва - Selectel",,6,,12,120,NVMe,10,10000,16.19,EUR,month,18.56,true,true,BNB; BTC; DAI; ETH; LTC; POL; SOL; TON; TRX; USDC; USDT; MIR; SBP,https://my.hosting-vds.com/order/standart-vds/1,2026-08-30
hostingvds:hostingvds-vds-kvm-nvme-hvds-12g-eu-1-55,HostingVDS,HVDS-12G-EU,,Sweden,SE,"Швеция, Стокгольм (1Гбит/с)",,6,,12,100,NVMe,12,1000,16.19,EUR,month,18.56,true,true,BNB; BTC; DAI; ETH; LTC; POL; SOL; TON; TRX; USDC; USDT; MIR; SBP,https://my.hosting-vds.com/order/vds-kvm-ssd-eu/50,2026-08-30
hostingvds:hostingvds-vds-kvm-nvme-hvds-12g-eu-1-55,HostingVDS,HVDS-12G-USA,,USA,US,"США, Нью-Йорк (1Гбит/с)",,6,,12,100,NVMe,12,1000,16.19,EUR,month,18.56,true,true,BNB; BTC; DAI; ETH; LTC; POL; SOL; TON; TRX; USDC; USDT; MIR; SBP,https://my.hosting-vds.com/order/vds-kvm-nvme-usa/70,2026-08-30
timeweb:timeweb-high-2-row-31,TimeWEB,High-2,,Russia,RU,Россия-Санкт-Петербург,,1,,2,30,NVMe,,200,1575,RUB,month,18.66,false,true,MIR; Mastercard; VISA; SberPay; SBP; YooMoney,https://timeweb.cloud/services/vds-vps?location=ru,2026-08-30
firstvds:firstvds-vds-kvm-ssd-10-0-russia-4,FirstVDS,Otryv (SSD),,Russia,RU,Russia,,4,,8,80,,unlimited,100,1579,RUB,month,18.71,false,true,MIR; Mastercard; VISA; SberPay; SBP; YooMoney,https://firstvds.ru/docs/tariffs.html,2026-08-30
firstbyte:firstbyte-business-msk-kvm-sas-1-row-105,Firstbyte,Business MSK-KVM-SAS-1,,Russia,RU,"Россия, Москва",,2,,2,40,SAS,4,200,1599,RUB,month,18.95,true,true,BNB; BTC; DOGE; ETH; LTC; SOL; TON; TRX; USDT; MIR; Mastercard; VISA; SBP; PayPal; YooMoney,https://firstbyte.ru/vps-vds/kvm-business/,2026-08-30
waicore:waicore-amd-epyc-9454-ep2-germany-frankfurt-am-main-2,WAICORE,EP2,,Germany,DE,"Germany, Frankfurt am Main",,2,,4,60,,50,2500,1600,RUB,month,18.96,,,,https://waicore.com/prices?tab=virtual,2026-08-30
selectel:selectel-selectel-highfreq-1vcpu-2gb-30nvme-row-24,Selectel,HighFreq 1C-2G-30G,,Russia,RU,"Россия, Москва / Санкт-Петербург",,1,,2,30,NVMe,3,3000,1614.53,RUB,month,19.13,false,true,MIR; VISA; Mastercard; SBP; YooMoney; Bank transfer,https://selectel.ru/prices/calculator/,2026-09-22
timeweb:timeweb-nl-15-1000-row-54,TimeWEB,NL-15-1000,,Netherlands,NL,Нидерланды-Амстердам,,1,,1,15,NVMe,,1000,1630,RUB,month,19.31,false,true,MIR; Mastercard; VISA; SberPay; SBP; YooMoney,https://timeweb.cloud/services/vds-vps?location=nl,2026-08-30
zomro:zomro-zomro-cheap-zibs-netherlands-3,Zomro,Cheap Zibs,,Netherlands,NL,Netherlands,,2,,14,80,,2,,16.95,EUR,month,19.43,true,true,BNB; BTC; ETH; SOL; TON; USDC; USDT; MIR; Mastercard; VISA; SBP; PayPal,https://zomro.com/cheap-vps,2026-08-30
aeza:aeza-412-18-vienna-17,Aeza,VIE-2,,Austria,AT,18-VIENNA,,2,,4,60,,unlimited,1000,16.98,EUR,month,19.46,true,true,BNB; BTC; ETH; LTC; SOL; TON; TRX; USDT; MIR; Mastercard; VISA,https://aeza.net/ru/virtual-servers,2026-08-30
aeza:aeza-412-18-vienna-17,Aeza,HEL-2,,Finland,FI,34-HELSINKI,,2,,4,60,,unlimited,1000,16.98,EUR,month,19.46,true,true,BNB; BTC; ETH; LTC; SOL; TON; TRX; USDT; MIR; Mastercard; VISA,https://aeza.net/ru/virtual-servers,2026-08-30
aeza:aeza-402-40-paris-47,Aeza,PAR-2,,France,FR,40-PARIS,,2,,4,60,,,1000,16.98,EUR,month,19.46,true,true,BNB; BTC; ETH; LTC; SOL; TON; TRX; USDT; MIR; Mastercard; VISA,https://aeza.net/ru/virtual-servers,2026-08-30
aeza:aeza-149-17-moscow-2,Aeza,MSK-2,SPB-2,Russia,RU,17-MOSCOW; 65-SAINT-PETERSBURG,,2,,4,60,,unlimited,25000,16.98,EUR,month,19.46,true,true,BNB; BTC; ETH; LTC; SOL; TON; TRX; USDT; MIR; Mastercard; VISA,https://aeza.net/ru/virtual-servers,2026-08-30
aeza:aeza-412-18-vienna-17,Aeza,SWE-2,,Sweden,SE,37-STOCKHOLM,,2,,4,60,,unlimited,1000,16.98,EUR,month,19.46,true,true,BNB; BTC; ETH; LTC; SOL; TON; TRX; USDT; MIR; Mastercard; VISA,https://aeza.net/ru/virtual-servers,2026-08-30
aeza:aeza-386-51-london-52,Aeza,LNDs-2,,United Kingdom,GB,51-LONDON,,2,,4,60,,unlimited,1000,17.04,EUR,month,19.53,true,true,BNB; BTC; ETH; LTC; SOL; TON; TRX; USDT; MIR; Mastercard; VISA,https://aeza.net/ru/virtual-servers,2026-08-30
datacheap:datacheap-vps-professional-nvme-row-5,DataCheap,VPS Professional NVMe,,Russia,RU,"Россия, Москва",,8,,8,90,NVMe,unlimited,10000,1680,RUB,month,19.91,false,true,Bank card; SBP; PayPal; Bank transfer,https://datacheap.ru/services/arenda-vps-vds-serverov/,2026-08-30
datacheap:datacheap-hi-cpu-advanced-nvme-row-10,DataCheap,HI-CPU Advanced NVMe,,Russia,RU,"Россия, Москва",,4,,4,80,NVMe,unlimited,10000,1680,RUB,month,19.91,false,true,Bank card; SBP; PayPal; Bank transfer,https://datacheap.ru/services/arenda-vps-vds-serverov/,2026-08-30
timeweb:timeweb-us-30-row-69,TimeWEB,US-30,,USA,US,США-Нью-Йорк,,1,,2,30,NVMe,,200,1680,RUB,month,19.91,false,true,MIR; Mastercard; VISA; SberPay; SBP; YooMoney,https://timeweb.cloud/services/vds-vps?location=nyc,2026-08-30
vultr:vultr-vc2-2c-4gb-ewr-ord-dfw-sea-lax-atl-ams-lhr-fra-sjc-syd-yto-cdg-nrt-waw-mad-icn-mia-sgp-sto-mex-mel-bom-jnb-tlv-blr-del-scl-itm-man-9,Vultr,Cloud Compute 2C-4G,,Australia,AU,"ewr, ord, dfw, sea, lax, atl, ams, lhr, fra, sjc, syd, yto, cdg, nrt, waw, mad, icn, mia, sgp, sto, mex, mel, bom, jnb, tlv, blr, del, scl, itm, man",,2,,4,80,SSD,3,,20,USD,month,20,false,false,Mastercard; VISA; PayPal,https://www.vultr.com/pricing/,2026-08-30
vultr:vultr-vc2-2c-4gb-ewr-ord-dfw-sea-lax-atl-ams-lhr-fra-sjc-syd-yto-cdg-nrt-waw-mad-icn-mia-sgp-sto-mex-mel-bom-jnb-tlv-blr-del-scl-itm-man-9,Vultr,Cloud Compute 2C-4G,,Canada,CA,"ewr, ord, dfw, sea, lax, atl, ams, lhr, fra, sjc, syd, yto, cdg, nrt, waw, mad, icn, mia, sgp, sto, mex, mel, bom, jnb, tlv, blr, del, scl, itm, man",,2,,4,80,SSD,3,,20,USD,month,20,false,false,Mastercard; VISA; PayPal,https://www.vultr.com/pricing/,2026-08-30
vultr:vultr-vc2-2c-4gb-ewr-ord-dfw-sea-lax-atl-ams-lhr-fra-sjc-syd-yto-cdg-nrt-waw-mad-icn-mia-sgp-sto-mex-mel-bom-jnb-tlv-blr-del-scl-itm-man-9,Vultr,Cloud Compute 2C-4G,,Chile,CL,"ewr, ord, dfw, sea, lax, atl, ams, lhr, fra, sjc, syd, yto, cdg, nrt, waw, mad, icn, mia, sgp, sto, mex, mel, bom, jnb, tlv, blr, del, scl, itm, man",,2,,4,80,SSD,3,,20,USD,month,20,false,false,Mastercard; VISA; PayPal,https://www.vultr.com/pricing/,2026-08-30
vultr:vultr-vc2-2c-4gb-ewr-ord-dfw-sea-lax-atl-ams-lhr-fra-sjc-syd-yto-cdg-nrt-waw-mad-icn-mia-sgp-sto-mex-mel-bom-jnb-tlv-blr-del-scl-itm-man-9,Vultr,Cloud Compute 2C-4G,,France,FR,"ewr, ord, dfw, sea, lax, atl, ams, lhr, fra, sjc, syd, yto, cdg, nrt, waw, mad, icn, mia, sgp, sto, mex, mel, bom, jnb, tlv, blr, del, scl, itm, man",,2,,4,80,SSD,3,,20,USD,month,20,false,false,Mastercard; VISA; PayPal,https://www.vultr.com/pricing/,2026-08-30
vultr:vultr-vc2-2c-4gb-ewr-ord-dfw-sea-lax-atl-ams-lhr-fra-sjc-syd-yto-cdg-nrt-waw-mad-icn-mia-sgp-sto-mex-mel-bom-jnb-tlv-blr-del-scl-itm-man-9,Vultr,Cloud Compute 2C-4G,,Germany,DE,"ewr, ord, dfw, sea, lax, atl, ams, lhr, fra, sjc, syd, yto, cdg, nrt, waw, mad, icn, mia, sgp, sto, mex, mel, bom, jnb, tlv, blr, del, scl, itm, man",,2,,4,80,SSD,3,,20,USD,month,20,false,false,Mastercard; VISA; PayPal,https://www.vultr.com/pricing/,2026-08-30
vultr:vultr-vc2-2c-4gb-ewr-ord-dfw-sea-lax-atl-ams-lhr-fra-sjc-syd-yto-cdg-nrt-waw-mad-icn-mia-sgp-sto-mex-mel-bom-jnb-tlv-blr-del-scl-itm-man-9,Vultr,Cloud Compute 2C-4G,,India,IN,"ewr, ord, dfw, sea, lax, atl, ams, lhr, fra, sjc, syd, yto, cdg, nrt, waw, mad, icn, mia, sgp, sto, mex, mel, bom, jnb, tlv, blr, del, scl, itm, man",,2,,4,80,SSD,3,,20,USD,month,20,false,false,Mastercard; VISA; PayPal,https://www.vultr.com/pricing/,2026-08-30
vultr:vultr-vc2-2c-4gb-ewr-ord-dfw-sea-lax-atl-ams-lhr-fra-sjc-syd-yto-cdg-nrt-waw-mad-icn-mia-sgp-sto-mex-mel-bom-jnb-tlv-blr-del-scl-itm-man-9,Vultr,Cloud Compute 2C-4G,,Israel,IL,"ewr, ord, dfw, sea, lax, atl, ams, lhr, fra, sjc, syd, yto, cdg, nrt, waw, mad, icn, mia, sgp, sto, mex, mel, bom, jnb, tlv, blr, del, scl, itm, man",,2,,4,80,SSD,3,,20,USD,month,20,false,false,Mastercard; VISA; PayPal,https://www.vultr.com/pricing/,2026-08-30
vultr:vultr-vc2-2c-4gb-ewr-ord-dfw-sea-lax-atl-ams-lhr-fra-sjc-syd-yto-cdg-nrt-waw-mad-icn-mia-sgp-sto-mex-mel-bom-jnb-tlv-blr-del-scl-itm-man-9,Vultr,Cloud Compute 2C-4G,,Japan,JP,"ewr, ord, dfw, sea, lax, atl, ams, lhr, fra, sjc, syd, yto, cdg, nrt, waw, mad, icn, mia, sgp, sto, mex, mel, bom, jnb, tlv, blr, del, scl, itm, man",,2,,4,80,SSD,3,,20,USD,month,20,false,false,Mastercard; VISA; PayPal,https://www.vultr.com/pricing/,2026-08-30
vultr:vultr-vc2-2c-4gb-ewr-ord-dfw-sea-lax-atl-ams-lhr-fra-sjc-syd-yto-cdg-nrt-waw-mad-icn-mia-sgp-sto-mex-mel-bom-jnb-tlv-blr-del-scl-itm-man-9,Vultr,Cloud Compute 2C-4G,,Mexico,MX,"ewr, ord, dfw, sea, lax, atl, ams, lhr, fra, sjc, syd, yto, cdg, nrt, waw, mad, icn, mia, sgp, sto, mex, mel, bom, jnb, tlv, blr, del, scl, itm, man",,2,,4,80,SSD,3,,20,USD,month,20,false,false,Mastercard; VISA; PayPal,https://www.vultr.com/pricing/,2026-08-30
vultr:vultr-vc2-2c-4gb-ewr-ord-dfw-sea-lax-atl-ams-lhr-fra-sjc-syd-yto-cdg-nrt-waw-mad-icn-mia-sgp-sto-mex-mel-bom-jnb-tlv-blr-del-scl-itm-man-9,Vultr,Cloud Compute 2C-4G,,Netherlands,NL,"ewr, ord, dfw, sea, lax, atl, ams, lhr, fra, sjc, syd, yto, cdg, nrt, waw, mad, icn, mia, sgp, sto, mex, mel, bom, jnb, tlv, blr, del, scl, itm, man",,2,,4,80,SSD,3,,20,USD,month,20,false,false,Mastercard; VISA; PayPal,https://www.vultr.com/pricing/,2026-08-30
vultr:vultr-vc2-2c-4gb-ewr-ord-dfw-sea-lax-atl-ams-lhr-fra-sjc-syd-yto-cdg-nrt-waw-mad-icn-mia-sgp-sto-mex-mel-bom-jnb-tlv-blr-del-scl-itm-man-9,Vultr,Cloud Compute 2C-4G,,Poland,PL,"ewr, ord, dfw, sea, lax, atl, ams, lhr, fra, sjc, syd, yto, cdg, nrt, waw, mad, icn, mia, sgp, sto, mex, mel, bom, jnb, tlv, blr, del, scl, itm, man",,2,,4,80,SSD,3,,20,USD,month,20,false,false,Mastercard; VISA; PayPal,https://www.vultr.com/pricing/,2026-08-30
vultr:vultr-vc2-2c-4gb-ewr-ord-dfw-sea-lax-atl-ams-lhr-fra-sjc-syd-yto-cdg-nrt-waw-mad-icn-mia-sgp-sto-mex-mel-bom-jnb-tlv-blr-del-scl-itm-man-9,Vultr,Cloud Compute 2C-4G,,Singapore,SG,"ewr, ord, dfw, sea, lax, atl, ams, lhr, fra, sjc, syd, yto, cdg, nrt, waw, mad, icn, mia, sgp, sto, mex, mel, bom, jnb, tlv, blr, del, scl, itm, man",,2,,4,80,SSD,3,,20,USD,month,20,false,false,Mastercard; VISA; PayPal,https://www.vultr.com/pricing/,2026-08-30
vultr:vultr-vc2-2c-4gb-ewr-ord-dfw-sea-lax-atl-ams-lhr-fra-sjc-syd-yto-cdg-nrt-waw-mad-icn-mia-sgp-sto-mex-mel-bom-jnb-tlv-blr-del-scl-itm-man-9,Vultr,Cloud Compute 2C-4G,,South Africa,ZA,"ewr, ord, dfw, sea, lax, atl, ams, lhr, fra, sjc, syd, yto, cdg, nrt, waw, mad, icn, mia, sgp, sto, mex, mel, bom, jnb, tlv, blr, del, scl, itm, man",,2,,4,80,SSD,3,,20,USD,month,20,false,false,Mastercard; VISA; PayPal,https://www.vultr.com/pricing/,2026-08-30
vultr:vultr-vc2-2c-4gb-ewr-ord-dfw-sea-lax-atl-ams-lhr-fra-sjc-syd-yto-cdg-nrt-waw-mad-icn-mia-sgp-sto-mex-mel-bom-jnb-tlv-blr-del-scl-itm-man-9,Vultr,Cloud Compute 2C-4G,,South Korea,KR,"ewr, ord, dfw, sea, lax, atl, ams, lhr, fra, sjc, syd, yto, cdg, nrt, waw, mad, icn, mia, sgp, sto, mex, mel, bom, jnb, tlv, blr, del, scl, itm, man",,2,,4,80,SSD,3,,20,USD,month,20,false,false,Mastercard; VISA; PayPal,https://www.vultr.com/pricing/,2026-08-30
vultr:vultr-vc2-2c-4gb-ewr-ord-dfw-sea-lax-atl-ams-lhr-fra-sjc-syd-yto-cdg-nrt-waw-mad-icn-mia-sgp-sto-mex-mel-bom-jnb-tlv-blr-del-scl-itm-man-9,Vultr,Cloud Compute 2C-4G,,Spain,ES,"ewr, ord, dfw, sea, lax, atl, ams, lhr, fra, sjc, syd, yto, cdg, nrt, waw, mad, icn, mia, sgp, sto, mex, mel, bom, jnb, tlv, blr, del, scl, itm, man",,2,,4,80,SSD,3,,20,USD,month,20,false,false,Mastercard; VISA; PayPal,https://www.vultr.com/pricing/,2026-08-30
vultr:vultr-vc2-2c-4gb-ewr-ord-dfw-sea-lax-atl-ams-lhr-fra-sjc-syd-yto-cdg-nrt-waw-mad-icn-mia-sgp-sto-mex-mel-bom-jnb-tlv-blr-del-scl-itm-man-9,Vultr,Cloud Compute 2C-4G,,Sweden,SE,"ewr, ord, dfw, sea, lax, atl, ams, lhr, fra, sjc, syd, yto, cdg, nrt, waw, mad, icn, mia, sgp, sto, mex, mel, bom, jnb, tlv, blr, del, scl, itm, man",,2,,4,80,SSD,3,,20,USD,month,20,false,false,Mastercard; VISA; PayPal,https://www.vultr.com/pricing/,2026-08-30
vultr:vultr-vc2-2c-4gb-ewr-ord-dfw-sea-lax-atl-ams-lhr-fra-sjc-syd-yto-cdg-nrt-waw-mad-icn-mia-sgp-sto-mex-mel-bom-jnb-tlv-blr-del-scl-itm-man-9,Vultr,Cloud Compute 2C-4G,,United Kingdom,GB,"ewr, ord, dfw, sea, lax, atl, ams, lhr, fra, sjc, syd, yto, cdg, nrt, waw, mad, icn, mia, sgp, sto, mex, mel, bom, jnb, tlv, blr, del, scl, itm, man",,2,,4,80,SSD,3,,20,USD,month,20,false,false,Mastercard; VISA; PayPal,https://www.vultr.com/pricing/,2026-08-30
vultr:vultr-vc2-2c-4gb-ewr-ord-dfw-sea-lax-atl-ams-lhr-fra-sjc-syd-yto-cdg-nrt-waw-mad-icn-mia-sgp-sto-mex-mel-bom-jnb-tlv-blr-del-scl-itm-man-9,Vultr,Cloud Compute 2C-4G,,USA,US,"ewr, ord, dfw, sea, lax, atl, ams, lhr, fra, sjc, syd, yto, cdg, nrt, waw, mad, icn, mia, sgp, sto, mex, mel, bom, jnb, tlv, blr, del, scl, itm, man",,2,,4,80,SSD,3,,20,USD,month,20,false,false,Mastercard; VISA; PayPal,https://www.vultr.com/pricing/,2026-08-30
timeweb:timeweb-de-50-row-64,TimeWEB,DE-50,,Germany,DE,Германия-Франкфурт,,2,,4,50,NVMe,,200,1700,RUB,month,20.14,false,true,MIR; Mastercard; VISA; SberPay; SBP; YooMoney,https://timeweb.cloud/services/vds-vps?location=de,2026-08-30
hostingvds:hostingvds-vds-kvm-nvme-hvds-14g-eu-1-61,HostingVDS,HVDS-14G-EU,,Bulgaria,BG,"Болгария, София (1Гбит/с)",,7,,14,120,NVMe,14,1000,18,EUR,month,20.63,true,true,BNB; BTC; DAI; ETH; LTC; POL; SOL; TON; TRX; USDC; USDT; MIR; SBP,https://my.hosting-vds.com/order/vds-kvm-ssd-eu/50,2026-08-30
hostingvds:hostingvds-vds-kvm-nvme-hvds-14g-eu-1-61,HostingVDS,HVDS-14G-EU,,Finland,FI,"Финляндия, Хельсинки (1Гбит/с)",,7,,14,120,NVMe,14,1000,18,EUR,month,20.63,true,true,BNB; BTC; DAI; ETH; LTC; POL; SOL; TON; TRX; USDC; USDT; MIR; SBP,https://my.hosting-vds.com/order/vds-kvm-ssd-eu/50,2026-08-30
hostingvds:hostingvds-vds-kvm-nvme-hvds-14g-eu-1-61,HostingVDS,HVDS-14G-EU,,Germany,DE,"Германия, Франкфурт (1Гбит/с)",,7,,14,120,NVMe,14,1000,18,EUR,month,20.63,true,true,BNB; BTC; DAI; ETH; LTC; POL; SOL; TON; TRX; USDC; USDT; MIR; SBP,https://my.hosting-vds.com/order/vds-kvm-ssd-eu/50,2026-08-30
hostingvds:hostingvds-vds-kvm-nvme-hvds-14g-eu-1-61,HostingVDS,HVDS-14G-EU,,Latvia,LV,"Латвия, Рига (1Гбит/с)",,7,,14,120,NVMe,14,1000,18,EUR,month,20.63,true,true,BNB; BTC; DAI; ETH; LTC; POL; SOL; TON; TRX; USDC; USDT; MIR; SBP,https://my.hosting-vds.com/order/vds-kvm-ssd-eu/50,2026-08-30
hostingvds:hostingvds-vds-kvm-nvme-hvds-14g-eu-1-61,HostingVDS,HVDS-14G-EU,,Poland,PL,"Польша, Варшава (1Гбит/с)",,7,,14,120,NVMe,14,1000,18,EUR,month,20.63,true,true,BNB; BTC; DAI; ETH; LTC; POL; SOL; TON; TRX; USDC; USDT; MIR; SBP,https://my.hosting-vds.com/order/vds-kvm-ssd-eu/50,2026-08-30
hostingvds:hostingvds-vds-kvm-nvme-hvds-14g-selectel-13,HostingVDS,HVDS-14G,,Russia,RU,"Россия, Москва - Selectel",,7,,14,150,NVMe,10,10000,18,EUR,month,20.63,true,true,BNB; BTC; DAI; ETH; LTC; POL; SOL; TON; TRX; USDC; USDT; MIR; SBP,https://my.hosting-vds.com/order/standart-vds/1,2026-08-30
hostingvds:hostingvds-vds-kvm-nvme-hvds-14g-eu-1-61,HostingVDS,HVDS-14G-EU,,Sweden,SE,"Швеция, Стокгольм (1Гбит/с)",,7,,14,120,NVMe,14,1000,18,EUR,month,20.63,true,true,BNB; BTC; DAI; ETH; LTC; POL; SOL; TON; TRX; USDC; USDT; MIR; SBP,https://my.hosting-vds.com/order/vds-kvm-ssd-eu/50,2026-08-30
hostingvds:hostingvds-vds-kvm-nvme-hvds-14g-eu-1-61,HostingVDS,HVDS-14G-USA,,USA,US,"США, Нью-Йорк (1Гбит/с)",,7,,14,120,NVMe,14,1000,18,EUR,month,20.63,true,true,BNB; BTC; DAI; ETH; LTC; POL; SOL; TON; TRX; USDC; USDT; MIR; SBP,https://my.hosting-vds.com/order/vds-kvm-nvme-usa/70,2026-08-30
firstbyte:firstbyte-eu-kvm-ssd-4-fin-row-22,Firstbyte,EU-KVM-SSD-4-SOF,,Bulgaria,BG,"Болгария, София",,6,,6,100,SSD,8,200,1759,RUB,month,20.84,true,true,BNB; BTC; DOGE; ETH; LTC; SOL; TON; TRX; USDT; MIR; Mastercard; VISA; SBP; PayPal; YooMoney,https://firstbyte.ru/vps-vds/bulgaria/,2026-08-30
firstbyte:firstbyte-eu-kvm-ssd-4-fin-row-22,Firstbyte,EU-KVM-SSD-4-FIN,,Finland,FI,"Финляндия, Хельсинки",,6,,6,100,SSD,8,200,1759,RUB,month,20.84,true,true,BNB; BTC; DOGE; ETH; LTC; SOL; TON; TRX; USDT; MIR; Mastercard; VISA; SBP; PayPal; YooMoney,https://firstbyte.ru/vps-vds/finland/,2026-08-30
firstbyte:firstbyte-eu-kvm-ssd-4-fin-row-22,Firstbyte,EU-KVM-SSD-4-PAR,,France,FR,"Франция, Париж",,6,,6,100,SSD,8,200,1759,RUB,month,20.84,true,true,BNB; BTC; DOGE; ETH; LTC; SOL; TON; TRX; USDT; MIR; Mastercard; VISA; SBP; PayPal; YooMoney,https://firstbyte.ru/vps-vds/france/,2026-08-30
firstbyte:firstbyte-eu-kvm-ssd-4-fin-row-22,Firstbyte,EU-KVM-SSD-4-FRA,,Germany,DE,"Германия, Франкфурт",,6,,6,100,SSD,8,200,1759,RUB,month,20.84,true,true,BNB; BTC; DOGE; ETH; LTC; SOL; TON; TRX; USDT; MIR; Mastercard; VISA; SBP; PayPal; YooMoney,https://firstbyte.ru/vps-vds/germany/,2026-08-30
firstbyte:firstbyte-eu-kvm-ssd-4-fin-row-22,Firstbyte,KVM-SSD-4-TK,,Japan,JP,"Япония, Токио",,6,,6,100,SSD,8,200,1759,RUB,month,20.84,true,true,BNB; BTC; DOGE; ETH; LTC; SOL; TON; TRX; USDT; MIR; Mastercard; VISA; SBP; PayPal; YooMoney,https://firstbyte.ru/vps-vds/japan/,2026-08-30
firstbyte:firstbyte-eu-kvm-ssd-4-fin-row-22,Firstbyte,EU-KVM-SSD-4-AMS,,Netherlands,NL,"Нидерланды, Амстердам",,6,,6,100,SSD,8,200,1759,RUB,month,20.84,true,true,BNB; BTC; DOGE; ETH; LTC; SOL; TON; TRX; USDT; MIR; Mastercard; VISA; SBP; PayPal; YooMoney,https://firstbyte.ru/vps-vds/netherlands/,2026-08-30
firstbyte:firstbyte-eu-kvm-ssd-4-fin-row-22,Firstbyte,KVM-SSD-4-SG,,Singapore,SG,Сингапур,,6,,6,100,SSD,8,200,1759,RUB,month,20.84,true,true,BNB; BTC; DOGE; ETH; LTC; SOL; TON; TRX; USDT; MIR; Mastercard; VISA; SBP; PayPal; YooMoney,https://firstbyte.ru/vps-vds/kvm-ssd-asia/,2026-08-30
firstbyte:firstbyte-eu-kvm-ssd-4-fin-row-22,Firstbyte,EU-KVM-SSD-4-MAD,,Spain,ES,"Испания, Мадрид",,6,,6,100,SSD,8,200,1759,RUB,month,20.84,true,true,BNB; BTC; DOGE; ETH; LTC; SOL; TON; TRX; USDT; MIR; Mastercard; VISA; SBP; PayPal; YooMoney,https://firstbyte.ru/vps-vds/spain/,2026-08-30
firstbyte:firstbyte-eu-kvm-ssd-4-fin-row-22,Firstbyte,KVM-SSD-4-DB,,UAE,AE,"ОАЭ, Дубай",,6,,6,100,SSD,8,200,1759,RUB,month,20.84,true,true,BNB; BTC; DOGE; ETH; LTC; SOL; TON; TRX; USDT; MIR; Mastercard; VISA; SBP; PayPal; YooMoney,https://firstbyte.ru/vps-vds/oae/,2026-08-30
firstbyte:firstbyte-eu-kvm-ssd-4-fin-row-22,Firstbyte,US-KVM-SSD-4,,USA,US,"США, Нью-Йорк",,6,,6,100,SSD,8,200,1759,RUB,month,20.84,true,true,BNB; BTC; DOGE; ETH; LTC; SOL; TON; TRX; USDT; MIR; Mastercard; VISA; SBP; PayPal; YooMoney,https://firstbyte.ru/vps-vds/kvm-ssd-us/,2026-08-30
firstbyte:firstbyte-msk-highmem-kvm-ssd-5-row-16,Firstbyte,MSK-highmem-KVM-SSD-5,,Russia,RU,"Россия, Москва",,3,,32,70,SSD,10,200,1769,RUB,month,20.96,true,true,BNB; BTC; DOGE; ETH; LTC; SOL; TON; TRX; USDT; MIR; Mastercard; VISA; SBP; PayPal; YooMoney,https://firstbyte.ru/vps-vds/kvm-ssd/,2026-08-30
firstbyte:firstbyte-msk-highmem-kvm-sas-5-row-90,Firstbyte,MSK-highmem-KVM-SAS-5,,Russia,RU,"Россия, Москва",,3,,32,140,SAS+SSD,unlimited,,1769,RUB,month,20.96,true,true,BNB; BTC; DOGE; ETH; LTC; SOL; TON; TRX; USDT; MIR; Mastercard; VISA; SBP; PayPal; YooMoney,https://firstbyte.ru/vps-vds/kvm-sas/,2026-08-30
firstbyte:firstbyte-msk-highmem-kvm-ssd-5-row-121,Firstbyte,MSK-highmem-KVM-SSD-5,,Russia,RU,"Россия, Москва",,3,,32,70,SSD,unlimited,,1769,RUB,month,20.96,true,true,BNB; BTC; DOGE; ETH; LTC; SOL; TON; TRX; USDT; MIR; Mastercard; VISA; SBP; PayPal; YooMoney,https://firstbyte.ru/vps-vds/windows/,2026-08-30
timeweb:timeweb-high-msk-1-2-30-row-7,TimeWEB,High MSK 1/2/30,,Russia,RU,Россия-Москва,,1,,2,30,NVMe,,1000,1795,RUB,month,21.27,false,true,MIR; Mastercard; VISA; SberPay; SBP; YooMoney,https://timeweb.cloud/services/vds-vps,2026-08-30
firstbyte:firstbyte-business-msk-kvm-ssd-1-row-99,Firstbyte,Business MSK-KVM-SSD-1,,Russia,RU,"Россия, Москва",,2,,2,30,SSD,4,200,1799,RUB,month,21.32,true,true,BNB; BTC; DOGE; ETH; LTC; SOL; TON; TRX; USDT; MIR; Mastercard; VISA; SBP; PayPal; YooMoney,https://firstbyte.ru/vps-vds/kvm-business/,2026-08-30
timeweb:timeweb-nl-40-row-56,TimeWEB,NL-40,,Netherlands,NL,Нидерланды-Амстердам,,2,,2,40,NVMe,,1000,1800,RUB,month,21.33,false,true,MIR; Mastercard; VISA; SberPay; SBP; YooMoney,https://timeweb.cloud/services/vds-vps?location=nl,2026-08-30
firstvds:firstvds-vds-kvm-nvme-10-0-russia-9,FirstVDS,Otryv (NVMe),,Russia,RU,Russia,,4,,8,80,,unlimited,100,1819,RUB,month,21.55,false,true,MIR; Mastercard; VISA; SberPay; SBP; YooMoney,https://firstvds.ru/docs/tariffs.html,2026-08-30
smartape:smartape-linux-nvme-nvme-x4-80gb-datapro-moscow-i-ru-37,SmartApe,NVMe X4 · 80 GB,,Czech Republic,CZ,Host-Telecom (CZ),Linux; Windows,6,,4,80,NVMe,unlimited,200,1825,RUB,month,21.62,true,true,BNB; BTC; DOGE; ETH; HUMO; JCB; LTC; SOL; TRX; USDC; APRA; MIR; Mastercard; VISA; PayPal,https://www.smartape.ru/ssd-vps,2026-08-30
smartape:smartape-linux-nvme-nvme-x4-80gb-datapro-moscow-i-ru-37,SmartApe,NVMe X4 · 80 GB,,Israel,IL,Partner Group (IL),Linux; Windows,6,,4,80,NVMe,unlimited,200,1825,RUB,month,21.62,true,true,BNB; BTC; DOGE; ETH; HUMO; JCB; LTC; SOL; TRX; USDC; APRA; MIR; Mastercard; VISA; PayPal,https://www.smartape.ru/ssd-vps,2026-08-30
smartape:smartape-linux-nvme-nvme-x4-80gb-datapro-moscow-i-ru-37,SmartApe,NVMe X4 · 80 GB,,Russia,RU,DataPro Moscow I (RU),Linux; Windows,6,,4,80,NVMe,unlimited,200,1825,RUB,month,21.62,true,true,BNB; BTC; DOGE; ETH; HUMO; JCB; LTC; SOL; TRX; USDC; APRA; MIR; Mastercard; VISA; PayPal,https://www.smartape.ru/ssd-vps,2026-08-30
netcup:netcup-vps-arm64-vps-3000-arm-g11-nuremberg-vienna-manassas-amsterdam-14,netcup,VPS 3000 ARM G11,,Austria,AT,Nuremberg/Vienna/Manassas/Amsterdam,,12,,24,768,NVMe,unlimited,2500,18.96,EUR,month,21.73,false,false,Bank card; PayPal; SEPA; Bank transfer,https://www.netcup.com/en/server/arm-server,2026-08-30
netcup:netcup-vps-arm64-vps-3000-arm-g11-nuremberg-vienna-manassas-amsterdam-14,netcup,VPS 3000 ARM G11,,Germany,DE,Nuremberg/Vienna/Manassas/Amsterdam,,12,,24,768,NVMe,unlimited,2500,18.96,EUR,month,21.73,false,false,Bank card; PayPal; SEPA; Bank transfer,https://www.netcup.com/en/server/arm-server,2026-08-30
netcup:netcup-vps-arm64-vps-3000-arm-g11-nuremberg-vienna-manassas-amsterdam-14,netcup,VPS 3000 ARM G11,,Netherlands,NL,Nuremberg/Vienna/Manassas/Amsterdam,,12,,24,768,NVMe,unlimited,2500,18.96,EUR,month,21.73,false,false,Bank card; PayPal; SEPA; Bank transfer,https://www.netcup.com/en/server/arm-server,2026-08-30
netcup:netcup-vps-arm64-vps-3000-arm-g11-nuremberg-vienna-manassas-amsterdam-14,netcup,VPS 3000 ARM G11,,USA,US,Nuremberg/Vienna/Manassas/Amsterdam,,12,,24,768,NVMe,unlimited,2500,18.96,EUR,month,21.73,false,false,Bank card; PayPal; SEPA; Bank transfer,https://www.netcup.com/en/server/arm-server,2026-08-30
cherryservers:cherryservers-639-lt-siauliai-5,Cherry Servers,Cloud VPS 2,,Lithuania,LT,lt-siauliai,,2,,2,40,SSD,5,1000,19,EUR,month,21.78,true,false,Bank card; PayPal; Google Pay; Apple Pay; Alipay; Bank transfer; BTC; ETH; SOL; ADA; USDC; POL; BNB; LTC; DOGE; XRP; TRX; DAI; SHIB; BCH,https://www.cherryservers.com/pricing/virtual-servers/b1-2-2gb-40s-shared?region=lt-siauliai&billing=3&currency=EUR,2026-08-30
cherryservers:cherryservers-639-lt-siauliai-5,Cherry Servers,Cloud VPS 2,,Netherlands,NL,nl-amsterdam,,2,,2,40,SSD,5,1000,19,EUR,month,21.78,true,false,Bank card; PayPal; Google Pay; Apple Pay; Alipay; Bank transfer; BTC; ETH; SOL; ADA; USDC; POL; BNB; LTC; DOGE; XRP; TRX; DAI; SHIB; BCH,https://www.cherryservers.com/pricing/virtual-servers/b1-2-2gb-40s-shared?region=nl-amsterdam&billing=3&currency=EUR,2026-08-30
cherryservers:cherryservers-782-sg-singapore-8,Cherry Servers,Cloud VPS 2,,Singapore,SG,sg-singapore,,2,,2,40,SSD,2,1000,19,EUR,month,21.78,true,false,Bank card; PayPal; Google Pay; Apple Pay; Alipay; Bank transfer; BTC; ETH; SOL; ADA; USDC; POL; BNB; LTC; DOGE; XRP; TRX; DAI; SHIB; BCH,https://www.cherryservers.com/pricing/virtual-servers/b1-2-2gb-40s-shared?region=sg-singapore&billing=3&currency=EUR,2026-08-30
cherryservers:cherryservers-639-lt-siauliai-5,Cherry Servers,Cloud VPS 2,,USA,US,us-chicago,,2,,2,40,SSD,5,1000,19,EUR,month,21.78,true,false,Bank card; PayPal; Google Pay; Apple Pay; Alipay; Bank transfer; BTC; ETH; SOL; ADA; USDC; POL; BNB; LTC; DOGE; XRP; TRX; DAI; SHIB; BCH,https://www.cherryservers.com/pricing/virtual-servers/b1-2-2gb-40s-shared?region=us-chicago&billing=3&currency=EUR,2026-08-30
netcup:netcup-vps-x86-vps-2000-g12-nuremberg-vienna-amsterdam-manassas-singapore-no-preference-europe-9,netcup,VPS 2000 G12,,Austria,AT,Nuremberg/Vienna/Amsterdam/Manassas/Singapore/No preference Europe,,8,,16,512,NVMe,unlimited,2500,19.25,EUR,month,22.07,false,false,Bank card; PayPal; SEPA; Bank transfer,https://www.netcup.com/en/server/vps,2026-08-30
netcup:netcup-vps-x86-vps-2000-g12-nuremberg-vienna-amsterdam-manassas-singapore-no-preference-europe-9,netcup,VPS 2000 G12,,Germany,DE,Nuremberg/Vienna/Amsterdam/Manassas/Singapore/No preference Europe,,8,,16,512,NVMe,unlimited,2500,19.25,EUR,month,22.07,false,false,Bank card; PayPal; SEPA; Bank transfer,https://www.netcup.com/en/server/vps,2026-08-30
netcup:netcup-vps-x86-vps-2000-g12-nuremberg-vienna-amsterdam-manassas-singapore-no-preference-europe-9,netcup,VPS 2000 G12,,Netherlands,NL,Nuremberg/Vienna/Amsterdam/Manassas/Singapore/No preference Europe,,8,,16,512,NVMe,unlimited,2500,19.25,EUR,month,22.07,false,false,Bank card; PayPal; SEPA; Bank transfer,https://www.netcup.com/en/server/vps,2026-08-30
netcup:netcup-vps-x86-vps-2000-g12-nuremberg-vienna-amsterdam-manassas-singapore-no-preference-europe-9,netcup,VPS 2000 G12,,Singapore,SG,Nuremberg/Vienna/Amsterdam/Manassas/Singapore/No preference Europe,,8,,16,512,NVMe,unlimited,2500,19.25,EUR,month,22.07,false,false,Bank card; PayPal; SEPA; Bank transfer,https://www.netcup.com/en/server/vps,2026-08-30
netcup:netcup-vps-x86-vps-2000-g12-nuremberg-vienna-amsterdam-manassas-singapore-no-preference-europe-9,netcup,VPS 2000 G12,,USA,US,Nuremberg/Vienna/Amsterdam/Manassas/Singapore/No preference Europe,,8,,16,512,NVMe,unlimited,2500,19.25,EUR,month,22.07,false,false,Bank card; PayPal; SEPA; Bank transfer,https://www.netcup.com/en/server/vps,2026-08-30
1cent-host:1cent-host-153-ee-28,1cent.host,EE-3,,Estonia,EE,EE,,4,,8,100,NVMe,,10000,1890,RUB,month,22.39,,,,https://1cent.host/,2026-08-30
1cent-host:1cent-host-39-de-4,1cent.host,DE-3,,Germany,DE,DE,,4,,8,100,NVMe,,10000,1890,RUB,month,22.39,,,,https://1cent.host/,2026-08-30
1cent-host:1cent-host-39-de-4,1cent.host,NL-3,,Netherlands,NL,NL,,4,,8,100,NVMe,,10000,1890,RUB,month,22.39,,,,https://1cent.host/,2026-08-30
1cent-host:1cent-host-39-de-4,1cent.host,SE-3,,Sweden,SE,SE,,4,,8,100,NVMe,,10000,1890,RUB,month,22.39,,,,https://1cent.host/,2026-08-30
vultr:vultr-vc2-2c-2gb-sao-sao-8,Vultr,Cloud Compute 2C-2G,,Brazil,BR,sao,,2,,2,65,SSD,3,,22.5,USD,month,22.5,false,false,Mastercard; VISA; PayPal,https://www.vultr.com/pricing/,2026-08-30
spacecore:spacecore-de-u30-germany-13,Spacecore,DE U30,,Germany,DE,Germany,,4,,8,100,NVMe,20,5000,19.8,EUR,month,22.7,true,true,ADA; ARB; BCH; BNB; BTC; DAI; DOGE; ETH; IMX; LTC; POL; SHIB; SOL; TON; TRX; USDC; USDT; XLM; XRP; MIR; Mastercard; VISA; SEPA; SBP; PayPal,https://spacecore.pro/en/virtual-servers/,2026-08-30
spacecore:spacecore-nl-u30-netherlands-19,Spacecore,NL U30,,Netherlands,NL,Netherlands,,4,,8,100,NVMe,20,5000,19.8,EUR,month,22.7,true,true,ADA; ARB; BCH; BNB; BTC; DAI; DOGE; ETH; IMX; LTC; POL; SHIB; SOL; TON; TRX; USDC; USDT; XLM; XRP; MIR; Mastercard; VISA; SEPA; SBP; PayPal,https://spacecore.pro/en/virtual-servers/,2026-08-30
mevspace:mevspace-hc-2-4-poland-7,MevSpace,HC-2-4,,Poland,PL,Poland,,2,,4,60,SSD,unlimited,500,19.9,EUR,month,22.81,true,false,BCC; BCH; BTC; BUSD; DAI; DASH; DOGE; ETH; GUSD; LSK; LTC; SHIB; SOL; TRX; USDC; USDP; WBTC; XRP; ZEC; ZND; Mastercard; VISA; SEPA; PayPal,https://mevspace.com/vps-cloud?id=general-purpose,2026-08-30
spacecore:spacecore-de-h40-germany-4,Spacecore,DE H40,,Germany,DE,Germany,,8,,12,80,SSD,20,5000,19.9,EUR,month,22.81,true,true,ADA; ARB; BCH; BNB; BTC; DAI; DOGE; ETH; IMX; LTC; POL; SHIB; SOL; TON; TRX; USDC; USDT; XLM; XRP; MIR; Mastercard; VISA; SEPA; SBP; PayPal,https://spacecore.pro/en/virtual-servers/,2026-08-30
spacecore:spacecore-de-h40-germany-4,Spacecore,NL H40,,Netherlands,NL,Netherlands,,8,,12,80,SSD,20,5000,19.9,EUR,month,22.81,true,true,ADA; ARB; BCH; BNB; BTC; DAI; DOGE; ETH; IMX; LTC; POL; SHIB; SOL; TON; TRX; USDC; USDT; XLM; XRP; MIR; Mastercard; VISA; SEPA; SBP; PayPal,https://spacecore.pro/en/virtual-servers/,2026-08-30
hostingvds:hostingvds-vds-kvm-nvme-hvds-16g-eu-1-67,HostingVDS,HVDS-16G-EU,,Bulgaria,BG,"Болгария, София (1Гбит/с)",,8,,16,150,NVMe,16,1000,19.99,EUR,month,22.91,true,true,BNB; BTC; DAI; ETH; LTC; POL; SOL; TON; TRX; USDC; USDT; MIR; SBP,https://my.hosting-vds.com/order/vds-kvm-ssd-eu/50,2026-08-30
hostingvds:hostingvds-vds-kvm-nvme-hvds-16g-eu-1-67,HostingVDS,HVDS-16G-EU,,Finland,FI,"Финляндия, Хельсинки (1Гбит/с)",,8,,16,150,NVMe,16,1000,19.99,EUR,month,22.91,true,true,BNB; BTC; DAI; ETH; LTC; POL; SOL; TON; TRX; USDC; USDT; MIR; SBP,https://my.hosting-vds.com/order/vds-kvm-ssd-eu/50,2026-08-30
hostingvds:hostingvds-vds-kvm-nvme-hvds-16g-eu-1-67,HostingVDS,HVDS-16G-EU,,Germany,DE,"Германия, Франкфурт (1Гбит/с)",,8,,16,150,NVMe,16,1000,19.99,EUR,month,22.91,true,true,BNB; BTC; DAI; ETH; LTC; POL; SOL; TON; TRX; USDC; USDT; MIR; SBP,https://my.hosting-vds.com/order/vds-kvm-ssd-eu/50,2026-08-30
hostingvds:hostingvds-vds-kvm-nvme-hvds-16g-eu-1-67,HostingVDS,HVDS-16G-EU,,Latvia,LV,"Латвия, Рига (1Гбит/с)",,8,,16,150,NVMe,16,1000,19.99,EUR,month,22.91,true,true,BNB; BTC; DAI; ETH; LTC; POL; SOL; TON; TRX; USDC; USDT; MIR; SBP,https://my.hosting-vds.com/order/vds-kvm-ssd-eu/50,2026-08-30
hostingvds:hostingvds-vds-kvm-nvme-hvds-16g-eu-1-67,HostingVDS,HVDS-16G-EU,,Poland,PL,"Польша, Варшава (1Гбит/с)",,8,,16,150,NVMe,16,1000,19.99,EUR,month,22.91,true,true,BNB; BTC; DAI; ETH; LTC; POL; SOL; TON; TRX; USDC; USDT; MIR; SBP,https://my.hosting-vds.com/order/vds-kvm-ssd-eu/50,2026-08-30
hostingvds:hostingvds-vds-kvm-nvme-hvds-16g-selectel-15,HostingVDS,HVDS-16G,,Russia,RU,"Россия, Москва - Selectel",,8,,16,180,NVMe,12,10000,19.99,EUR,month,22.91,true,true,BNB; BTC; DAI; ETH; LTC; POL; SOL; TON; TRX; USDC; USDT; MIR; SBP,https://my.hosting-vds.com/order/standart-vds/1,2026-08-30
hostingvds:hostingvds-hi-memory-vds-kvm-nvme-memory-20g-selectel-111,HostingVDS,MEMORY-20G,,Russia,RU,"Россия, Москва - Selectel",,5,,20,100,NVMe,7,10000,19.99,EUR,month,22.91,true,true,BNB; BTC; DAI; ETH; LTC; POL; SOL; TON; TRX; USDC; USDT; MIR; SBP,https://my.hosting-vds.com/order/memory-vds-kvm-nvme/18,2026-08-30
hostingvds:hostingvds-vds-kvm-nvme-hvds-16g-eu-1-67,HostingVDS,HVDS-16G-EU,,Sweden,SE,"Швеция, Стокгольм (1Гбит/с)",,8,,16,150,NVMe,16,1000,19.99,EUR,month,22.91,true,true,BNB; BTC; DAI; ETH; LTC; POL; SOL; TON; TRX; USDC; USDT; MIR; SBP,https://my.hosting-vds.com/order/vds-kvm-ssd-eu/50,2026-08-30
hostingvds:hostingvds-vds-kvm-nvme-hvds-16g-eu-1-67,HostingVDS,HVDS-16G-USA,,USA,US,"США, Нью-Йорк (1Гбит/с)",,8,,16,150,NVMe,16,1000,19.99,EUR,month,22.91,true,true,BNB; BTC; DAI; ETH; LTC; POL; SOL; TON; TRX; USDC; USDT; MIR; SBP,https://my.hosting-vds.com/order/vds-kvm-nvme-usa/70,2026-08-30
mevspace:mevspace-gp-8-poland-2,MevSpace,GP-8,,Poland,PL,Poland,,4,,8,160,SSD,unlimited,500,19.99,EUR,month,22.91,true,false,BCC; BCH; BTC; BUSD; DAI; DASH; DOGE; ETH; GUSD; LSK; LTC; SHIB; SOL; TRX; USDC; USDP; WBTC; XRP; ZEC; ZND; Mastercard; VISA; SEPA; PayPal,https://mevspace.com/vps-cloud?id=general-purpose,2026-08-30
aeza:aeza-270-62-moscow-73,Aeza,NAS-2,,Russia,RU,62-MOSCOW,,2,,2,2048,HDD,unlimited,10000,20,EUR,month,22.93,true,true,BNB; BTC; ETH; LTC; SOL; TON; TRX; USDT; MIR; Mastercard; VISA,https://aeza.net/ru/storage-vps,2026-08-30
hostingvds:hostingvds-vds-kvm-nvme-amd-hi-cpu-10g-row-125,HostingVDS,Hi-CPU-10G,,Russia,RU,"Россия, Москва",,4,,10,100,NVMe,10,10000,20,EUR,month,22.93,true,true,BNB; BTC; DAI; ETH; LTC; POL; SOL; TON; TRX; USDC; USDT; MIR; SBP,https://my.hosting-vds.com/order/performance-vds-amd-epyc/34,2026-08-30
selectel:selectel-selectel-vds-6-12-120-row-6,Selectel,VDS 6-12-120,,Russia,RU,"Россия, Москва / Санкт-Петербург",,6,,12,120,NVMe,3,3000,2000,RUB,month,23.7,false,true,MIR; VISA; Mastercard; SBP; YooMoney; Bank transfer,https://selectel.ru/services/cloud/vps-vds/,2026-09-22
timeweb:timeweb-msk-80-row-3,TimeWEB,MSK 80,Cloud-80,Russia,RU,Россия-Москва; Россия-Санкт-Петербург,,4,,8,80,NVMe,,1000,2000,RUB,month,23.7,false,true,MIR; Mastercard; VISA; SberPay; SBP; YooMoney,https://timeweb.cloud/services/vds-vps,2026-08-30
vultr:vultr-vhf-2c-4gb-ewr-ord-dfw-sea-lax-atl-ams-lhr-fra-sjc-syd-yto-cdg-nrt-waw-mad-icn-mia-sgp-sto-mex-mel-bom-jnb-tlv-blr-del-scl-itm-man-25,Vultr,High Frequency 2C-4G,,Australia,AU,"ewr, ord, dfw, sea, lax, atl, ams, lhr, fra, sjc, syd, yto, cdg, nrt, waw, mad, icn, mia, sgp, sto, mex, mel, bom, jnb, tlv, blr, del, scl, itm, man",,2,,4,128,,3,,24,USD,month,24,false,false,Mastercard; VISA; PayPal,https://www.vultr.com/pricing/,2026-08-30
vultr:vultr-vhp-2c-4gb-amd-ewr-ord-dfw-sea-lax-atl-ams-lhr-fra-sjc-syd-yto-cdg-nrt-waw-mad-icn-mia-sgp-sto-mex-mel-bom-jnb-tlv-blr-del-scl-itm-man-39,Vultr,High Performance AMD 2C-4G,,Australia,AU,"ewr, ord, dfw, sea, lax, atl, ams, lhr, fra, sjc, syd, yto, cdg, nrt, waw, mad, icn, mia, sgp, sto, mex, mel, bom, jnb, tlv, blr, del, scl, itm, man",,2,,4,100,,5,,24,USD,month,24,false,false,Mastercard; VISA; PayPal,https://www.vultr.com/pricing/,2026-08-30
vultr:vultr-vhp-2c-4gb-intel-ewr-ord-dfw-sea-lax-atl-ams-lhr-fra-sjc-syd-yto-cdg-nrt-waw-mad-icn-mia-sgp-sto-mex-mel-hnl-bom-jnb-tlv-blr-del-scl-itm-man-55,Vultr,High Performance Intel 2C-4G,,Australia,AU,"ewr, ord, dfw, sea, lax, atl, ams, lhr, fra, sjc, syd, yto, cdg, nrt, waw, mad, icn, mia, sgp, sto, mex, mel, hnl, bom, jnb, tlv, blr, del, scl, itm, man",,2,,4,100,,5,,24,USD,month,24,false,false,Mastercard; VISA; PayPal,https://www.vultr.com/pricing/,2026-08-30
vultr:vultr-vhf-2c-4gb-ewr-ord-dfw-sea-lax-atl-ams-lhr-fra-sjc-syd-yto-cdg-nrt-waw-mad-icn-mia-sgp-sto-mex-mel-bom-jnb-tlv-blr-del-scl-itm-man-25,Vultr,High Frequency 2C-4G,,Canada,CA,"ewr, ord, dfw, sea, lax, atl, ams, lhr, fra, sjc, syd, yto, cdg, nrt, waw, mad, icn, mia, sgp, sto, mex, mel, bom, jnb, tlv, blr, del, scl, itm, man",,2,,4,128,,3,,24,USD,month,24,false,false,Mastercard; VISA; PayPal,https://www.vultr.com/pricing/,2026-08-30
vultr:vultr-vhp-2c-4gb-amd-ewr-ord-dfw-sea-lax-atl-ams-lhr-fra-sjc-syd-yto-cdg-nrt-waw-mad-icn-mia-sgp-sto-mex-mel-bom-jnb-tlv-blr-del-scl-itm-man-39,Vultr,High Performance AMD 2C-4G,,Canada,CA,"ewr, ord, dfw, sea, lax, atl, ams, lhr, fra, sjc, syd, yto, cdg, nrt, waw, mad, icn, mia, sgp, sto, mex, mel, bom, jnb, tlv, blr, del, scl, itm, man",,2,,4,100,,5,,24,USD,month,24,false,false,Mastercard; VISA; PayPal,https://www.vultr.com/pricing/,2026-08-30
vultr:vultr-vhp-2c-4gb-intel-ewr-ord-dfw-sea-lax-atl-ams-lhr-fra-sjc-syd-yto-cdg-nrt-waw-mad-icn-mia-sgp-sto-mex-mel-hnl-bom-jnb-tlv-blr-del-scl-itm-man-55,Vultr,High Performance Intel 2C-4G,,Canada,CA,"ewr, ord, dfw, sea, lax, atl, ams, lhr, fra, sjc, syd, yto, cdg, nrt, waw, mad, icn, mia, sgp, sto, mex, mel, hnl, bom, jnb, tlv, blr, del, scl, itm, man",,2,,4,100,,5,,24,USD,month,24,false,false,Mastercard; VISA; PayPal,https://www.vultr.com/pricing/,2026-08-30
vultr:vultr-vhf-2c-4gb-ewr-ord-dfw-sea-lax-atl-ams-lhr-fra-sjc-syd-yto-cdg-nrt-waw-mad-icn-mia-sgp-sto-mex-mel-bom-jnb-tlv-blr-del-scl-itm-man-25,Vultr,High Frequency 2C-4G,,Chile,CL,"ewr, ord, dfw, sea, lax, atl, ams, lhr, fra, sjc, syd, yto, cdg, nrt, waw, mad, icn, mia, sgp, sto, mex, mel, bom, jnb, tlv, blr, del, scl, itm, man",,2,,4,128,,3,,24,USD,month,24,false,false,Mastercard; VISA; PayPal,https://www.vultr.com/pricing/,2026-08-30
vultr:vultr-vhp-2c-4gb-amd-ewr-ord-dfw-sea-lax-atl-ams-lhr-fra-sjc-syd-yto-cdg-nrt-waw-mad-icn-mia-sgp-sto-mex-mel-bom-jnb-tlv-blr-del-scl-itm-man-39,Vultr,High Performance AMD 2C-4G,,Chile,CL,"ewr, ord, dfw, sea, lax, atl, ams, lhr, fra, sjc, syd, yto, cdg, nrt, waw, mad, icn, mia, sgp, sto, mex, mel, bom, jnb, tlv, blr, del, scl, itm, man",,2,,4,100,,5,,24,USD,month,24,false,false,Mastercard; VISA; PayPal,https://www.vultr.com/pricing/,2026-08-30
vultr:vultr-vhp-2c-4gb-intel-ewr-ord-dfw-sea-lax-atl-ams-lhr-fra-sjc-syd-yto-cdg-nrt-waw-mad-icn-mia-sgp-sto-mex-mel-hnl-bom-jnb-tlv-blr-del-scl-itm-man-55,Vultr,High Performance Intel 2C-4G,,Chile,CL,"ewr, ord, dfw, sea, lax, atl, ams, lhr, fra, sjc, syd, yto, cdg, nrt, waw, mad, icn, mia, sgp, sto, mex, mel, hnl, bom, jnb, tlv, blr, del, scl, itm, man",,2,,4,100,,5,,24,USD,month,24,false,false,Mastercard; VISA; PayPal,https://www.vultr.com/pricing/,2026-08-30
vultr:vultr-vhf-2c-4gb-ewr-ord-dfw-sea-lax-atl-ams-lhr-fra-sjc-syd-yto-cdg-nrt-waw-mad-icn-mia-sgp-sto-mex-mel-bom-jnb-tlv-blr-del-scl-itm-man-25,Vultr,High Frequency 2C-4G,,France,FR,"ewr, ord, dfw, sea, lax, atl, ams, lhr, fra, sjc, syd, yto, cdg, nrt, waw, mad, icn, mia, sgp, sto, mex, mel, bom, jnb, tlv, blr, del, scl, itm, man",,2,,4,128,,3,,24,USD,month,24,false,false,Mastercard; VISA; PayPal,https://www.vultr.com/pricing/,2026-08-30
vultr:vultr-vhp-2c-4gb-amd-ewr-ord-dfw-sea-lax-atl-ams-lhr-fra-sjc-syd-yto-cdg-nrt-waw-mad-icn-mia-sgp-sto-mex-mel-bom-jnb-tlv-blr-del-scl-itm-man-39,Vultr,High Performance AMD 2C-4G,,France,FR,"ewr, ord, dfw, sea, lax, atl, ams, lhr, fra, sjc, syd, yto, cdg, nrt, waw, mad, icn, mia, sgp, sto, mex, mel, bom, jnb, tlv, blr, del, scl, itm, man",,2,,4,100,,5,,24,USD,month,24,false,false,Mastercard; VISA; PayPal,https://www.vultr.com/pricing/,2026-08-30
vultr:vultr-vhp-2c-4gb-intel-ewr-ord-dfw-sea-lax-atl-ams-lhr-fra-sjc-syd-yto-cdg-nrt-waw-mad-icn-mia-sgp-sto-mex-mel-hnl-bom-jnb-tlv-blr-del-scl-itm-man-55,Vultr,High Performance Intel 2C-4G,,France,FR,"ewr, ord, dfw, sea, lax, atl, ams, lhr, fra, sjc, syd, yto, cdg, nrt, waw, mad, icn, mia, sgp, sto, mex, mel, hnl, bom, jnb, tlv, blr, del, scl, itm, man",,2,,4,100,,5,,24,USD,month,24,false,false,Mastercard; VISA; PayPal,https://www.vultr.com/pricing/,2026-08-30
vultr:vultr-vhf-2c-4gb-ewr-ord-dfw-sea-lax-atl-ams-lhr-fra-sjc-syd-yto-cdg-nrt-waw-mad-icn-mia-sgp-sto-mex-mel-bom-jnb-tlv-blr-del-scl-itm-man-25,Vultr,High Frequency 2C-4G,,Germany,DE,"ewr, ord, dfw, sea, lax, atl, ams, lhr, fra, sjc, syd, yto, cdg, nrt, waw, mad, icn, mia, sgp, sto, mex, mel, bom, jnb, tlv, blr, del, scl, itm, man",,2,,4,128,,3,,24,USD,month,24,false,false,Mastercard; VISA; PayPal,https://www.vultr.com/pricing/,2026-08-30
vultr:vultr-vhp-2c-4gb-amd-ewr-ord-dfw-sea-lax-atl-ams-lhr-fra-sjc-syd-yto-cdg-nrt-waw-mad-icn-mia-sgp-sto-mex-mel-bom-jnb-tlv-blr-del-scl-itm-man-39,Vultr,High Performance AMD 2C-4G,,Germany,DE,"ewr, ord, dfw, sea, lax, atl, ams, lhr, fra, sjc, syd, yto, cdg, nrt, waw, mad, icn, mia, sgp, sto, mex, mel, bom, jnb, tlv, blr, del, scl, itm, man",,2,,4,100,,5,,24,USD,month,24,false,false,Mastercard; VISA; PayPal,https://www.vultr.com/pricing/,2026-08-30
vultr:vultr-vhp-2c-4gb-intel-ewr-ord-dfw-sea-lax-atl-ams-lhr-fra-sjc-syd-yto-cdg-nrt-waw-mad-icn-mia-sgp-sto-mex-mel-hnl-bom-jnb-tlv-blr-del-scl-itm-man-55,Vultr,High Performance Intel 2C-4G,,Germany,DE,"ewr, ord, dfw, sea, lax, atl, ams, lhr, fra, sjc, syd, yto, cdg, nrt, waw, mad, icn, mia, sgp, sto, mex, mel, hnl, bom, jnb, tlv, blr, del, scl, itm, man",,2,,4,100,,5,,24,USD,month,24,false,false,Mastercard; VISA; PayPal,https://www.vultr.com/pricing/,2026-08-30
vultr:vultr-vhf-2c-4gb-ewr-ord-dfw-sea-lax-atl-ams-lhr-fra-sjc-syd-yto-cdg-nrt-waw-mad-icn-mia-sgp-sto-mex-mel-bom-jnb-tlv-blr-del-scl-itm-man-25,Vultr,High Frequency 2C-4G,,India,IN,"ewr, ord, dfw, sea, lax, atl, ams, lhr, fra, sjc, syd, yto, cdg, nrt, waw, mad, icn, mia, sgp, sto, mex, mel, bom, jnb, tlv, blr, del, scl, itm, man",,2,,4,128,,3,,24,USD,month,24,false,false,Mastercard; VISA; PayPal,https://www.vultr.com/pricing/,2026-08-30
vultr:vultr-vhp-2c-4gb-amd-ewr-ord-dfw-sea-lax-atl-ams-lhr-fra-sjc-syd-yto-cdg-nrt-waw-mad-icn-mia-sgp-sto-mex-mel-bom-jnb-tlv-blr-del-scl-itm-man-39,Vultr,High Performance AMD 2C-4G,,India,IN,"ewr, ord, dfw, sea, lax, atl, ams, lhr, fra, sjc, syd, yto, cdg, nrt, waw, mad, icn, mia, sgp, sto, mex, mel, bom, jnb, tlv, blr, del, scl, itm, man",,2,,4,100,,5,,24,USD,month,24,false,false,Mastercard; VISA; PayPal,https://www.vultr.com/pricing/,2026-08-30
vultr:vultr-vhp-2c-4gb-intel-ewr-ord-dfw-sea-lax-atl-ams-lhr-fra-sjc-syd-yto-cdg-nrt-waw-mad-icn-mia-sgp-sto-mex-mel-hnl-bom-jnb-tlv-blr-del-scl-itm-man-55,Vultr,High Performance Intel 2C-4G,,India,IN,"ewr, ord, dfw, sea, lax, atl, ams, lhr, fra, sjc, syd, yto, cdg, nrt, waw, mad, icn, mia, sgp, sto, mex, mel, hnl, bom, jnb, tlv, blr, del, scl, itm, man",,2,,4,100,,5,,24,USD,month,24,false,false,Mastercard; VISA; PayPal,https://www.vultr.com/pricing/,2026-08-30
vultr:vultr-vhf-2c-4gb-ewr-ord-dfw-sea-lax-atl-ams-lhr-fra-sjc-syd-yto-cdg-nrt-waw-mad-icn-mia-sgp-sto-mex-mel-bom-jnb-tlv-blr-del-scl-itm-man-25,Vultr,High Frequency 2C-4G,,Israel,IL,"ewr, ord, dfw, sea, lax, atl, ams, lhr, fra, sjc, syd, yto, cdg, nrt, waw, mad, icn, mia, sgp, sto, mex, mel, bom, jnb, tlv, blr, del, scl, itm, man",,2,,4,128,,3,,24,USD,month,24,false,false,Mastercard; VISA; PayPal,https://www.vultr.com/pricing/,2026-08-30
vultr:vultr-vhp-2c-4gb-amd-ewr-ord-dfw-sea-lax-atl-ams-lhr-fra-sjc-syd-yto-cdg-nrt-waw-mad-icn-mia-sgp-sto-mex-mel-bom-jnb-tlv-blr-del-scl-itm-man-39,Vultr,High Performance AMD 2C-4G,,Israel,IL,"ewr, ord, dfw, sea, lax, atl, ams, lhr, fra, sjc, syd, yto, cdg, nrt, waw, mad, icn, mia, sgp, sto, mex, mel, bom, jnb, tlv, blr, del, scl, itm, man",,2,,4,100,,5,,24,USD,month,24,false,false,Mastercard; VISA; PayPal,https://www.vultr.com/pricing/,2026-08-30
vultr:vultr-vhp-2c-4gb-intel-ewr-ord-dfw-sea-lax-atl-ams-lhr-fra-sjc-syd-yto-cdg-nrt-waw-mad-icn-mia-sgp-sto-mex-mel-hnl-bom-jnb-tlv-blr-del-scl-itm-man-55,Vultr,High Performance Intel 2C-4G,,Israel,IL,"ewr, ord, dfw, sea, lax, atl, ams, lhr, fra, sjc, syd, yto, cdg, nrt, waw, mad, icn, mia, sgp, sto, mex, mel, hnl, bom, jnb, tlv, blr, del, scl, itm, man",,2,,4,100,,5,,24,USD,month,24,false,false,Mastercard; VISA; PayPal,https://www.vultr.com/pricing/,2026-08-30
vultr:vultr-vhf-2c-4gb-ewr-ord-dfw-sea-lax-atl-ams-lhr-fra-sjc-syd-yto-cdg-nrt-waw-mad-icn-mia-sgp-sto-mex-mel-bom-jnb-tlv-blr-del-scl-itm-man-25,Vultr,High Frequency 2C-4G,,Japan,JP,"ewr, ord, dfw, sea, lax, atl, ams, lhr, fra, sjc, syd, yto, cdg, nrt, waw, mad, icn, mia, sgp, sto, mex, mel, bom, jnb, tlv, blr, del, scl, itm, man",,2,,4,128,,3,,24,USD,month,24,false,false,Mastercard; VISA; PayPal,https://www.vultr.com/pricing/,2026-08-30
vultr:vultr-vhp-2c-4gb-amd-ewr-ord-dfw-sea-lax-atl-ams-lhr-fra-sjc-syd-yto-cdg-nrt-waw-mad-icn-mia-sgp-sto-mex-mel-bom-jnb-tlv-blr-del-scl-itm-man-39,Vultr,High Performance AMD 2C-4G,,Japan,JP,"ewr, ord, dfw, sea, lax, atl, ams, lhr, fra, sjc, syd, yto, cdg, nrt, waw, mad, icn, mia, sgp, sto, mex, mel, bom, jnb, tlv, blr, del, scl, itm, man",,2,,4,100,,5,,24,USD,month,24,false,false,Mastercard; VISA; PayPal,https://www.vultr.com/pricing/,2026-08-30
vultr:vultr-vhp-2c-4gb-intel-ewr-ord-dfw-sea-lax-atl-ams-lhr-fra-sjc-syd-yto-cdg-nrt-waw-mad-icn-mia-sgp-sto-mex-mel-hnl-bom-jnb-tlv-blr-del-scl-itm-man-55,Vultr,High Performance Intel 2C-4G,,Japan,JP,"ewr, ord, dfw, sea, lax, atl, ams, lhr, fra, sjc, syd, yto, cdg, nrt, waw, mad, icn, mia, sgp, sto, mex, mel, hnl, bom, jnb, tlv, blr, del, scl, itm, man",,2,,4,100,,5,,24,USD,month,24,false,false,Mastercard; VISA; PayPal,https://www.vultr.com/pricing/,2026-08-30
vultr:vultr-vhf-2c-4gb-ewr-ord-dfw-sea-lax-atl-ams-lhr-fra-sjc-syd-yto-cdg-nrt-waw-mad-icn-mia-sgp-sto-mex-mel-bom-jnb-tlv-blr-del-scl-itm-man-25,Vultr,High Frequency 2C-4G,,Mexico,MX,"ewr, ord, dfw, sea, lax, atl, ams, lhr, fra, sjc, syd, yto, cdg, nrt, waw, mad, icn, mia, sgp, sto, mex, mel, bom, jnb, tlv, blr, del, scl, itm, man",,2,,4,128,,3,,24,USD,month,24,false,false,Mastercard; VISA; PayPal,https://www.vultr.com/pricing/,2026-08-30
vultr:vultr-vhp-2c-4gb-amd-ewr-ord-dfw-sea-lax-atl-ams-lhr-fra-sjc-syd-yto-cdg-nrt-waw-mad-icn-mia-sgp-sto-mex-mel-bom-jnb-tlv-blr-del-scl-itm-man-39,Vultr,High Performance AMD 2C-4G,,Mexico,MX,"ewr, ord, dfw, sea, lax, atl, ams, lhr, fra, sjc, syd, yto, cdg, nrt, waw, mad, icn, mia, sgp, sto, mex, mel, bom, jnb, tlv, blr, del, scl, itm, man",,2,,4,100,,5,,24,USD,month,24,false,false,Mastercard; VISA; PayPal,https://www.vultr.com/pricing/,2026-08-30
vultr:vultr-vhp-2c-4gb-intel-ewr-ord-dfw-sea-lax-atl-ams-lhr-fra-sjc-syd-yto-cdg-nrt-waw-mad-icn-mia-sgp-sto-mex-mel-hnl-bom-jnb-tlv-blr-del-scl-itm-man-55,Vultr,High Performance Intel 2C-4G,,Mexico,MX,"ewr, ord, dfw, sea, lax, atl, ams, lhr, fra, sjc, syd, yto, cdg, nrt, waw, mad, icn, mia, sgp, sto, mex, mel, hnl, bom, jnb, tlv, blr, del, scl, itm, man",,2,,4,100,,5,,24,USD,month,24,false,false,Mastercard; VISA; PayPal,https://www.vultr.com/pricing/,2026-08-30
vultr:vultr-vhf-2c-4gb-ewr-ord-dfw-sea-lax-atl-ams-lhr-fra-sjc-syd-yto-cdg-nrt-waw-mad-icn-mia-sgp-sto-mex-mel-bom-jnb-tlv-blr-del-scl-itm-man-25,Vultr,High Frequency 2C-4G,,Netherlands,NL,"ewr, ord, dfw, sea, lax, atl, ams, lhr, fra, sjc, syd, yto, cdg, nrt, waw, mad, icn, mia, sgp, sto, mex, mel, bom, jnb, tlv, blr, del, scl, itm, man",,2,,4,128,,3,,24,USD,month,24,false,false,Mastercard; VISA; PayPal,https://www.vultr.com/pricing/,2026-08-30
vultr:vultr-vhp-2c-4gb-amd-ewr-ord-dfw-sea-lax-atl-ams-lhr-fra-sjc-syd-yto-cdg-nrt-waw-mad-icn-mia-sgp-sto-mex-mel-bom-jnb-tlv-blr-del-scl-itm-man-39,Vultr,High Performance AMD 2C-4G,,Netherlands,NL,"ewr, ord, dfw, sea, lax, atl, ams, lhr, fra, sjc, syd, yto, cdg, nrt, waw, mad, icn, mia, sgp, sto, mex, mel, bom, jnb, tlv, blr, del, scl, itm, man",,2,,4,100,,5,,24,USD,month,24,false,false,Mastercard; VISA; PayPal,https://www.vultr.com/pricing/,2026-08-30
vultr:vultr-vhp-2c-4gb-intel-ewr-ord-dfw-sea-lax-atl-ams-lhr-fra-sjc-syd-yto-cdg-nrt-waw-mad-icn-mia-sgp-sto-mex-mel-hnl-bom-jnb-tlv-blr-del-scl-itm-man-55,Vultr,High Performance Intel 2C-4G,,Netherlands,NL,"ewr, ord, dfw, sea, lax, atl, ams, lhr, fra, sjc, syd, yto, cdg, nrt, waw, mad, icn, mia, sgp, sto, mex, mel, hnl, bom, jnb, tlv, blr, del, scl, itm, man",,2,,4,100,,5,,24,USD,month,24,false,false,Mastercard; VISA; PayPal,https://www.vultr.com/pricing/,2026-08-30
vultr:vultr-vhf-2c-4gb-ewr-ord-dfw-sea-lax-atl-ams-lhr-fra-sjc-syd-yto-cdg-nrt-waw-mad-icn-mia-sgp-sto-mex-mel-bom-jnb-tlv-blr-del-scl-itm-man-25,Vultr,High Frequency 2C-4G,,Poland,PL,"ewr, ord, dfw, sea, lax, atl, ams, lhr, fra, sjc, syd, yto, cdg, nrt, waw, mad, icn, mia, sgp, sto, mex, mel, bom, jnb, tlv, blr, del, scl, itm, man",,2,,4,128,,3,,24,USD,month,24,false,false,Mastercard; VISA; PayPal,https://www.vultr.com/pricing/,2026-08-30
vultr:vultr-vhp-2c-4gb-amd-ewr-ord-dfw-sea-lax-atl-ams-lhr-fra-sjc-syd-yto-cdg-nrt-waw-mad-icn-mia-sgp-sto-mex-mel-bom-jnb-tlv-blr-del-scl-itm-man-39,Vultr,High Performance AMD 2C-4G,,Poland,PL,"ewr, ord, dfw, sea, lax, atl, ams, lhr, fra, sjc, syd, yto, cdg, nrt, waw, mad, icn, mia, sgp, sto, mex, mel, bom, jnb, tlv, blr, del, scl, itm, man",,2,,4,100,,5,,24,USD,month,24,false,false,Mastercard; VISA; PayPal,https://www.vultr.com/pricing/,2026-08-30
vultr:vultr-vhp-2c-4gb-intel-ewr-ord-dfw-sea-lax-atl-ams-lhr-fra-sjc-syd-yto-cdg-nrt-waw-mad-icn-mia-sgp-sto-mex-mel-hnl-bom-jnb-tlv-blr-del-scl-itm-man-55,Vultr,High Performance Intel 2C-4G,,Poland,PL,"ewr, ord, dfw, sea, lax, atl, ams, lhr, fra, sjc, syd, yto, cdg, nrt, waw, mad, icn, mia, sgp, sto, mex, mel, hnl, bom, jnb, tlv, blr, del, scl, itm, man",,2,,4,100,,5,,24,USD,month,24,false,false,Mastercard; VISA; PayPal,https://www.vultr.com/pricing/,2026-08-30
vultr:vultr-vhf-2c-4gb-ewr-ord-dfw-sea-lax-atl-ams-lhr-fra-sjc-syd-yto-cdg-nrt-waw-mad-icn-mia-sgp-sto-mex-mel-bom-jnb-tlv-blr-del-scl-itm-man-25,Vultr,High Frequency 2C-4G,,Singapore,SG,"ewr, ord, dfw, sea, lax, atl, ams, lhr, fra, sjc, syd, yto, cdg, nrt, waw, mad, icn, mia, sgp, sto, mex, mel, bom, jnb, tlv, blr, del, scl, itm, man",,2,,4,128,,3,,24,USD,month,24,false,false,Mastercard; VISA; PayPal,https://www.vultr.com/pricing/,2026-08-30
vultr:vultr-vhp-2c-4gb-amd-ewr-ord-dfw-sea-lax-atl-ams-lhr-fra-sjc-syd-yto-cdg-nrt-waw-mad-icn-mia-sgp-sto-mex-mel-bom-jnb-tlv-blr-del-scl-itm-man-39,Vultr,High Performance AMD 2C-4G,,Singapore,SG,"ewr, ord, dfw, sea, lax, atl, ams, lhr, fra, sjc, syd, yto, cdg, nrt, waw, mad, icn, mia, sgp, sto, mex, mel, bom, jnb, tlv, blr, del, scl, itm, man",,2,,4,100,,5,,24,USD,month,24,false,false,Mastercard; VISA; PayPal,https://www.vultr.com/pricing/,2026-08-30
vultr:vultr-vhp-2c-4gb-intel-ewr-ord-dfw-sea-lax-atl-ams-lhr-fra-sjc-syd-yto-cdg-nrt-waw-mad-icn-mia-sgp-sto-mex-mel-hnl-bom-jnb-tlv-blr-del-scl-itm-man-55,Vultr,High Performance Intel 2C-4G,,Singapore,SG,"ewr, ord, dfw, sea, lax, atl, ams, lhr, fra, sjc, syd, yto, cdg, nrt, waw, mad, icn, mia, sgp, sto, mex, mel, hnl, bom, jnb, tlv, blr, del, scl, itm, man",,2,,4,100,,5,,24,USD,month,24,false,false,Mastercard; VISA; PayPal,https://www.vultr.com/pricing/,2026-08-30
vultr:vultr-vhf-2c-4gb-ewr-ord-dfw-sea-lax-atl-ams-lhr-fra-sjc-syd-yto-cdg-nrt-waw-mad-icn-mia-sgp-sto-mex-mel-bom-jnb-tlv-blr-del-scl-itm-man-25,Vultr,High Frequency 2C-4G,,South Africa,ZA,"ewr, ord, dfw, sea, lax, atl, ams, lhr, fra, sjc, syd, yto, cdg, nrt, waw, mad, icn, mia, sgp, sto, mex, mel, bom, jnb, tlv, blr, del, scl, itm, man",,2,,4,128,,3,,24,USD,month,24,false,false,Mastercard; VISA; PayPal,https://www.vultr.com/pricing/,2026-08-30
vultr:vultr-vhp-2c-4gb-amd-ewr-ord-dfw-sea-lax-atl-ams-lhr-fra-sjc-syd-yto-cdg-nrt-waw-mad-icn-mia-sgp-sto-mex-mel-bom-jnb-tlv-blr-del-scl-itm-man-39,Vultr,High Performance AMD 2C-4G,,South Africa,ZA,"ewr, ord, dfw, sea, lax, atl, ams, lhr, fra, sjc, syd, yto, cdg, nrt, waw, mad, icn, mia, sgp, sto, mex, mel, bom, jnb, tlv, blr, del, scl, itm, man",,2,,4,100,,5,,24,USD,month,24,false,false,Mastercard; VISA; PayPal,https://www.vultr.com/pricing/,2026-08-30
vultr:vultr-vhp-2c-4gb-intel-ewr-ord-dfw-sea-lax-atl-ams-lhr-fra-sjc-syd-yto-cdg-nrt-waw-mad-icn-mia-sgp-sto-mex-mel-hnl-bom-jnb-tlv-blr-del-scl-itm-man-55,Vultr,High Performance Intel 2C-4G,,South Africa,ZA,"ewr, ord, dfw, sea, lax, atl, ams, lhr, fra, sjc, syd, yto, cdg, nrt, waw, mad, icn, mia, sgp, sto, mex, mel, hnl, bom, jnb, tlv, blr, del, scl, itm, man",,2,,4,100,,5,,24,USD,month,24,false,false,Mastercard; VISA; PayPal,https://www.vultr.com/pricing/,2026-08-30
vultr:vultr-vhf-2c-4gb-ewr-ord-dfw-sea-lax-atl-ams-lhr-fra-sjc-syd-yto-cdg-nrt-waw-mad-icn-mia-sgp-sto-mex-mel-bom-jnb-tlv-blr-del-scl-itm-man-25,Vultr,High Frequency 2C-4G,,South Korea,KR,"ewr, ord, dfw, sea, lax, atl, ams, lhr, fra, sjc, syd, yto, cdg, nrt, waw, mad, icn, mia, sgp, sto, mex, mel, bom, jnb, tlv, blr, del, scl, itm, man",,2,,4,128,,3,,24,USD,month,24,false,false,Mastercard; VISA; PayPal,https://www.vultr.com/pricing/,2026-08-30
vultr:vultr-vhp-2c-4gb-amd-ewr-ord-dfw-sea-lax-atl-ams-lhr-fra-sjc-syd-yto-cdg-nrt-waw-mad-icn-mia-sgp-sto-mex-mel-bom-jnb-tlv-blr-del-scl-itm-man-39,Vultr,High Performance AMD 2C-4G,,South Korea,KR,"ewr, ord, dfw, sea, lax, atl, ams, lhr, fra, sjc, syd, yto, cdg, nrt, waw, mad, icn, mia, sgp, sto, mex, mel, bom, jnb, tlv, blr, del, scl, itm, man",,2,,4,100,,5,,24,USD,month,24,false,false,Mastercard; VISA; PayPal,https://www.vultr.com/pricing/,2026-08-30
vultr:vultr-vhp-2c-4gb-intel-ewr-ord-dfw-sea-lax-atl-ams-lhr-fra-sjc-syd-yto-cdg-nrt-waw-mad-icn-mia-sgp-sto-mex-mel-hnl-bom-jnb-tlv-blr-del-scl-itm-man-55,Vultr,High Performance Intel 2C-4G,,South Korea,KR,"ewr, ord, dfw, sea, lax, atl, ams, lhr, fra, sjc, syd, yto, cdg, nrt, waw, mad, icn, mia, sgp, sto, mex, mel, hnl, bom, jnb, tlv, blr, del, scl, itm, man",,2,,4,100,,5,,24,USD,month,24,false,false,Mastercard; VISA; PayPal,https://www.vultr.com/pricing/,2026-08-30
vultr:vultr-vhf-2c-4gb-ewr-ord-dfw-sea-lax-atl-ams-lhr-fra-sjc-syd-yto-cdg-nrt-waw-mad-icn-mia-sgp-sto-mex-mel-bom-jnb-tlv-blr-del-scl-itm-man-25,Vultr,High Frequency 2C-4G,,Spain,ES,"ewr, ord, dfw, sea, lax, atl, ams, lhr, fra, sjc, syd, yto, cdg, nrt, waw, mad, icn, mia, sgp, sto, mex, mel, bom, jnb, tlv, blr, del, scl, itm, man",,2,,4,128,,3,,24,USD,month,24,false,false,Mastercard; VISA; PayPal,https://www.vultr.com/pricing/,2026-08-30
vultr:vultr-vhp-2c-4gb-amd-ewr-ord-dfw-sea-lax-atl-ams-lhr-fra-sjc-syd-yto-cdg-nrt-waw-mad-icn-mia-sgp-sto-mex-mel-bom-jnb-tlv-blr-del-scl-itm-man-39,Vultr,High Performance AMD 2C-4G,,Spain,ES,"ewr, ord, dfw, sea, lax, atl, ams, lhr, fra, sjc, syd, yto, cdg, nrt, waw, mad, icn, mia, sgp, sto, mex, mel, bom, jnb, tlv, blr, del, scl, itm, man",,2,,4,100,,5,,24,USD,month,24,false,false,Mastercard; VISA; PayPal,https://www.vultr.com/pricing/,2026-08-30
vultr:vultr-vhp-2c-4gb-intel-ewr-ord-dfw-sea-lax-atl-ams-lhr-fra-sjc-syd-yto-cdg-nrt-waw-mad-icn-mia-sgp-sto-mex-mel-hnl-bom-jnb-tlv-blr-del-scl-itm-man-55,Vultr,High Performance Intel 2C-4G,,Spain,ES,"ewr, ord, dfw, sea, lax, atl, ams, lhr, fra, sjc, syd, yto, cdg, nrt, waw, mad, icn, mia, sgp, sto, mex, mel, hnl, bom, jnb, tlv, blr, del, scl, itm, man",,2,,4,100,,5,,24,USD,month,24,false,false,Mastercard; VISA; PayPal,https://www.vultr.com/pricing/,2026-08-30
vultr:vultr-vhf-2c-4gb-ewr-ord-dfw-sea-lax-atl-ams-lhr-fra-sjc-syd-yto-cdg-nrt-waw-mad-icn-mia-sgp-sto-mex-mel-bom-jnb-tlv-blr-del-scl-itm-man-25,Vultr,High Frequency 2C-4G,,Sweden,SE,"ewr, ord, dfw, sea, lax, atl, ams, lhr, fra, sjc, syd, yto, cdg, nrt, waw, mad, icn, mia, sgp, sto, mex, mel, bom, jnb, tlv, blr, del, scl, itm, man",,2,,4,128,,3,,24,USD,month,24,false,false,Mastercard; VISA; PayPal,https://www.vultr.com/pricing/,2026-08-30
vultr:vultr-vhp-2c-4gb-amd-ewr-ord-dfw-sea-lax-atl-ams-lhr-fra-sjc-syd-yto-cdg-nrt-waw-mad-icn-mia-sgp-sto-mex-mel-bom-jnb-tlv-blr-del-scl-itm-man-39,Vultr,High Performance AMD 2C-4G,,Sweden,SE,"ewr, ord, dfw, sea, lax, atl, ams, lhr, fra, sjc, syd, yto, cdg, nrt, waw, mad, icn, mia, sgp, sto, mex, mel, bom, jnb, tlv, blr, del, scl, itm, man",,2,,4,100,,5,,24,USD,month,24,false,false,Mastercard; VISA; PayPal,https://www.vultr.com/pricing/,2026-08-30
vultr:vultr-vhp-2c-4gb-intel-ewr-ord-dfw-sea-lax-atl-ams-lhr-fra-sjc-syd-yto-cdg-nrt-waw-mad-icn-mia-sgp-sto-mex-mel-hnl-bom-jnb-tlv-blr-del-scl-itm-man-55,Vultr,High Performance Intel 2C-4G,,Sweden,SE,"ewr, ord, dfw, sea, lax, atl, ams, lhr, fra, sjc, syd, yto, cdg, nrt, waw, mad, icn, mia, sgp, sto, mex, mel, hnl, bom, jnb, tlv, blr, del, scl, itm, man",,2,,4,100,,5,,24,USD,month,24,false,false,Mastercard; VISA; PayPal,https://www.vultr.com/pricing/,2026-08-30
vultr:vultr-vhf-2c-4gb-ewr-ord-dfw-sea-lax-atl-ams-lhr-fra-sjc-syd-yto-cdg-nrt-waw-mad-icn-mia-sgp-sto-mex-mel-bom-jnb-tlv-blr-del-scl-itm-man-25,Vultr,High Frequency 2C-4G,,United Kingdom,GB,"ewr, ord, dfw, sea, lax, atl, ams, lhr, fra, sjc, syd, yto, cdg, nrt, waw, mad, icn, mia, sgp, sto, mex, mel, bom, jnb, tlv, blr, del, scl, itm, man",,2,,4,128,,3,,24,USD,month,24,false,false,Mastercard; VISA; PayPal,https://www.vultr.com/pricing/,2026-08-30
vultr:vultr-vhp-2c-4gb-amd-ewr-ord-dfw-sea-lax-atl-ams-lhr-fra-sjc-syd-yto-cdg-nrt-waw-mad-icn-mia-sgp-sto-mex-mel-bom-jnb-tlv-blr-del-scl-itm-man-39,Vultr,High Performance AMD 2C-4G,,United Kingdom,GB,"ewr, ord, dfw, sea, lax, atl, ams, lhr, fra, sjc, syd, yto, cdg, nrt, waw, mad, icn, mia, sgp, sto, mex, mel, bom, jnb, tlv, blr, del, scl, itm, man",,2,,4,100,,5,,24,USD,month,24,false,false,Mastercard; VISA; PayPal,https://www.vultr.com/pricing/,2026-08-30
vultr:vultr-vhp-2c-4gb-intel-ewr-ord-dfw-sea-lax-atl-ams-lhr-fra-sjc-syd-yto-cdg-nrt-waw-mad-icn-mia-sgp-sto-mex-mel-hnl-bom-jnb-tlv-blr-del-scl-itm-man-55,Vultr,High Performance Intel 2C-4G,,United Kingdom,GB,"ewr, ord, dfw, sea, lax, atl, ams, lhr, fra, sjc, syd, yto, cdg, nrt, waw, mad, icn, mia, sgp, sto, mex, mel, hnl, bom, jnb, tlv, blr, del, scl, itm, man",,2,,4,100,,5,,24,USD,month,24,false,false,Mastercard; VISA; PayPal,https://www.vultr.com/pricing/,2026-08-30
vultr:vultr-vhf-2c-4gb-ewr-ord-dfw-sea-lax-atl-ams-lhr-fra-sjc-syd-yto-cdg-nrt-waw-mad-icn-mia-sgp-sto-mex-mel-bom-jnb-tlv-blr-del-scl-itm-man-25,Vultr,High Frequency 2C-4G,,USA,US,"ewr, ord, dfw, sea, lax, atl, ams, lhr, fra, sjc, syd, yto, cdg, nrt, waw, mad, icn, mia, sgp, sto, mex, mel, bom, jnb, tlv, blr, del, scl, itm, man",,2,,4,128,,3,,24,USD,month,24,false,false,Mastercard; VISA; PayPal,https://www.vultr.com/pricing/,2026-08-30
vultr:vultr-vhp-2c-4gb-amd-ewr-ord-dfw-sea-lax-atl-ams-lhr-fra-sjc-syd-yto-cdg-nrt-waw-mad-icn-mia-sgp-sto-mex-mel-bom-jnb-tlv-blr-del-scl-itm-man-39,Vultr,High Performance AMD 2C-4G,,USA,US,"ewr, ord, dfw, sea, lax, atl, ams, lhr, fra, sjc, syd, yto, cdg, nrt, waw, mad, icn, mia, sgp, sto, mex, mel, bom, jnb, tlv, blr, del, scl, itm, man",,2,,4,100,,5,,24,USD,month,24,false,false,Mastercard; VISA; PayPal,https://www.vultr.com/pricing/,2026-08-30
vultr:vultr-vhp-2c-4gb-intel-ewr-ord-dfw-sea-lax-atl-ams-lhr-fra-sjc-syd-yto-cdg-nrt-waw-mad-icn-mia-sgp-sto-mex-mel-hnl-bom-jnb-tlv-blr-del-scl-itm-man-55,Vultr,High Performance Intel 2C-4G,,USA,US,"ewr, ord, dfw, sea, lax, atl, ams, lhr, fra, sjc, syd, yto, cdg, nrt, waw, mad, icn, mia, sgp, sto, mex, mel, hnl, bom, jnb, tlv, blr, del, scl, itm, man",,2,,4,100,,5,,24,USD,month,24,false,false,Mastercard; VISA; PayPal,https://www.vultr.com/pricing/,2026-08-30
beget:beget-standard-4-6-80-russia-saint-petersburg-5,Beget,Standard 4-6-80,,Russia,RU,"Russia, Saint Petersburg",,4,,6,80,NVMe,,1000,68,RUB,day,24.17,false,true,Bank card; SBP; YooMoney; Bank transfer,https://beget.com/ru/vps,2026-08-30
timeweb:timeweb-us-15-1000-row-70,TimeWEB,US-15-1000,,USA,US,США-Нью-Йорк,,1,,1,15,NVMe,,1000,2060,RUB,month,24.41,false,true,MIR; Mastercard; VISA; SberPay; SBP; YooMoney,https://timeweb.cloud/services/vds-vps?location=nyc,2026-08-30
netcup:netcup-root-server-rs-2000-g12-nuremberg-vienna-manassas-singapore-no-preference-europe-faq-also-lists-amsterdam-19,netcup,RS 2000 G12,,Austria,AT,Nuremberg/Vienna/Manassas/Singapore/No preference Europe; FAQ also lists Amsterdam,,8,,16,512,NVMe,unlimited,2500,21.43,EUR,month,24.57,false,false,Bank card; PayPal; SEPA; Bank transfer,https://www.netcup.com/en/server/root-server,2026-08-30
netcup:netcup-root-server-rs-2000-g12-nuremberg-vienna-manassas-singapore-no-preference-europe-faq-also-lists-amsterdam-19,netcup,RS 2000 G12,,Germany,DE,Nuremberg/Vienna/Manassas/Singapore/No preference Europe; FAQ also lists Amsterdam,,8,,16,512,NVMe,unlimited,2500,21.43,EUR,month,24.57,false,false,Bank card; PayPal; SEPA; Bank transfer,https://www.netcup.com/en/server/root-server,2026-08-30
netcup:netcup-root-server-rs-2000-g12-nuremberg-vienna-manassas-singapore-no-preference-europe-faq-also-lists-amsterdam-19,netcup,RS 2000 G12,,Netherlands,NL,Nuremberg/Vienna/Manassas/Singapore/No preference Europe; FAQ also lists Amsterdam,,8,,16,512,NVMe,unlimited,2500,21.43,EUR,month,24.57,false,false,Bank card; PayPal; SEPA; Bank transfer,https://www.netcup.com/en/server/root-server,2026-08-30
netcup:netcup-root-server-rs-2000-g12-nuremberg-vienna-manassas-singapore-no-preference-europe-faq-also-lists-amsterdam-19,netcup,RS 2000 G12,,Singapore,SG,Nuremberg/Vienna/Manassas/Singapore/No preference Europe; FAQ also lists Amsterdam,,8,,16,512,NVMe,unlimited,2500,21.43,EUR,month,24.57,false,false,Bank card; PayPal; SEPA; Bank transfer,https://www.netcup.com/en/server/root-server,2026-08-30
netcup:netcup-root-server-rs-2000-g12-nuremberg-vienna-manassas-singapore-no-preference-europe-faq-also-lists-amsterdam-19,netcup,RS 2000 G12,,USA,US,Nuremberg/Vienna/Manassas/Singapore/No preference Europe; FAQ also lists Amsterdam,,8,,16,512,NVMe,unlimited,2500,21.43,EUR,month,24.57,false,false,Bank card; PayPal; SEPA; Bank transfer,https://www.netcup.com/en/server/root-server,2026-08-30
datacheap:datacheap-vps-professional-nvme-row-18,DataCheap,VPS Professional NVMe,,Czech Republic,CZ,Чехия,,8,,8,120,NVMe,,,2100,RUB,month,24.88,false,true,Bank card; SBP; PayPal; Bank transfer,https://datacheap.ru/services/arenda-vps-vds-serverov/,2026-08-30
datacheap:datacheap-vps-professional-nvme-row-18,DataCheap,VPS Professional NVMe,,Netherlands,NL,Нидерланды,,8,,8,120,NVMe,,,2100,RUB,month,24.88,false,true,Bank card; SBP; PayPal; Bank transfer,https://datacheap.ru/services/arenda-vps-vds-serverov/,2026-08-30
zomro:zomro-zomro-basic-nova-netherlands-13,Zomro,Basic Nova,,Germany,DE,Germany,,4,,10,70,,4,,21.95,EUR,month,25.16,true,true,BNB; BTC; ETH; SOL; TON; USDC; USDT; MIR; Mastercard; VISA; SBP; PayPal,https://zomro.com/vps/basic,2026-08-30
zomro:zomro-zomro-basic-nova-netherlands-13,Zomro,Basic Nova,,Netherlands,NL,Netherlands,,4,,10,70,,4,,21.95,EUR,month,25.16,true,true,BNB; BTC; ETH; SOL; TON; USDC; USDT; MIR; Mastercard; VISA; SBP; PayPal,https://zomro.com/vps/basic,2026-08-30
zomro:zomro-zomro-basic-nova-netherlands-13,Zomro,Basic Nova,,USA,US,USA,,4,,10,70,,4,,21.95,EUR,month,25.16,true,true,BNB; BTC; ETH; SOL; TON; USDC; USDT; MIR; Mastercard; VISA; SBP; PayPal,https://zomro.com/vps/basic,2026-08-30
aeza:aeza-447-26-msk-hi-cpu-78,Aeza,RX32-2,,Russia,RU,26-MSK-HI-CPU,,2,,4,60,,unlimited,25000,22.49,EUR,month,25.78,true,true,BNB; BTC; ETH; LTC; SOL; TON; TRX; USDT; MIR; Mastercard; VISA,https://aeza.net/ru/enterprise,2026-08-30
timeweb:timeweb-us-40-row-71,TimeWEB,US-40,,USA,US,США-Нью-Йорк,,2,,2,40,NVMe,,1000,2180,RUB,month,25.83,false,true,MIR; Mastercard; VISA; SberPay; SBP; YooMoney,https://timeweb.cloud/services/vds-vps?location=nyc,2026-08-30
smartape:smartape-linux-nvme-nvme-x2-160gb-datapro-moscow-i-ru-29,SmartApe,NVMe X2 · 160 GB,,Czech Republic,CZ,Host-Telecom (CZ),Linux; Windows,4,,2,160,NVMe,unlimited,200,2240,RUB,month,26.54,true,true,BNB; BTC; DOGE; ETH; HUMO; JCB; LTC; SOL; TRX; USDC; APRA; MIR; Mastercard; VISA; PayPal,https://www.smartape.ru/ssd-vps,2026-08-30
smartape:smartape-linux-nvme-nvme-x2-160gb-datapro-moscow-i-ru-29,SmartApe,NVMe X2 · 160 GB,,Israel,IL,Partner Group (IL),Linux; Windows,4,,2,160,NVMe,unlimited,200,2240,RUB,month,26.54,true,true,BNB; BTC; DOGE; ETH; HUMO; JCB; LTC; SOL; TRX; USDC; APRA; MIR; Mastercard; VISA; PayPal,https://www.smartape.ru/ssd-vps,2026-08-30
smartape:smartape-linux-nvme-nvme-x2-160gb-datapro-moscow-i-ru-29,SmartApe,NVMe X2 · 160 GB,,Russia,RU,DataPro Moscow I (RU),Linux; Windows,4,,2,160,NVMe,unlimited,200,2240,RUB,month,26.54,true,true,BNB; BTC; DOGE; ETH; HUMO; JCB; LTC; SOL; TRX; USDC; APRA; MIR; Mastercard; VISA; PayPal,https://www.smartape.ru/ssd-vps,2026-08-30
waicore:waicore-amd-epyc-9454-ispmanager-lite-isp-ep2-germany-frankfurt-am-main-7,WAICORE,ISP EP2 · ispmanager Lite,,Germany,DE,"Germany, Frankfurt am Main",,2,,4,60,,,2500,2249,RUB,month,26.65,,,,https://waicore.com/prices?tab=ispmanager,2026-08-30
selectel:selectel-selectel-highfreq-1vcpu-4gb-80nvme-row-25,Selectel,HighFreq 1C-4G-80G,,Russia,RU,"Россия, Москва / Санкт-Петербург",,1,,4,80,NVMe,3,3000,2256.67,RUB,month,26.74,false,true,MIR; VISA; Mastercard; SBP; YooMoney; Bank transfer,https://selectel.ru/prices/calculator/,2026-09-22
vultr:vultr-vhf-2c-2gb-sao-sao-24,Vultr,High Frequency 2C-2G,,Brazil,BR,sao,,2,,2,80,,3,,27,USD,month,27,false,false,Mastercard; VISA; PayPal,https://www.vultr.com/pricing/,2026-08-30
vultr:vultr-vhp-2c-2gb-amd-sao-sao-38,Vultr,High Performance AMD 2C-2G,,Brazil,BR,sao,,2,,2,60,,4,,27,USD,month,27,false,false,Mastercard; VISA; PayPal,https://www.vultr.com/pricing/,2026-08-30
vultr:vultr-vhp-2c-2gb-intel-sao-sao-54,Vultr,High Performance Intel 2C-2G,,Brazil,BR,sao,,2,,2,60,,4,,27,USD,month,27,false,false,Mastercard; VISA; PayPal,https://www.vultr.com/pricing/,2026-08-30
timeweb:timeweb-high-3-row-32,TimeWEB,High-3,,Russia,RU,Россия-Санкт-Петербург,,2,,2,40,NVMe,,200,2290,RUB,month,27.13,false,true,MIR; Mastercard; VISA; SberPay; SBP; YooMoney,https://timeweb.cloud/services/vds-vps?location=ru,2026-08-30
aeza:aeza-418-18-vienna-13,Aeza,VIEs-3,,Austria,AT,18-VIENNA,,4,,8,120,,unlimited,1000,23.73,EUR,month,27.2,true,true,BNB; BTC; ETH; LTC; SOL; TON; TRX; USDT; MIR; Mastercard; VISA,https://aeza.net/ru/virtual-servers,2026-08-30
aeza:aeza-418-18-vienna-13,Aeza,HELs-3,,Finland,FI,34-HELSINKI,,4,,8,120,,unlimited,1000,23.73,EUR,month,27.2,true,true,BNB; BTC; ETH; LTC; SOL; TON; TRX; USDT; MIR; Mastercard; VISA,https://aeza.net/ru/virtual-servers,2026-08-30
aeza:aeza-418-18-vienna-13,Aeza,PARs-3,,France,FR,40-PARIS,,4,,8,120,,unlimited,1000,23.73,EUR,month,27.2,true,true,BNB; BTC; ETH; LTC; SOL; TON; TRX; USDT; MIR; Mastercard; VISA,https://aeza.net/ru/virtual-servers,2026-08-30
aeza:aeza-155-17-moscow-8,Aeza,MSKs-3,SPBs-3,Russia,RU,17-MOSCOW; 65-SAINT-PETERSBURG,,4,,8,120,,unlimited,25000,23.73,EUR,month,27.2,true,true,BNB; BTC; ETH; LTC; SOL; TON; TRX; USDT; MIR; Mastercard; VISA,https://aeza.net/ru/virtual-servers,2026-08-30
aeza:aeza-362-37-stockholm-33,Aeza,SWEs-3,,Sweden,SE,37-STOCKHOLM,,4,,8,120,,unlimited,1000,23.73,EUR,month,27.2,true,true,BNB; BTC; ETH; LTC; SOL; TON; TRX; USDT; MIR; Mastercard; VISA,https://aeza.net/ru/virtual-servers,2026-08-30
timeweb:timeweb-nl-50-row-57,TimeWEB,NL-50,,Netherlands,NL,Нидерланды-Амстердам,,2,,4,50,NVMe,,1000,2300,RUB,month,27.25,false,true,MIR; Mastercard; VISA; SberPay; SBP; YooMoney,https://timeweb.cloud/services/vds-vps?location=nl,2026-08-30
ovhcloud-nl:ovhcloud-nl-vps-4-netherlands-4,OVHcloud NL,VPS-4,,Netherlands,NL,Netherlands,,8,,24,200,NVMe,unlimited,3000,24.15,EUR,month,27.68,false,false,VISA; Mastercard; American Express; PayPal; SEPA; Bank transfer,https://www.ovhcloud.com/nl/vps/,2026-08-30
aeza:aeza-381-51-london-57,Aeza,LND-2,,United Kingdom,GB,51-LONDON,,2,,4,60,,unlimited,1000,24.39,EUR,month,27.96,true,true,BNB; BTC; ETH; LTC; SOL; TON; TRX; USDT; MIR; Mastercard; VISA,https://aeza.net/ru/virtual-servers,2026-08-30
hostingvds:hostingvds-hi-memory-vds-kvm-nvme-memory-24g-selectel-113,HostingVDS,MEMORY-24G,,Russia,RU,"Россия, Москва - Selectel",,6,,24,120,NVMe,10,10000,24.49,EUR,month,28.07,true,true,BNB; BTC; DAI; ETH; LTC; POL; SOL; TON; TRX; USDC; USDT; MIR; SBP,https://my.hosting-vds.com/order/memory-vds-kvm-nvme/18,2026-08-30
hostingvds:hostingvds-vds-kvm-nvme-hvds-20g-eu-1-73,HostingVDS,HVDS-20G-EU,,Bulgaria,BG,"Болгария, София (1Гбит/с)",,8,,20,180,NVMe,16,1000,24.79,EUR,month,28.42,true,true,BNB; BTC; DAI; ETH; LTC; POL; SOL; TON; TRX; USDC; USDT; MIR; SBP,https://my.hosting-vds.com/order/vds-kvm-ssd-eu/50,2026-08-30
hostingvds:hostingvds-vds-kvm-nvme-hvds-20g-eu-1-73,HostingVDS,HVDS-20G-EU,,Finland,FI,"Финляндия, Хельсинки (1Гбит/с)",,8,,20,180,NVMe,16,1000,24.79,EUR,month,28.42,true,true,BNB; BTC; DAI; ETH; LTC; POL; SOL; TON; TRX; USDC; USDT; MIR; SBP,https://my.hosting-vds.com/order/vds-kvm-ssd-eu/50,2026-08-30
hostingvds:hostingvds-vds-kvm-nvme-hvds-20g-eu-1-73,HostingVDS,HVDS-20G-EU,,Germany,DE,"Германия, Франкфурт (1Гбит/с)",,8,,20,180,NVMe,16,1000,24.79,EUR,month,28.42,true,true,BNB; BTC; DAI; ETH; LTC; POL; SOL; TON; TRX; USDC; USDT; MIR; SBP,https://my.hosting-vds.com/order/vds-kvm-ssd-eu/50,2026-08-30
hostingvds:hostingvds-vds-kvm-nvme-hvds-20g-eu-1-73,HostingVDS,HVDS-20G-EU,,Latvia,LV,"Латвия, Рига (1Гбит/с)",,8,,20,180,NVMe,16,1000,24.79,EUR,month,28.42,true,true,BNB; BTC; DAI; ETH; LTC; POL; SOL; TON; TRX; USDC; USDT; MIR; SBP,https://my.hosting-vds.com/order/vds-kvm-ssd-eu/50,2026-08-30
hostingvds:hostingvds-vds-kvm-nvme-hvds-20g-eu-1-73,HostingVDS,HVDS-20G-EU,,Poland,PL,"Польша, Варшава (1Гбит/с)",,8,,20,180,NVMe,16,1000,24.79,EUR,month,28.42,true,true,BNB; BTC; DAI; ETH; LTC; POL; SOL; TON; TRX; USDC; USDT; MIR; SBP,https://my.hosting-vds.com/order/vds-kvm-ssd-eu/50,2026-08-30
hostingvds:hostingvds-vds-kvm-nvme-hvds-20g-selectel-17,HostingVDS,HVDS-20G,,Russia,RU,"Россия, Москва - Selectel",,8,,20,220,NVMe,14,10000,24.79,EUR,month,28.42,true,true,BNB; BTC; DAI; ETH; LTC; POL; SOL; TON; TRX; USDC; USDT; MIR; SBP,https://my.hosting-vds.com/order/standart-vds/1,2026-08-30
hostingvds:hostingvds-vds-kvm-nvme-hvds-20g-eu-1-73,HostingVDS,HVDS-20G-EU,,Sweden,SE,"Швеция, Стокгольм (1Гбит/с)",,8,,20,180,NVMe,16,1000,24.79,EUR,month,28.42,true,true,BNB; BTC; DAI; ETH; LTC; POL; SOL; TON; TRX; USDC; USDT; MIR; SBP,https://my.hosting-vds.com/order/vds-kvm-ssd-eu/50,2026-08-30
firstbyte:firstbyte-eu-kvm-ssd-5-ams-row-29,Firstbyte,EU-KVM-SSD-5-SOF,,Bulgaria,BG,"Болгария, София",,8,,8,200,SSD,10,200,2399,RUB,month,28.43,true,true,BNB; BTC; DOGE; ETH; LTC; SOL; TON; TRX; USDT; MIR; Mastercard; VISA; SBP; PayPal; YooMoney,https://firstbyte.ru/vps-vds/bulgaria/,2026-08-30
firstbyte:firstbyte-eu-kvm-ssd-5-fin-row-23,Firstbyte,EU-KVM-SSD-5-FIN,,Finland,FI,"Финляндия, Хельсинки",,8,,8.703,200,SSD,10,200,2399,RUB,month,28.43,true,true,BNB; BTC; DOGE; ETH; LTC; SOL; TON; TRX; USDT; MIR; Mastercard; VISA; SBP; PayPal; YooMoney,https://firstbyte.ru/vps-vds/finland/,2026-08-30
firstbyte:firstbyte-eu-kvm-ssd-5-ams-row-29,Firstbyte,EU-KVM-SSD-5-PAR,,France,FR,"Франция, Париж",,8,,8,200,SSD,10,200,2399,RUB,month,28.43,true,true,BNB; BTC; DOGE; ETH; LTC; SOL; TON; TRX; USDT; MIR; Mastercard; VISA; SBP; PayPal; YooMoney,https://firstbyte.ru/vps-vds/france/,2026-08-30
firstbyte:firstbyte-eu-kvm-ssd-5-ams-row-29,Firstbyte,EU-KVM-SSD-5-FRA,,Germany,DE,"Германия, Франкфурт",,8,,8,200,SSD,10,200,2399,RUB,month,28.43,true,true,BNB; BTC; DOGE; ETH; LTC; SOL; TON; TRX; USDT; MIR; Mastercard; VISA; SBP; PayPal; YooMoney,https://firstbyte.ru/vps-vds/germany/,2026-08-30
firstbyte:firstbyte-eu-kvm-ssd-5-ams-row-29,Firstbyte,KVM-SSD-5-TK,,Japan,JP,"Япония, Токио",,8,,8,200,SSD,10,200,2399,RUB,month,28.43,true,true,BNB; BTC; DOGE; ETH; LTC; SOL; TON; TRX; USDT; MIR; Mastercard; VISA; SBP; PayPal; YooMoney,https://firstbyte.ru/vps-vds/japan/,2026-08-30
firstbyte:firstbyte-eu-kvm-ssd-5-ams-row-29,Firstbyte,EU-KVM-SSD-5-AMS,,Netherlands,NL,"Нидерланды, Амстердам",,8,,8,200,SSD,10,200,2399,RUB,month,28.43,true,true,BNB; BTC; DOGE; ETH; LTC; SOL; TON; TRX; USDT; MIR; Mastercard; VISA; SBP; PayPal; YooMoney,https://firstbyte.ru/vps-vds/netherlands/,2026-08-30
firstbyte:firstbyte-eu-kvm-ssd-5-ams-row-29,Firstbyte,KVM-SSD-5-SG,,Singapore,SG,Сингапур,,8,,8,200,SSD,10,200,2399,RUB,month,28.43,true,true,BNB; BTC; DOGE; ETH; LTC; SOL; TON; TRX; USDT; MIR; Mastercard; VISA; SBP; PayPal; YooMoney,https://firstbyte.ru/vps-vds/kvm-ssd-asia/,2026-08-30
firstbyte:firstbyte-eu-kvm-ssd-5-ams-row-29,Firstbyte,EU-KVM-SSD-5-MAD,,Spain,ES,"Испания, Мадрид",,8,,8,200,SSD,10,200,2399,RUB,month,28.43,true,true,BNB; BTC; DOGE; ETH; LTC; SOL; TON; TRX; USDT; MIR; Mastercard; VISA; SBP; PayPal; YooMoney,https://firstbyte.ru/vps-vds/spain/,2026-08-30
firstbyte:firstbyte-eu-kvm-ssd-5-ams-row-29,Firstbyte,KVM-SSD-5-DB,,UAE,AE,"ОАЭ, Дубай",,8,,8,200,SSD,10,200,2399,RUB,month,28.43,true,true,BNB; BTC; DOGE; ETH; LTC; SOL; TON; TRX; USDT; MIR; Mastercard; VISA; SBP; PayPal; YooMoney,https://firstbyte.ru/vps-vds/oae/,2026-08-30
firstbyte:firstbyte-eu-kvm-ssd-5-ams-row-29,Firstbyte,US-KVM-SSD-5,,USA,US,"США, Нью-Йорк",,8,,8,200,SSD,10,200,2399,RUB,month,28.43,true,true,BNB; BTC; DOGE; ETH; LTC; SOL; TON; TRX; USDT; MIR; Mastercard; VISA; SBP; PayPal; YooMoney,https://firstbyte.ru/vps-vds/kvm-ssd-us/,2026-08-30
beget:beget-high-frequency-2-4-50-russia-saint-petersburg-10,Beget,High Frequency 2-4-50,,Russia,RU,"Russia, Saint Petersburg",,2,,4,50,NVMe,,1000,80,RUB,day,28.44,false,true,Bank card; SBP; YooMoney; Bank transfer,https://beget.com/ru/vps,2026-08-30
macloud:macloud-standard-4-russia-moscow-datapro-4,Macloud,Standard 4,,Russia,RU,Russia-Moscow-DataPro,,4,,8,150,NVMe,32,1000,2400,RUB,month,28.44,true,true,BNB; BTC; DOGE; ETH; LTC; SOL; TON; TRX; USDC; USDT; MIR; Mastercard; VISA; SBP; Invoice for organization; YooMoney,https://macloud.ru/,2026-08-30
vdsina:vdsina-vdsina-ru-standard-4-moscow-4,VDSina,Standard 4,,Russia,RU,Moscow,,4,,8,150,NVMe,32,1000,2400,RUB,month,28.44,true,true,BNB; BTC; DOGE; ETH; LTC; SOL; TON; TRX; USDT; MIR; Mastercard; VISA; SBP; Invoice for organization; YooMoney,https://vdsina.ru/pricing/standard,2026-08-30
hostingvds:hostingvds-vds-kvm-nvme-amd-hi-cpu-12g-row-126,HostingVDS,Hi-CPU-12G,,Russia,RU,"Россия, Москва",,4,,12,120,NVMe,10,10000,25,EUR,month,28.66,true,true,BNB; BTC; DAI; ETH; LTC; POL; SOL; TON; TRX; USDC; USDT; MIR; SBP,https://my.hosting-vds.com/order/performance-vds-amd-epyc/34,2026-08-30
smartape:smartape-linux-nvme-nvme-x8-80gb-datapro-moscow-i-ru-49,SmartApe,NVMe X8 · 80 GB,,Czech Republic,CZ,Host-Telecom (CZ),Linux; Windows,8,,8,80,NVMe,unlimited,200,2420,RUB,month,28.67,true,true,BNB; BTC; DOGE; ETH; HUMO; JCB; LTC; SOL; TRX; USDC; APRA; MIR; Mastercard; VISA; PayPal,https://www.smartape.ru/ssd-vps,2026-08-30
smartape:smartape-linux-nvme-nvme-x8-80gb-datapro-moscow-i-ru-49,SmartApe,NVMe X8 · 80 GB,,Israel,IL,Partner Group (IL),Linux; Windows,8,,8,80,NVMe,unlimited,200,2420,RUB,month,28.67,true,true,BNB; BTC; DOGE; ETH; HUMO; JCB; LTC; SOL; TRX; USDC; APRA; MIR; Mastercard; VISA; PayPal,https://www.smartape.ru/ssd-vps,2026-08-30
smartape:smartape-linux-nvme-nvme-x8-80gb-datapro-moscow-i-ru-49,SmartApe,NVMe X8 · 80 GB,,Russia,RU,DataPro Moscow I (RU),Linux; Windows,8,,8,80,NVMe,unlimited,200,2420,RUB,month,28.67,true,true,BNB; BTC; DOGE; ETH; HUMO; JCB; LTC; SOL; TRX; USDC; APRA; MIR; Mastercard; VISA; PayPal,https://www.smartape.ru/ssd-vps,2026-08-30
netcup:netcup-vps-arm64-vps-4000-arm-g11-nuremberg-vienna-manassas-amsterdam-15,netcup,VPS 4000 ARM G11,,Austria,AT,Nuremberg/Vienna/Manassas/Amsterdam,,14,,32,1024,NVMe,unlimited,2500,25.06,EUR,month,28.73,false,false,Bank card; PayPal; SEPA; Bank transfer,https://www.netcup.com/en/server/arm-server,2026-08-30
netcup:netcup-vps-arm64-vps-4000-arm-g11-nuremberg-vienna-manassas-amsterdam-15,netcup,VPS 4000 ARM G11,,Germany,DE,Nuremberg/Vienna/Manassas/Amsterdam,,14,,32,1024,NVMe,unlimited,2500,25.06,EUR,month,28.73,false,false,Bank card; PayPal; SEPA; Bank transfer,https://www.netcup.com/en/server/arm-server,2026-08-30
netcup:netcup-vps-arm64-vps-4000-arm-g11-nuremberg-vienna-manassas-amsterdam-15,netcup,VPS 4000 ARM G11,,Netherlands,NL,Nuremberg/Vienna/Manassas/Amsterdam,,14,,32,1024,NVMe,unlimited,2500,25.06,EUR,month,28.73,false,false,Bank card; PayPal; SEPA; Bank transfer,https://www.netcup.com/en/server/arm-server,2026-08-30
netcup:netcup-vps-arm64-vps-4000-arm-g11-nuremberg-vienna-manassas-amsterdam-15,netcup,VPS 4000 ARM G11,,USA,US,Nuremberg/Vienna/Manassas/Amsterdam,,14,,32,1024,NVMe,unlimited,2500,25.06,EUR,month,28.73,false,false,Bank card; PayPal; SEPA; Bank transfer,https://www.netcup.com/en/server/arm-server,2026-08-30
netcup:netcup-vps-lite-vps-lite-4-g12s-nuremberg-vienna-amsterdam-subject-to-availability-6,netcup,VPS Lite 4 G12s,,Austria,AT,Nuremberg/Vienna/Amsterdam subject to availability,,16,,32,640,SSD,,,25.72,EUR,month,29.48,false,false,Bank card; PayPal; SEPA; Bank transfer,https://www.netcup.com/en/server/vps-lite,2026-08-30
netcup:netcup-vps-lite-vps-lite-4-g12s-nuremberg-vienna-amsterdam-subject-to-availability-6,netcup,VPS Lite 4 G12s,,Germany,DE,Nuremberg/Vienna/Amsterdam subject to availability,,16,,32,640,SSD,,,25.72,EUR,month,29.48,false,false,Bank card; PayPal; SEPA; Bank transfer,https://www.netcup.com/en/server/vps-lite,2026-08-30
netcup:netcup-vps-lite-vps-lite-4-g12s-nuremberg-vienna-amsterdam-subject-to-availability-6,netcup,VPS Lite 4 G12s,,Netherlands,NL,Nuremberg/Vienna/Amsterdam subject to availability,,16,,32,640,SSD,,,25.72,EUR,month,29.48,false,false,Bank card; PayPal; SEPA; Bank transfer,https://www.netcup.com/en/server/vps-lite,2026-08-30
1cent-host:1cent-host-261-pl-35,1cent.host,PL-4,,Poland,PL,PL,,8,,16,200,NVMe,,10000,2500,RUB,month,29.62,,,,https://1cent.host/,2026-08-30
timeweb:timeweb-dedic-cpu-50-msk-row-14,TimeWEB,Dedic CPU-50 MSK,Dedic CPU-50,Russia,RU,Россия-Москва; Россия-Санкт-Петербург,,1,,4,50,NVMe,,1000,2500,RUB,month,29.62,false,true,MIR; Mastercard; VISA; SberPay; SBP; YooMoney,https://timeweb.cloud/services/vds-vps,2026-08-30
hostkey:hostkey-vm-storage-4000-nl-es-it-us-fr-pl-ch-13,HOSTKEY,vm.storage-4000,,France,FR,"NL, ES, IT, US, FR, PL, CH",,8,,12,4000,HDD,3,1000,25.9,EUR,month,29.69,true,false,VISA; Mastercard; American Express; UnionPay; PayPal; Alipay; WebMoney; BTC; Bank transfer,https://hostkey.com/vps/,2026-09-24
hostkey:hostkey-vm-storage-4000-nl-es-it-us-fr-pl-ch-13,HOSTKEY,vm.storage-4000,,Italy,IT,"NL, ES, IT, US, FR, PL, CH",,8,,12,4000,HDD,3,1000,25.9,EUR,month,29.69,true,false,VISA; Mastercard; American Express; UnionPay; PayPal; Alipay; WebMoney; BTC; Bank transfer,https://hostkey.com/vps/,2026-09-24
hostkey:hostkey-vm-storage-4000-nl-es-it-us-fr-pl-ch-13,HOSTKEY,vm.storage-4000,,Netherlands,NL,"NL, ES, IT, US, FR, PL, CH",,8,,12,4000,HDD,3,1000,25.9,EUR,month,29.69,true,false,VISA; Mastercard; American Express; UnionPay; PayPal; Alipay; WebMoney; BTC; Bank transfer,https://hostkey.com/vps/,2026-09-24
hostkey:hostkey-vm-storage-4000-nl-es-it-us-fr-pl-ch-13,HOSTKEY,vm.storage-4000,,Poland,PL,"NL, ES, IT, US, FR, PL, CH",,8,,12,4000,HDD,3,1000,25.9,EUR,month,29.69,true,false,VISA; Mastercard; American Express; UnionPay; PayPal; Alipay; WebMoney; BTC; Bank transfer,https://hostkey.com/vps/,2026-09-24
hostkey:hostkey-vm-storage-4000-nl-es-it-us-fr-pl-ch-13,HOSTKEY,vm.storage-4000,,Spain,ES,"NL, ES, IT, US, FR, PL, CH",,8,,12,4000,HDD,3,1000,25.9,EUR,month,29.69,true,false,VISA; Mastercard; American Express; UnionPay; PayPal; Alipay; WebMoney; BTC; Bank transfer,https://hostkey.com/vps/,2026-09-24
hostkey:hostkey-vm-storage-4000-nl-es-it-us-fr-pl-ch-13,HOSTKEY,vm.storage-4000,,Switzerland,CH,"NL, ES, IT, US, FR, PL, CH",,8,,12,4000,HDD,3,1000,25.9,EUR,month,29.69,true,false,VISA; Mastercard; American Express; UnionPay; PayPal; Alipay; WebMoney; BTC; Bank transfer,https://hostkey.com/vps/,2026-09-24
hostkey:hostkey-vm-storage-4000-nl-es-it-us-fr-pl-ch-13,HOSTKEY,vm.storage-4000,,USA,US,"NL, ES, IT, US, FR, PL, CH",,8,,12,4000,HDD,3,1000,25.9,EUR,month,29.69,true,false,VISA; Mastercard; American Express; UnionPay; PayPal; Alipay; WebMoney; BTC; Bank transfer,https://hostkey.com/vps/,2026-09-24
mevspace:mevspace-hc-2-8-poland-8,MevSpace,HC-2-8,,Poland,PL,Poland,,2,,8,100,SSD,unlimited,500,25.9,EUR,month,29.69,true,false,BCC; BCH; BTC; BUSD; DAI; DASH; DOGE; ETH; GUSD; LSK; LTC; SHIB; SOL; TRX; USDC; USDP; WBTC; XRP; ZEC; ZND; Mastercard; VISA; SEPA; PayPal,https://mevspace.com/vps-cloud?id=general-purpose,2026-08-30
timeweb:timeweb-high-msk-2-2-40-row-8,TimeWEB,High MSK 2/2/40,,Russia,RU,Россия-Москва,,2,,2,40,NVMe,,1000,2510,RUB,month,29.74,false,true,MIR; Mastercard; VISA; SberPay; SBP; YooMoney,https://timeweb.cloud/services/vds-vps,2026-08-30
zomro:zomro-zomro-premium-exclusive-poland-39,Zomro,Premium Exclusive,,Germany,DE,Germany,,4,,10,70,,4,1000,25.95,EUR,month,29.75,true,true,BNB; BTC; ETH; SOL; TON; USDC; USDT; MIR; Mastercard; VISA; SBP; PayPal,https://zomro.com/vps,2026-08-30
zomro:zomro-zomro-premium-exclusive-poland-39,Zomro,Premium Exclusive,,Netherlands,NL,Netherlands,,4,,10,70,,4,1000,25.95,EUR,month,29.75,true,true,BNB; BTC; ETH; SOL; TON; USDC; USDT; MIR; Mastercard; VISA; SBP; PayPal,https://zomro.com/vps,2026-08-30
zomro:zomro-zomro-premium-exclusive-poland-39,Zomro,Premium Exclusive,,Poland,PL,Poland,,4,,10,70,,4,1000,25.95,EUR,month,29.75,true,true,BNB; BTC; ETH; SOL; TON; USDC; USDT; MIR; Mastercard; VISA; SBP; PayPal,https://zomro.com/vps,2026-08-30
zomro:zomro-zomro-premium-exclusive-poland-39,Zomro,Premium Exclusive,,USA,US,USA,,4,,10,70,,4,1000,25.95,EUR,month,29.75,true,true,BNB; BTC; ETH; SOL; TON; USDC; USDT; MIR; Mastercard; VISA; SBP; PayPal,https://zomro.com/vps,2026-08-30
vultr:vultr-vc2-2c-4gb-sao-sao-10,Vultr,Cloud Compute 2C-4G,,Brazil,BR,sao,,2,,4,80,SSD,3,,30,USD,month,30,false,false,Mastercard; VISA; PayPal,https://www.vultr.com/pricing/,2026-08-30
selectel:selectel-selectel-standard-2vcpu-4gb-32nvme-row-10,Selectel,Standard 2C-4G-32G,,Russia,RU,"Россия, Москва / Санкт-Петербург",,2,,4,32,NVMe,3,3000,2539.74,RUB,month,30.09,false,true,MIR; VISA; Mastercard; SBP; YooMoney; Bank transfer,https://selectel.ru/prices/calculator/,2026-09-22
timeweb:timeweb-nsk-80-row-45,TimeWEB,NSK 80,,Russia,RU,Россия-Новосибирск,,4,,8,80,NVMe,,100,2540,RUB,month,30.1,false,true,MIR; Mastercard; VISA; SberPay; SBP; YooMoney,https://timeweb.cloud/services/vds-vps?location=ru-nsk,2026-08-30
firstbyte:firstbyte-business-msk-kvm-ssd-2-row-100,Firstbyte,Business MSK-KVM-SSD-2,,Russia,RU,"Россия, Москва",,3,,4,50,SSD,5,200,2599,RUB,month,30.79,true,true,BNB; BTC; DOGE; ETH; LTC; SOL; TON; TRX; USDT; MIR; Mastercard; VISA; SBP; PayPal; YooMoney,https://firstbyte.ru/vps-vds/kvm-business/,2026-08-30
firstbyte:firstbyte-business-msk-kvm-sas-2-row-106,Firstbyte,Business MSK-KVM-SAS-2,,Russia,RU,"Россия, Москва",,3,,4,60,SAS,5,200,2599,RUB,month,30.79,true,true,BNB; BTC; DOGE; ETH; LTC; SOL; TON; TRX; USDT; MIR; Mastercard; VISA; SBP; PayPal; YooMoney,https://firstbyte.ru/vps-vds/kvm-business/,2026-08-30
smartape:smartape-linux-nvme-nvme-x4-160gb-datapro-moscow-i-ru-41,SmartApe,NVMe X4 · 160 GB,,Czech Republic,CZ,Host-Telecom (CZ),Linux; Windows,6,,4,160,NVMe,unlimited,200,2625,RUB,month,31.1,true,true,BNB; BTC; DOGE; ETH; HUMO; JCB; LTC; SOL; TRX; USDC; APRA; MIR; Mastercard; VISA; PayPal,https://www.smartape.ru/ssd-vps,2026-08-30
smartape:smartape-linux-nvme-nvme-x4-160gb-datapro-moscow-i-ru-41,SmartApe,NVMe X4 · 160 GB,,Israel,IL,Partner Group (IL),Linux; Windows,6,,4,160,NVMe,unlimited,200,2625,RUB,month,31.1,true,true,BNB; BTC; DOGE; ETH; HUMO; JCB; LTC; SOL; TRX; USDC; APRA; MIR; Mastercard; VISA; PayPal,https://www.smartape.ru/ssd-vps,2026-08-30
smartape:smartape-linux-nvme-nvme-x4-160gb-datapro-moscow-i-ru-41,SmartApe,NVMe X4 · 160 GB,,Russia,RU,DataPro Moscow I (RU),Linux; Windows,6,,4,160,NVMe,unlimited,200,2625,RUB,month,31.1,true,true,BNB; BTC; DOGE; ETH; HUMO; JCB; LTC; SOL; TRX; USDC; APRA; MIR; Mastercard; VISA; PayPal,https://www.smartape.ru/ssd-vps,2026-08-30
firstvds:firstvds-vds-kvm-ssd-10-0-russia-5,FirstVDS,Ulet (SSD),,Russia,RU,Russia,,8,,12,120,,unlimited,100,2629,RUB,month,31.15,false,true,MIR; Mastercard; VISA; SberPay; SBP; YooMoney,https://firstvds.ru/docs/tariffs.html,2026-08-30
regru:regru-ssd-vps-4-russia-4,REG.RU,SSD-VPS-4,,Russia,RU,Russia,,2,,4,30,,,,2685,RUB,month,31.81,false,true,Bank card; SBP; SberPay; YooMoney; Bank transfer,https://img.reg.ru/faq/prilozhenie_tarify_na_uslugi_vps_010126.pdf,2026-08-30
hostingvds:hostingvds-hi-memory-vds-kvm-nvme-memory-28g-selectel-115,HostingVDS,MEMORY-28G,,Russia,RU,"Россия, Москва - Selectel",,7,,28,150,NVMe,10,10000,27.79,EUR,month,31.86,true,true,BNB; BTC; DAI; ETH; LTC; POL; SOL; TON; TRX; USDC; USDT; MIR; SBP,https://my.hosting-vds.com/order/memory-vds-kvm-nvme/18,2026-08-30
hostkey:hostkey-vm-v2-heavy-nl-fi-it-us-pl-tr-is-14,HOSTKEY,vm.v2-heavy,,Finland,FI,"NL, FI, IT, US, PL, TR, IS",,8,,32,240,NVMe,3,1000,28,EUR,month,32.1,true,false,VISA; Mastercard; American Express; UnionPay; PayPal; Alipay; WebMoney; BTC; Bank transfer,https://hostkey.com/vps/,2026-09-24
hostkey:hostkey-vm-v2-heavy-nl-fi-it-us-pl-tr-is-14,HOSTKEY,vm.v2-heavy,,Italy,IT,"NL, FI, IT, US, PL, TR, IS",,8,,32,240,NVMe,3,1000,28,EUR,month,32.1,true,false,VISA; Mastercard; American Express; UnionPay; PayPal; Alipay; WebMoney; BTC; Bank transfer,https://hostkey.com/vps/,2026-09-24
hostkey:hostkey-vm-v2-heavy-nl-fi-it-us-pl-tr-is-14,HOSTKEY,vm.v2-heavy,,Netherlands,NL,"NL, FI, IT, US, PL, TR, IS",,8,,32,240,NVMe,3,1000,28,EUR,month,32.1,true,false,VISA; Mastercard; American Express; UnionPay; PayPal; Alipay; WebMoney; BTC; Bank transfer,https://hostkey.com/vps/,2026-09-24
hostkey:hostkey-vm-v2-heavy-nl-fi-it-us-pl-tr-is-14,HOSTKEY,vm.v2-heavy,,Poland,PL,"NL, FI, IT, US, PL, TR, IS",,8,,32,240,NVMe,3,1000,28,EUR,month,32.1,true,false,VISA; Mastercard; American Express; UnionPay; PayPal; Alipay; WebMoney; BTC; Bank transfer,https://hostkey.com/vps/,2026-09-24
hostkey:hostkey-vm-v2-heavy-nl-fi-it-us-pl-tr-is-14,HOSTKEY,vm.v2-heavy,,Turkey,TR,"NL, FI, IT, US, PL, TR, IS",,8,,32,240,NVMe,3,1000,28,EUR,month,32.1,true,false,VISA; Mastercard; American Express; UnionPay; PayPal; Alipay; WebMoney; BTC; Bank transfer,https://hostkey.com/vps/,2026-09-24
hostkey:hostkey-vm-v2-heavy-nl-fi-it-us-pl-tr-is-14,HOSTKEY,vm.v2-heavy,,USA,US,"NL, FI, IT, US, PL, TR, IS",,8,,32,240,NVMe,3,1000,28,EUR,month,32.1,true,false,VISA; Mastercard; American Express; UnionPay; PayPal; Alipay; WebMoney; BTC; Bank transfer,https://hostkey.com/vps/,2026-09-24
selectel:selectel-selectel-shared-4vcpu-8gb-10nvme-row-45,Selectel,Shared 4C-8G (10% vCPU),,Russia,RU,"Россия, Москва / Санкт-Петербург",,4,10,8,10,Network SSD,3,3000,2725.83,RUB,month,32.3,false,true,MIR; VISA; Mastercard; SBP; YooMoney; Bank transfer,https://selectel.ru/prices/calculator/,2026-09-22
hostkey:hostkey-vds-ryzen-8-nl-fi-de-gb-es-it-us-fr-pl-ch-tr-3,HOSTKEY,vds.ryzen-8,,Finland,FI,"NL, FI, DE, GB, ES, IT, US, FR, PL, CH, TR",,2,,8,100,NVMe,3,1000,28.9,EUR,month,33.13,true,false,VISA; Mastercard; American Express; UnionPay; PayPal; Alipay; WebMoney; BTC; Bank transfer,https://hostkey.com/vps/,2026-09-24
hostkey:hostkey-vds-ryzen-8-nl-fi-de-gb-es-it-us-fr-pl-ch-tr-3,HOSTKEY,vds.ryzen-8,,France,FR,"NL, FI, DE, GB, ES, IT, US, FR, PL, CH, TR",,2,,8,100,NVMe,3,1000,28.9,EUR,month,33.13,true,false,VISA; Mastercard; American Express; UnionPay; PayPal; Alipay; WebMoney; BTC; Bank transfer,https://hostkey.com/vps/,2026-09-24
hostkey:hostkey-vds-ryzen-8-nl-fi-de-gb-es-it-us-fr-pl-ch-tr-3,HOSTKEY,vds.ryzen-8,,Germany,DE,"NL, FI, DE, GB, ES, IT, US, FR, PL, CH, TR",,2,,8,100,NVMe,3,1000,28.9,EUR,month,33.13,true,false,VISA; Mastercard; American Express; UnionPay; PayPal; Alipay; WebMoney; BTC; Bank transfer,https://hostkey.com/vps/,2026-09-24
hostkey:hostkey-vds-ryzen-8-nl-fi-de-gb-es-it-us-fr-pl-ch-tr-3,HOSTKEY,vds.ryzen-8,,Italy,IT,"NL, FI, DE, GB, ES, IT, US, FR, PL, CH, TR",,2,,8,100,NVMe,3,1000,28.9,EUR,month,33.13,true,false,VISA; Mastercard; American Express; UnionPay; PayPal; Alipay; WebMoney; BTC; Bank transfer,https://hostkey.com/vps/,2026-09-24
hostkey:hostkey-vds-ryzen-8-nl-fi-de-gb-es-it-us-fr-pl-ch-tr-3,HOSTKEY,vds.ryzen-8,,Netherlands,NL,"NL, FI, DE, GB, ES, IT, US, FR, PL, CH, TR",,2,,8,100,NVMe,3,1000,28.9,EUR,month,33.13,true,false,VISA; Mastercard; American Express; UnionPay; PayPal; Alipay; WebMoney; BTC; Bank transfer,https://hostkey.com/vps/,2026-09-24
hostkey:hostkey-vds-ryzen-8-nl-fi-de-gb-es-it-us-fr-pl-ch-tr-3,HOSTKEY,vds.ryzen-8,,Poland,PL,"NL, FI, DE, GB, ES, IT, US, FR, PL, CH, TR",,2,,8,100,NVMe,3,1000,28.9,EUR,month,33.13,true,false,VISA; Mastercard; American Express; UnionPay; PayPal; Alipay; WebMoney; BTC; Bank transfer,https://hostkey.com/vps/,2026-09-24
hostkey:hostkey-vds-ryzen-8-nl-fi-de-gb-es-it-us-fr-pl-ch-tr-3,HOSTKEY,vds.ryzen-8,,Spain,ES,"NL, FI, DE, GB, ES, IT, US, FR, PL, CH, TR",,2,,8,100,NVMe,3,1000,28.9,EUR,month,33.13,true,false,VISA; Mastercard; American Express; UnionPay; PayPal; Alipay; WebMoney; BTC; Bank transfer,https://hostkey.com/vps/,2026-09-24
hostkey:hostkey-vds-ryzen-8-nl-fi-de-gb-es-it-us-fr-pl-ch-tr-3,HOSTKEY,vds.ryzen-8,,Switzerland,CH,"NL, FI, DE, GB, ES, IT, US, FR, PL, CH, TR",,2,,8,100,NVMe,3,1000,28.9,EUR,month,33.13,true,false,VISA; Mastercard; American Express; UnionPay; PayPal; Alipay; WebMoney; BTC; Bank transfer,https://hostkey.com/vps/,2026-09-24
hostkey:hostkey-vds-ryzen-8-nl-fi-de-gb-es-it-us-fr-pl-ch-tr-3,HOSTKEY,vds.ryzen-8,,Turkey,TR,"NL, FI, DE, GB, ES, IT, US, FR, PL, CH, TR",,2,,8,100,NVMe,3,1000,28.9,EUR,month,33.13,true,false,VISA; Mastercard; American Express; UnionPay; PayPal; Alipay; WebMoney; BTC; Bank transfer,https://hostkey.com/vps/,2026-09-24
hostkey:hostkey-vds-ryzen-8-nl-fi-de-gb-es-it-us-fr-pl-ch-tr-3,HOSTKEY,vds.ryzen-8,,United Kingdom,GB,"NL, FI, DE, GB, ES, IT, US, FR, PL, CH, TR",,2,,8,100,NVMe,3,1000,28.9,EUR,month,33.13,true,false,VISA; Mastercard; American Express; UnionPay; PayPal; Alipay; WebMoney; BTC; Bank transfer,https://hostkey.com/vps/,2026-09-24
hostkey:hostkey-vds-ryzen-8-nl-fi-de-gb-es-it-us-fr-pl-ch-tr-3,HOSTKEY,vds.ryzen-8,,USA,US,"NL, FI, DE, GB, ES, IT, US, FR, PL, CH, TR",,2,,8,100,NVMe,3,1000,28.9,EUR,month,33.13,true,false,VISA; Mastercard; American Express; UnionPay; PayPal; Alipay; WebMoney; BTC; Bank transfer,https://hostkey.com/vps/,2026-09-24
timeweb:timeweb-dedic-high-20-row-19,TimeWEB,Dedic High-20,,Russia,RU,Россия-Москва,,1,,4,20,NVMe,,200,2800,RUB,month,33.18,false,true,MIR; Mastercard; VISA; SberPay; SBP; YooMoney,https://timeweb.cloud/services/vds-vps,2026-08-30
cherryservers:cherryservers-641-lt-siauliai-9,Cherry Servers,Cloud VPS 4,,Lithuania,LT,lt-siauliai,,4,,4,80,SSD,5,1000,29,EUR,month,33.24,true,false,Bank card; PayPal; Google Pay; Apple Pay; Alipay; Bank transfer; BTC; ETH; SOL; ADA; USDC; POL; BNB; LTC; DOGE; XRP; TRX; DAI; SHIB; BCH,https://www.cherryservers.com/pricing/virtual-servers/b1-4-4gb-80s-shared?region=lt-siauliai&billing=3&currency=EUR,2026-08-30
cherryservers:cherryservers-641-lt-siauliai-9,Cherry Servers,Cloud VPS 4,,Netherlands,NL,nl-amsterdam,,4,,4,80,SSD,5,1000,29,EUR,month,33.24,true,false,Bank card; PayPal; Google Pay; Apple Pay; Alipay; Bank transfer; BTC; ETH; SOL; ADA; USDC; POL; BNB; LTC; DOGE; XRP; TRX; DAI; SHIB; BCH,https://www.cherryservers.com/pricing/virtual-servers/b1-4-4gb-80s-shared?region=nl-amsterdam&billing=3&currency=EUR,2026-08-30
cherryservers:cherryservers-641-lt-siauliai-9,Cherry Servers,Cloud VPS 4,,USA,US,us-chicago,,4,,4,80,SSD,5,1000,29,EUR,month,33.24,true,false,Bank card; PayPal; Google Pay; Apple Pay; Alipay; Bank transfer; BTC; ETH; SOL; ADA; USDC; POL; BNB; LTC; DOGE; XRP; TRX; DAI; SHIB; BCH,https://www.cherryservers.com/pricing/virtual-servers/b1-4-4gb-80s-shared?region=us-chicago&billing=3&currency=EUR,2026-08-30
spacecore:spacecore-de-u40-germany-14,Spacecore,DE U40,,Germany,DE,Germany,,6,,12,150,NVMe,20,5000,29,EUR,month,33.24,true,true,ADA; ARB; BCH; BNB; BTC; DAI; DOGE; ETH; IMX; LTC; POL; SHIB; SOL; TON; TRX; USDC; USDT; XLM; XRP; MIR; Mastercard; VISA; SEPA; SBP; PayPal,https://spacecore.pro/en/virtual-servers/,2026-08-30
spacecore:spacecore-nl-u40-netherlands-20,Spacecore,NL U40,,Netherlands,NL,Netherlands,,6,,12,150,NVMe,20,5000,29,EUR,month,33.24,true,true,ADA; ARB; BCH; BNB; BTC; DAI; DOGE; ETH; IMX; LTC; POL; SHIB; SOL; TON; TRX; USDC; USDT; XLM; XRP; MIR; Mastercard; VISA; SEPA; SBP; PayPal,https://spacecore.pro/en/virtual-servers/,2026-08-30
hostingvds:hostingvds-vds-kvm-nvme-hvds-24g-eu-1-79,HostingVDS,HVDS-24G-EU,,Bulgaria,BG,"Болгария, София (1Гбит/с)",,8,,24,200,NVMe,16,1000,29.99,EUR,month,34.38,true,true,BNB; BTC; DAI; ETH; LTC; POL; SOL; TON; TRX; USDC; USDT; MIR; SBP,https://my.hosting-vds.com/order/vds-kvm-ssd-eu/50,2026-08-30
hostingvds:hostingvds-vds-kvm-nvme-hvds-24g-eu-1-79,HostingVDS,HVDS-24G-EU,,Finland,FI,"Финляндия, Хельсинки (1Гбит/с)",,8,,24,200,NVMe,16,1000,29.99,EUR,month,34.38,true,true,BNB; BTC; DAI; ETH; LTC; POL; SOL; TON; TRX; USDC; USDT; MIR; SBP,https://my.hosting-vds.com/order/vds-kvm-ssd-eu/50,2026-08-30
hostingvds:hostingvds-vds-kvm-nvme-hvds-24g-eu-1-79,HostingVDS,HVDS-24G-EU,,Germany,DE,"Германия, Франкфурт (1Гбит/с)",,8,,24,200,NVMe,16,1000,29.99,EUR,month,34.38,true,true,BNB; BTC; DAI; ETH; LTC; POL; SOL; TON; TRX; USDC; USDT; MIR; SBP,https://my.hosting-vds.com/order/vds-kvm-ssd-eu/50,2026-08-30
hostingvds:hostingvds-vds-kvm-nvme-hvds-24g-eu-1-79,HostingVDS,HVDS-24G-EU,,Latvia,LV,"Латвия, Рига (1Гбит/с)",,8,,24,200,NVMe,16,1000,29.99,EUR,month,34.38,true,true,BNB; BTC; DAI; ETH; LTC; POL; SOL; TON; TRX; USDC; USDT; MIR; SBP,https://my.hosting-vds.com/order/vds-kvm-ssd-eu/50,2026-08-30
hostingvds:hostingvds-vds-kvm-nvme-hvds-24g-eu-1-79,HostingVDS,HVDS-24G-EU,,Poland,PL,"Польша, Варшава (1Гбит/с)",,8,,24,200,NVMe,16,1000,29.99,EUR,month,34.38,true,true,BNB; BTC; DAI; ETH; LTC; POL; SOL; TON; TRX; USDC; USDT; MIR; SBP,https://my.hosting-vds.com/order/vds-kvm-ssd-eu/50,2026-08-30
hostingvds:hostingvds-vds-kvm-nvme-hvds-24g-selectel-19,HostingVDS,HVDS-24G,,Russia,RU,"Россия, Москва - Selectel",,8,,24,250,NVMe,16,10000,29.99,EUR,month,34.38,true,true,BNB; BTC; DAI; ETH; LTC; POL; SOL; TON; TRX; USDC; USDT; MIR; SBP,https://my.hosting-vds.com/order/standart-vds/1,2026-08-30
hostingvds:hostingvds-vds-kvm-nvme-hvds-24g-eu-1-79,HostingVDS,HVDS-24G-EU,,Sweden,SE,"Швеция, Стокгольм (1Гбит/с)",,8,,24,200,NVMe,16,1000,29.99,EUR,month,34.38,true,true,BNB; BTC; DAI; ETH; LTC; POL; SOL; TON; TRX; USDC; USDT; MIR; SBP,https://my.hosting-vds.com/order/vds-kvm-ssd-eu/50,2026-08-30
mevspace:mevspace-gp-16-poland-3,MevSpace,GP-16,,Poland,PL,Poland,,6,,16,320,SSD,unlimited,500,29.99,EUR,month,34.38,true,false,BCC; BCH; BTC; BUSD; DAI; DASH; DOGE; ETH; GUSD; LSK; LTC; SHIB; SOL; TRX; USDC; USDP; WBTC; XRP; ZEC; ZND; Mastercard; VISA; SEPA; PayPal,https://mevspace.com/vps-cloud?id=general-purpose,2026-08-30
hostingvds:hostingvds-vds-kvm-nvme-amd-hi-cpu-14g-row-127,HostingVDS,Hi-CPU-14G,,Russia,RU,"Россия, Москва",,5,,14,150,NVMe,12,10000,30,EUR,month,34.39,true,true,BNB; BTC; DAI; ETH; LTC; POL; SOL; TON; TRX; USDC; USDT; MIR; SBP,https://my.hosting-vds.com/order/performance-vds-amd-epyc/34,2026-08-30
xorek:xorek-de-de-r9-32-12-germany-8,Xorek,FI-R9-32,,Finland,FI,Finland,,16,,32,480,NVMe,,1000,2949,RUB,month,34.94,true,true,BNB; BTC; DOGE; ETH; LTC; SOL; TON; TRX; USDC; USDT; MIR; Mastercard; VISA; SBP; PayPal,https://xorek.cloud/ru/vps?group=FI&price_max=2949,2026-08-30
xorek:xorek-de-de-r9-32-12-germany-8,Xorek,DE-R9-32,,Germany,DE,Germany,,16,,32,480,NVMe,,1000,2949,RUB,month,34.94,true,true,BNB; BTC; DOGE; ETH; LTC; SOL; TON; TRX; USDC; USDT; MIR; Mastercard; VISA; SBP; PayPal,https://xorek.cloud/ru/vps?group=DE&price_max=2949,2026-08-30
xorek:xorek-de-de-r9-32-12-germany-8,Xorek,NL-R9-32,,Netherlands,NL,Netherlands,,16,,32,480,NVMe,,1000,2949,RUB,month,34.94,true,true,BNB; BTC; DOGE; ETH; LTC; SOL; TON; TRX; USDC; USDT; MIR; Mastercard; VISA; SBP; PayPal,https://xorek.cloud/ru/vps?group=NL&price_max=2949,2026-08-30
timeweb:timeweb-high-4-row-33,TimeWEB,High-4,,Russia,RU,Россия-Санкт-Петербург,,2,,4,50,NVMe,,200,2950,RUB,month,34.95,false,true,MIR; Mastercard; VISA; SberPay; SBP; YooMoney,https://timeweb.cloud/services/vds-vps?location=ru,2026-08-30
timeweb:timeweb-de-80-row-65,TimeWEB,DE-80,,Germany,DE,Германия-Франкфурт,,4,,8,80,NVMe,,200,2960,RUB,month,35.07,false,true,MIR; Mastercard; VISA; SberPay; SBP; YooMoney,https://timeweb.cloud/services/vds-vps?location=de,2026-08-30
firstvds:firstvds-vds-kvm-nvme-10-0-russia-10,FirstVDS,Ulet (NVMe),,Russia,RU,Russia,,8,,12,120,,unlimited,100,2989,RUB,month,35.42,false,true,MIR; Mastercard; VISA; SberPay; SBP; YooMoney,https://firstvds.ru/docs/tariffs.html,2026-08-30
timeweb:timeweb-us-50-row-72,TimeWEB,US-50,,USA,US,США-Нью-Йорк,,2,,4,50,NVMe,,1000,2990,RUB,month,35.43,false,true,MIR; Mastercard; VISA; SberPay; SBP; YooMoney,https://timeweb.cloud/services/vds-vps?location=nyc,2026-08-30
firstbyte:firstbyte-msk-highhdd-kvm-sas-6-row-97,Firstbyte,MSK-highhdd-KVM-SAS-6,,Russia,RU,"Россия, Москва",,1,,1,1200,SAS+SSD,unlimited,,2999,RUB,month,35.53,true,true,BNB; BTC; DOGE; ETH; LTC; SOL; TON; TRX; USDT; MIR; Mastercard; VISA; SBP; PayPal; YooMoney,https://firstbyte.ru/vps-vds/kvm-sas/,2026-08-30
1cent-host:1cent-host-84-fi-11,1cent.host,FI-4,,Finland,FI,FI,,8,,16,200,NVMe,,1000,3000,RUB,month,35.55,,,,https://1cent.host/,2026-08-30
selectel:selectel-selectel-vds-8-16-160-row-7,Selectel,VDS 8-16-160,,Russia,RU,"Россия, Москва / Санкт-Петербург",,8,,16,160,NVMe,3,3000,3000,RUB,month,35.55,false,true,MIR; VISA; Mastercard; SBP; YooMoney; Bank transfer,https://selectel.ru/services/cloud/vps-vds/,2026-09-22
vultr:vultr-vhf-2c-4gb-sao-sao-26,Vultr,High Frequency 2C-4G,,Brazil,BR,sao,,2,,4,128,,3,,36,USD,month,36,false,false,Mastercard; VISA; PayPal,https://www.vultr.com/pricing/,2026-08-30
vultr:vultr-vhp-2c-4gb-amd-sao-sao-40,Vultr,High Performance AMD 2C-4G,,Brazil,BR,sao,,2,,4,100,,5,,36,USD,month,36,false,false,Mastercard; VISA; PayPal,https://www.vultr.com/pricing/,2026-08-30
vultr:vultr-vhp-2c-4gb-intel-sao-sao-56,Vultr,High Performance Intel 2C-4G,,Brazil,BR,sao,,2,,4,100,,5,,36,USD,month,36,false,false,Mastercard; VISA; PayPal,https://www.vultr.com/pricing/,2026-08-30
hostingvds:hostingvds-hi-memory-vds-kvm-nvme-memory-32g-selectel-117,HostingVDS,MEMORY-32G,,Russia,RU,"Россия, Москва - Selectel",,8,,32,180,NVMe,10,10000,31.99,EUR,month,36.67,true,true,BNB; BTC; DAI; ETH; LTC; POL; SOL; TON; TRX; USDC; USDT; MIR; SBP,https://my.hosting-vds.com/order/memory-vds-kvm-nvme/18,2026-08-30
timeweb:timeweb-msk-100-row-4,TimeWEB,MSK 100,Cloud-100,Russia,RU,Россия-Москва; Россия-Санкт-Петербург,,8,,12,100,NVMe,,1000,3100,RUB,month,36.73,false,true,MIR; Mastercard; VISA; SberPay; SBP; YooMoney,https://timeweb.cloud/services/vds-vps,2026-08-30
netcup:netcup-vps-arm64-vps-6000-arm-g11-nuremberg-vienna-manassas-amsterdam-16,netcup,VPS 6000 ARM G11,,Austria,AT,Nuremberg/Vienna/Manassas/Amsterdam,,16,,48,1536,NVMe,unlimited,2500,32.21,EUR,month,36.92,false,false,Bank card; PayPal; SEPA; Bank transfer,https://www.netcup.com/en/server/arm-server,2026-08-30
netcup:netcup-vps-arm64-vps-6000-arm-g11-nuremberg-vienna-manassas-amsterdam-16,netcup,VPS 6000 ARM G11,,Germany,DE,Nuremberg/Vienna/Manassas/Amsterdam,,16,,48,1536,NVMe,unlimited,2500,32.21,EUR,month,36.92,false,false,Bank card; PayPal; SEPA; Bank transfer,https://www.netcup.com/en/server/arm-server,2026-08-30
netcup:netcup-vps-arm64-vps-6000-arm-g11-nuremberg-vienna-manassas-amsterdam-16,netcup,VPS 6000 ARM G11,,Netherlands,NL,Nuremberg/Vienna/Manassas/Amsterdam,,16,,48,1536,NVMe,unlimited,2500,32.21,EUR,month,36.92,false,false,Bank card; PayPal; SEPA; Bank transfer,https://www.netcup.com/en/server/arm-server,2026-08-30
netcup:netcup-vps-arm64-vps-6000-arm-g11-nuremberg-vienna-manassas-amsterdam-16,netcup,VPS 6000 ARM G11,,USA,US,Nuremberg/Vienna/Manassas/Amsterdam,,16,,48,1536,NVMe,unlimited,2500,32.21,EUR,month,36.92,false,false,Bank card; PayPal; SEPA; Bank transfer,https://www.netcup.com/en/server/arm-server,2026-08-30
netcup:netcup-vps-x86-vps-4000-g12-nuremberg-vienna-amsterdam-manassas-singapore-no-preference-europe-10,netcup,VPS 4000 G12,,Austria,AT,Nuremberg/Vienna/Amsterdam/Manassas/Singapore/No preference Europe,,12,,32,1024,NVMe,unlimited,2500,32.41,EUR,month,37.15,false,false,Bank card; PayPal; SEPA; Bank transfer,https://www.netcup.com/en/server/vps,2026-08-30
netcup:netcup-vps-x86-vps-4000-g12-nuremberg-vienna-amsterdam-manassas-singapore-no-preference-europe-10,netcup,VPS 4000 G12,,Germany,DE,Nuremberg/Vienna/Amsterdam/Manassas/Singapore/No preference Europe,,12,,32,1024,NVMe,unlimited,2500,32.41,EUR,month,37.15,false,false,Bank card; PayPal; SEPA; Bank transfer,https://www.netcup.com/en/server/vps,2026-08-30
netcup:netcup-vps-x86-vps-4000-g12-nuremberg-vienna-amsterdam-manassas-singapore-no-preference-europe-10,netcup,VPS 4000 G12,,Netherlands,NL,Nuremberg/Vienna/Amsterdam/Manassas/Singapore/No preference Europe,,12,,32,1024,NVMe,unlimited,2500,32.41,EUR,month,37.15,false,false,Bank card; PayPal; SEPA; Bank transfer,https://www.netcup.com/en/server/vps,2026-08-30
netcup:netcup-vps-x86-vps-4000-g12-nuremberg-vienna-amsterdam-manassas-singapore-no-preference-europe-10,netcup,VPS 4000 G12,,Singapore,SG,Nuremberg/Vienna/Amsterdam/Manassas/Singapore/No preference Europe,,12,,32,1024,NVMe,unlimited,2500,32.41,EUR,month,37.15,false,false,Bank card; PayPal; SEPA; Bank transfer,https://www.netcup.com/en/server/vps,2026-08-30
netcup:netcup-vps-x86-vps-4000-g12-nuremberg-vienna-amsterdam-manassas-singapore-no-preference-europe-10,netcup,VPS 4000 G12,,USA,US,Nuremberg/Vienna/Amsterdam/Manassas/Singapore/No preference Europe,,12,,32,1024,NVMe,unlimited,2500,32.41,EUR,month,37.15,false,false,Bank card; PayPal; SEPA; Bank transfer,https://www.netcup.com/en/server/vps,2026-08-30
timeweb:timeweb-high-msk-2-4-50-row-9,TimeWEB,High MSK 2/4/50,,Russia,RU,Россия-Москва,,2,,4,50,NVMe,,1000,3170,RUB,month,37.56,false,true,MIR; Mastercard; VISA; SberPay; SBP; YooMoney,https://timeweb.cloud/services/vds-vps,2026-08-30
spacecore:spacecore-de-h50-germany-5,Spacecore,DE H50,,Germany,DE,Germany,,12,,16,100,SSD,20,5000,32.9,EUR,month,37.71,true,true,ADA; ARB; BCH; BNB; BTC; DAI; DOGE; ETH; IMX; LTC; POL; SHIB; SOL; TON; TRX; USDC; USDT; XLM; XRP; MIR; Mastercard; VISA; SEPA; SBP; PayPal,https://spacecore.pro/en/virtual-servers/,2026-08-30
spacecore:spacecore-de-h50-germany-5,Spacecore,NL H50,,Netherlands,NL,Netherlands,,12,,16,100,SSD,20,5000,32.9,EUR,month,37.71,true,true,ADA; ARB; BCH; BNB; BTC; DAI; DOGE; ETH; IMX; LTC; POL; SHIB; SOL; TON; TRX; USDC; USDT; XLM; XRP; MIR; Mastercard; VISA; SEPA; SBP; PayPal,https://spacecore.pro/en/virtual-servers/,2026-08-30
zomro:zomro-zomro-basic-edge-netherlands-16,Zomro,Basic Edge,,Germany,DE,Germany,,6,,15,100,,6,,32.95,EUR,month,37.77,true,true,BNB; BTC; ETH; SOL; TON; USDC; USDT; MIR; Mastercard; VISA; SBP; PayPal,https://zomro.com/vps/basic,2026-08-30
zomro:zomro-zomro-cheap-titan-netherlands-4,Zomro,Cheap Titan,,Netherlands,NL,Netherlands,,4,,28,160,,4,,32.95,EUR,month,37.77,true,true,BNB; BTC; ETH; SOL; TON; USDC; USDT; MIR; Mastercard; VISA; SBP; PayPal,https://zomro.com/cheap-vps,2026-08-30
zomro:zomro-zomro-basic-edge-netherlands-16,Zomro,Basic Edge,,Netherlands,NL,Netherlands,,6,,15,100,,6,,32.95,EUR,month,37.77,true,true,BNB; BTC; ETH; SOL; TON; USDC; USDT; MIR; Mastercard; VISA; SBP; PayPal,https://zomro.com/vps/basic,2026-08-30
zomro:zomro-zomro-storage-aet-netherlands-63,Zomro,Storage Aet,,Netherlands,NL,Netherlands,,2,,10,500,,2,,32.95,EUR,month,37.77,true,true,BNB; BTC; ETH; SOL; TON; USDC; USDT; MIR; Mastercard; VISA; SBP; PayPal,https://zomro.com/big_vds,2026-08-30
zomro:zomro-zomro-basic-edge-netherlands-16,Zomro,Basic Edge,,USA,US,USA,,6,,15,100,,6,,32.95,EUR,month,37.77,true,true,BNB; BTC; ETH; SOL; TON; USDC; USDT; MIR; Mastercard; VISA; SBP; PayPal,https://zomro.com/vps/basic,2026-08-30
firstbyte:firstbyte-msk-highmem-kvm-ssd-6-row-17,Firstbyte,MSK-highmem-KVM-SSD-6,,Russia,RU,"Россия, Москва",,5,,64,90,SSD,12,200,3199,RUB,month,37.9,true,true,BNB; BTC; DOGE; ETH; LTC; SOL; TON; TRX; USDT; MIR; Mastercard; VISA; SBP; PayPal; YooMoney,https://firstbyte.ru/vps-vds/kvm-ssd/,2026-08-30
firstbyte:firstbyte-msk-highmem-kvm-sas-6-row-91,Firstbyte,MSK-highmem-KVM-SAS-6,,Russia,RU,"Россия, Москва",,5,,64,180,SAS+SSD,unlimited,,3199,RUB,month,37.9,true,true,BNB; BTC; DOGE; ETH; LTC; SOL; TON; TRX; USDT; MIR; Mastercard; VISA; SBP; PayPal; YooMoney,https://firstbyte.ru/vps-vds/kvm-sas/,2026-08-30
firstbyte:firstbyte-msk-highmem-kvm-ssd-6-row-122,Firstbyte,MSK-highmem-KVM-SSD-6,,Russia,RU,"Россия, Москва",,5,,64,90,SSD,unlimited,,3199,RUB,month,37.9,true,true,BNB; BTC; DOGE; ETH; LTC; SOL; TON; TRX; USDT; MIR; Mastercard; VISA; SBP; PayPal; YooMoney,https://firstbyte.ru/vps-vds/windows/,2026-08-30
waicore:waicore-amd-epyc-9454-ep3-germany-frankfurt-am-main-3,WAICORE,EP3,,Germany,DE,"Germany, Frankfurt am Main",,4,,8,120,,50,2500,3200,RUB,month,37.92,,,,https://waicore.com/prices?tab=virtual,2026-08-30
smartape:smartape-linux-nvme-nvme-x8-160gb-datapro-moscow-i-ru-53,SmartApe,NVMe X8 · 160 GB,,Czech Republic,CZ,Host-Telecom (CZ),Linux; Windows,8,,8,160,NVMe,unlimited,200,3220,RUB,month,38.15,true,true,BNB; BTC; DOGE; ETH; HUMO; JCB; LTC; SOL; TRX; USDC; APRA; MIR; Mastercard; VISA; PayPal,https://www.smartape.ru/ssd-vps,2026-08-30
smartape:smartape-linux-nvme-nvme-x8-160gb-datapro-moscow-i-ru-53,SmartApe,NVMe X8 · 160 GB,,Israel,IL,Partner Group (IL),Linux; Windows,8,,8,160,NVMe,unlimited,200,3220,RUB,month,38.15,true,true,BNB; BTC; DOGE; ETH; HUMO; JCB; LTC; SOL; TRX; USDC; APRA; MIR; Mastercard; VISA; PayPal,https://www.smartape.ru/ssd-vps,2026-08-30
smartape:smartape-linux-nvme-nvme-x8-160gb-datapro-moscow-i-ru-53,SmartApe,NVMe X8 · 160 GB,,Russia,RU,DataPro Moscow I (RU),Linux; Windows,8,,8,160,NVMe,unlimited,200,3220,RUB,month,38.15,true,true,BNB; BTC; DOGE; ETH; HUMO; JCB; LTC; SOL; TRX; USDC; APRA; MIR; Mastercard; VISA; PayPal,https://www.smartape.ru/ssd-vps,2026-08-30
selectel:selectel-selectel-highfreq-2vcpu-4gb-60nvme-row-27,Selectel,HighFreq 2C-4G-60G,,Russia,RU,"Россия, Москва / Санкт-Петербург",,2,,4,60,NVMe,3,3000,3229.05,RUB,month,38.26,false,true,MIR; VISA; Mastercard; SBP; YooMoney; Bank transfer,https://selectel.ru/prices/calculator/,2026-09-22
aeza:aeza-413-18-vienna-18,Aeza,VIE-3,,Austria,AT,18-VIENNA,,4,,8,120,,unlimited,1000,33.94,EUR,month,38.91,true,true,BNB; BTC; ETH; LTC; SOL; TON; TRX; USDT; MIR; Mastercard; VISA,https://aeza.net/ru/virtual-servers,2026-08-30
aeza:aeza-413-18-vienna-18,Aeza,HEL-3,,Finland,FI,34-HELSINKI,,4,,8,120,,unlimited,1000,33.94,EUR,month,38.91,true,true,BNB; BTC; ETH; LTC; SOL; TON; TRX; USDT; MIR; Mastercard; VISA,https://aeza.net/ru/virtual-servers,2026-08-30
aeza:aeza-403-40-paris-48,Aeza,PAR-3,,France,FR,40-PARIS,,4,,8,120,,,1000,33.94,EUR,month,38.91,true,true,BNB; BTC; ETH; LTC; SOL; TON; TRX; USDT; MIR; Mastercard; VISA,https://aeza.net/ru/virtual-servers,2026-08-30
aeza:aeza-150-17-moscow-3,Aeza,MSK-3,SPB-3,Russia,RU,17-MOSCOW; 65-SAINT-PETERSBURG,,4,,8,120,,unlimited,25000,33.94,EUR,month,38.91,true,true,BNB; BTC; ETH; LTC; SOL; TON; TRX; USDT; MIR; Mastercard; VISA,https://aeza.net/ru/virtual-servers,2026-08-30
aeza:aeza-413-18-vienna-18,Aeza,SWE-3,,Sweden,SE,37-STOCKHOLM,,4,,8,120,,unlimited,1000,33.94,EUR,month,38.91,true,true,BNB; BTC; ETH; LTC; SOL; TON; TRX; USDT; MIR; Mastercard; VISA,https://aeza.net/ru/virtual-servers,2026-08-30
aeza:aeza-387-51-london-53,Aeza,LNDs-3,,United Kingdom,GB,51-LONDON,,4,,8,120,,unlimited,1000,34.06,EUR,month,39.04,true,true,BNB; BTC; ETH; LTC; SOL; TON; TRX; USDT; MIR; Mastercard; VISA,https://aeza.net/ru/virtual-servers,2026-08-30
datacheap:datacheap-vps-ultimate-nvme-row-6,DataCheap,VPS Ultimate NVMe,,Russia,RU,"Россия, Москва",,8,,16,120,NVMe,unlimited,10000,3360,RUB,month,39.81,false,true,Bank card; SBP; PayPal; Bank transfer,https://datacheap.ru/services/arenda-vps-vds-serverov/,2026-08-30
datacheap:datacheap-hi-cpu-professional-nvme-row-11,DataCheap,HI-CPU Professional NVMe,,Russia,RU,"Россия, Москва",,8,,8,120,NVMe,unlimited,10000,3360,RUB,month,39.81,false,true,Bank card; SBP; PayPal; Bank transfer,https://datacheap.ru/services/arenda-vps-vds-serverov/,2026-08-30
vultr:vultr-vc2-4c-8gb-ewr-ord-dfw-sea-lax-atl-ams-lhr-fra-sjc-syd-yto-cdg-nrt-waw-mad-icn-mia-sgp-sto-mex-mel-bom-jnb-tlv-blr-del-scl-itm-man-11,Vultr,Cloud Compute 4C-8G,,Australia,AU,"ewr, ord, dfw, sea, lax, atl, ams, lhr, fra, sjc, syd, yto, cdg, nrt, waw, mad, icn, mia, sgp, sto, mex, mel, bom, jnb, tlv, blr, del, scl, itm, man",,4,,8,160,SSD,4,,40,USD,month,40,false,false,Mastercard; VISA; PayPal,https://www.vultr.com/pricing/,2026-08-30
vultr:vultr-vc2-4c-8gb-ewr-ord-dfw-sea-lax-atl-ams-lhr-fra-sjc-syd-yto-cdg-nrt-waw-mad-icn-mia-sgp-sto-mex-mel-bom-jnb-tlv-blr-del-scl-itm-man-11,Vultr,Cloud Compute 4C-8G,,Canada,CA,"ewr, ord, dfw, sea, lax, atl, ams, lhr, fra, sjc, syd, yto, cdg, nrt, waw, mad, icn, mia, sgp, sto, mex, mel, bom, jnb, tlv, blr, del, scl, itm, man",,4,,8,160,SSD,4,,40,USD,month,40,false,false,Mastercard; VISA; PayPal,https://www.vultr.com/pricing/,2026-08-30
vultr:vultr-vc2-4c-8gb-ewr-ord-dfw-sea-lax-atl-ams-lhr-fra-sjc-syd-yto-cdg-nrt-waw-mad-icn-mia-sgp-sto-mex-mel-bom-jnb-tlv-blr-del-scl-itm-man-11,Vultr,Cloud Compute 4C-8G,,Chile,CL,"ewr, ord, dfw, sea, lax, atl, ams, lhr, fra, sjc, syd, yto, cdg, nrt, waw, mad, icn, mia, sgp, sto, mex, mel, bom, jnb, tlv, blr, del, scl, itm, man",,4,,8,160,SSD,4,,40,USD,month,40,false,false,Mastercard; VISA; PayPal,https://www.vultr.com/pricing/,2026-08-30
vultr:vultr-vc2-4c-8gb-ewr-ord-dfw-sea-lax-atl-ams-lhr-fra-sjc-syd-yto-cdg-nrt-waw-mad-icn-mia-sgp-sto-mex-mel-bom-jnb-tlv-blr-del-scl-itm-man-11,Vultr,Cloud Compute 4C-8G,,France,FR,"ewr, ord, dfw, sea, lax, atl, ams, lhr, fra, sjc, syd, yto, cdg, nrt, waw, mad, icn, mia, sgp, sto, mex, mel, bom, jnb, tlv, blr, del, scl, itm, man",,4,,8,160,SSD,4,,40,USD,month,40,false,false,Mastercard; VISA; PayPal,https://www.vultr.com/pricing/,2026-08-30
vultr:vultr-vc2-4c-8gb-ewr-ord-dfw-sea-lax-atl-ams-lhr-fra-sjc-syd-yto-cdg-nrt-waw-mad-icn-mia-sgp-sto-mex-mel-bom-jnb-tlv-blr-del-scl-itm-man-11,Vultr,Cloud Compute 4C-8G,,Germany,DE,"ewr, ord, dfw, sea, lax, atl, ams, lhr, fra, sjc, syd, yto, cdg, nrt, waw, mad, icn, mia, sgp, sto, mex, mel, bom, jnb, tlv, blr, del, scl, itm, man",,4,,8,160,SSD,4,,40,USD,month,40,false,false,Mastercard; VISA; PayPal,https://www.vultr.com/pricing/,2026-08-30
vultr:vultr-vc2-4c-8gb-ewr-ord-dfw-sea-lax-atl-ams-lhr-fra-sjc-syd-yto-cdg-nrt-waw-mad-icn-mia-sgp-sto-mex-mel-bom-jnb-tlv-blr-del-scl-itm-man-11,Vultr,Cloud Compute 4C-8G,,India,IN,"ewr, ord, dfw, sea, lax, atl, ams, lhr, fra, sjc, syd, yto, cdg, nrt, waw, mad, icn, mia, sgp, sto, mex, mel, bom, jnb, tlv, blr, del, scl, itm, man",,4,,8,160,SSD,4,,40,USD,month,40,false,false,Mastercard; VISA; PayPal,https://www.vultr.com/pricing/,2026-08-30
vultr:vultr-vc2-4c-8gb-ewr-ord-dfw-sea-lax-atl-ams-lhr-fra-sjc-syd-yto-cdg-nrt-waw-mad-icn-mia-sgp-sto-mex-mel-bom-jnb-tlv-blr-del-scl-itm-man-11,Vultr,Cloud Compute 4C-8G,,Israel,IL,"ewr, ord, dfw, sea, lax, atl, ams, lhr, fra, sjc, syd, yto, cdg, nrt, waw, mad, icn, mia, sgp, sto, mex, mel, bom, jnb, tlv, blr, del, scl, itm, man",,4,,8,160,SSD,4,,40,USD,month,40,false,false,Mastercard; VISA; PayPal,https://www.vultr.com/pricing/,2026-08-30
vultr:vultr-vc2-4c-8gb-ewr-ord-dfw-sea-lax-atl-ams-lhr-fra-sjc-syd-yto-cdg-nrt-waw-mad-icn-mia-sgp-sto-mex-mel-bom-jnb-tlv-blr-del-scl-itm-man-11,Vultr,Cloud Compute 4C-8G,,Japan,JP,"ewr, ord, dfw, sea, lax, atl, ams, lhr, fra, sjc, syd, yto, cdg, nrt, waw, mad, icn, mia, sgp, sto, mex, mel, bom, jnb, tlv, blr, del, scl, itm, man",,4,,8,160,SSD,4,,40,USD,month,40,false,false,Mastercard; VISA; PayPal,https://www.vultr.com/pricing/,2026-08-30
vultr:vultr-vc2-4c-8gb-ewr-ord-dfw-sea-lax-atl-ams-lhr-fra-sjc-syd-yto-cdg-nrt-waw-mad-icn-mia-sgp-sto-mex-mel-bom-jnb-tlv-blr-del-scl-itm-man-11,Vultr,Cloud Compute 4C-8G,,Mexico,MX,"ewr, ord, dfw, sea, lax, atl, ams, lhr, fra, sjc, syd, yto, cdg, nrt, waw, mad, icn, mia, sgp, sto, mex, mel, bom, jnb, tlv, blr, del, scl, itm, man",,4,,8,160,SSD,4,,40,USD,month,40,false,false,Mastercard; VISA; PayPal,https://www.vultr.com/pricing/,2026-08-30
vultr:vultr-vc2-4c-8gb-ewr-ord-dfw-sea-lax-atl-ams-lhr-fra-sjc-syd-yto-cdg-nrt-waw-mad-icn-mia-sgp-sto-mex-mel-bom-jnb-tlv-blr-del-scl-itm-man-11,Vultr,Cloud Compute 4C-8G,,Netherlands,NL,"ewr, ord, dfw, sea, lax, atl, ams, lhr, fra, sjc, syd, yto, cdg, nrt, waw, mad, icn, mia, sgp, sto, mex, mel, bom, jnb, tlv, blr, del, scl, itm, man",,4,,8,160,SSD,4,,40,USD,month,40,false,false,Mastercard; VISA; PayPal,https://www.vultr.com/pricing/,2026-08-30
vultr:vultr-vc2-4c-8gb-ewr-ord-dfw-sea-lax-atl-ams-lhr-fra-sjc-syd-yto-cdg-nrt-waw-mad-icn-mia-sgp-sto-mex-mel-bom-jnb-tlv-blr-del-scl-itm-man-11,Vultr,Cloud Compute 4C-8G,,Poland,PL,"ewr, ord, dfw, sea, lax, atl, ams, lhr, fra, sjc, syd, yto, cdg, nrt, waw, mad, icn, mia, sgp, sto, mex, mel, bom, jnb, tlv, blr, del, scl, itm, man",,4,,8,160,SSD,4,,40,USD,month,40,false,false,Mastercard; VISA; PayPal,https://www.vultr.com/pricing/,2026-08-30
vultr:vultr-vc2-4c-8gb-ewr-ord-dfw-sea-lax-atl-ams-lhr-fra-sjc-syd-yto-cdg-nrt-waw-mad-icn-mia-sgp-sto-mex-mel-bom-jnb-tlv-blr-del-scl-itm-man-11,Vultr,Cloud Compute 4C-8G,,Singapore,SG,"ewr, ord, dfw, sea, lax, atl, ams, lhr, fra, sjc, syd, yto, cdg, nrt, waw, mad, icn, mia, sgp, sto, mex, mel, bom, jnb, tlv, blr, del, scl, itm, man",,4,,8,160,SSD,4,,40,USD,month,40,false,false,Mastercard; VISA; PayPal,https://www.vultr.com/pricing/,2026-08-30
vultr:vultr-vc2-4c-8gb-ewr-ord-dfw-sea-lax-atl-ams-lhr-fra-sjc-syd-yto-cdg-nrt-waw-mad-icn-mia-sgp-sto-mex-mel-bom-jnb-tlv-blr-del-scl-itm-man-11,Vultr,Cloud Compute 4C-8G,,South Africa,ZA,"ewr, ord, dfw, sea, lax, atl, ams, lhr, fra, sjc, syd, yto, cdg, nrt, waw, mad, icn, mia, sgp, sto, mex, mel, bom, jnb, tlv, blr, del, scl, itm, man",,4,,8,160,SSD,4,,40,USD,month,40,false,false,Mastercard; VISA; PayPal,https://www.vultr.com/pricing/,2026-08-30
vultr:vultr-vc2-4c-8gb-ewr-ord-dfw-sea-lax-atl-ams-lhr-fra-sjc-syd-yto-cdg-nrt-waw-mad-icn-mia-sgp-sto-mex-mel-bom-jnb-tlv-blr-del-scl-itm-man-11,Vultr,Cloud Compute 4C-8G,,South Korea,KR,"ewr, ord, dfw, sea, lax, atl, ams, lhr, fra, sjc, syd, yto, cdg, nrt, waw, mad, icn, mia, sgp, sto, mex, mel, bom, jnb, tlv, blr, del, scl, itm, man",,4,,8,160,SSD,4,,40,USD,month,40,false,false,Mastercard; VISA; PayPal,https://www.vultr.com/pricing/,2026-08-30
vultr:vultr-vc2-4c-8gb-ewr-ord-dfw-sea-lax-atl-ams-lhr-fra-sjc-syd-yto-cdg-nrt-waw-mad-icn-mia-sgp-sto-mex-mel-bom-jnb-tlv-blr-del-scl-itm-man-11,Vultr,Cloud Compute 4C-8G,,Spain,ES,"ewr, ord, dfw, sea, lax, atl, ams, lhr, fra, sjc, syd, yto, cdg, nrt, waw, mad, icn, mia, sgp, sto, mex, mel, bom, jnb, tlv, blr, del, scl, itm, man",,4,,8,160,SSD,4,,40,USD,month,40,false,false,Mastercard; VISA; PayPal,https://www.vultr.com/pricing/,2026-08-30
vultr:vultr-vc2-4c-8gb-ewr-ord-dfw-sea-lax-atl-ams-lhr-fra-sjc-syd-yto-cdg-nrt-waw-mad-icn-mia-sgp-sto-mex-mel-bom-jnb-tlv-blr-del-scl-itm-man-11,Vultr,Cloud Compute 4C-8G,,Sweden,SE,"ewr, ord, dfw, sea, lax, atl, ams, lhr, fra, sjc, syd, yto, cdg, nrt, waw, mad, icn, mia, sgp, sto, mex, mel, bom, jnb, tlv, blr, del, scl, itm, man",,4,,8,160,SSD,4,,40,USD,month,40,false,false,Mastercard; VISA; PayPal,https://www.vultr.com/pricing/,2026-08-30
vultr:vultr-vc2-4c-8gb-ewr-ord-dfw-sea-lax-atl-ams-lhr-fra-sjc-syd-yto-cdg-nrt-waw-mad-icn-mia-sgp-sto-mex-mel-bom-jnb-tlv-blr-del-scl-itm-man-11,Vultr,Cloud Compute 4C-8G,,United Kingdom,GB,"ewr, ord, dfw, sea, lax, atl, ams, lhr, fra, sjc, syd, yto, cdg, nrt, waw, mad, icn, mia, sgp, sto, mex, mel, bom, jnb, tlv, blr, del, scl, itm, man",,4,,8,160,SSD,4,,40,USD,month,40,false,false,Mastercard; VISA; PayPal,https://www.vultr.com/pricing/,2026-08-30
vultr:vultr-vc2-4c-8gb-ewr-ord-dfw-sea-lax-atl-ams-lhr-fra-sjc-syd-yto-cdg-nrt-waw-mad-icn-mia-sgp-sto-mex-mel-bom-jnb-tlv-blr-del-scl-itm-man-11,Vultr,Cloud Compute 4C-8G,,USA,US,"ewr, ord, dfw, sea, lax, atl, ams, lhr, fra, sjc, syd, yto, cdg, nrt, waw, mad, icn, mia, sgp, sto, mex, mel, bom, jnb, tlv, blr, del, scl, itm, man",,4,,8,160,SSD,4,,40,USD,month,40,false,false,Mastercard; VISA; PayPal,https://www.vultr.com/pricing/,2026-08-30
hostingvds:hostingvds-vds-kvm-nvme-amd-hi-cpu-16g-row-128,HostingVDS,Hi-CPU-16G,,Russia,RU,"Россия, Москва",,6,,16,180,NVMe,13,10000,35,EUR,month,40.12,true,true,BNB; BTC; DAI; ETH; LTC; POL; SOL; TON; TRX; USDC; USDT; MIR; SBP,https://my.hosting-vds.com/order/performance-vds-amd-epyc/34,2026-08-30
1cent-host:1cent-host-159-ee-29,1cent.host,EE-4,,Estonia,EE,EE,,8,,16,200,NVMe,,10000,3490,RUB,month,41.35,,,,https://1cent.host/,2026-08-30
1cent-host:1cent-host-46-de-5,1cent.host,DE-4,,Germany,DE,DE,,8,,16,200,NVMe,,10000,3490,RUB,month,41.35,,,,https://1cent.host/,2026-08-30
1cent-host:1cent-host-46-de-5,1cent.host,NL-4,,Netherlands,NL,NL,,8,,16,200,NVMe,,10000,3490,RUB,month,41.35,,,,https://1cent.host/,2026-08-30
1cent-host:1cent-host-46-de-5,1cent.host,SE-4,,Sweden,SE,SE,,8,,16,200,NVMe,,10000,3490,RUB,month,41.35,,,,https://1cent.host/,2026-08-30
hostkey:hostkey-vm-v3-heavy-nl-fi-gb-es-it-us-fr-pl-ch-is-19,HOSTKEY,vm.v3-heavy,,Finland,FI,"NL, FI, GB, ES, IT, US, FR, PL, CH, IS",,8,,32,240,NVMe,3,1000,36.43,EUR,month,41.76,true,false,VISA; Mastercard; American Express; UnionPay; PayPal; Alipay; WebMoney; BTC; Bank transfer,https://hostkey.com/vps/,2026-09-24
hostkey:hostkey-vm-v3-heavy-nl-fi-gb-es-it-us-fr-pl-ch-is-19,HOSTKEY,vm.v3-heavy,,France,FR,"NL, FI, GB, ES, IT, US, FR, PL, CH, IS",,8,,32,240,NVMe,3,1000,36.43,EUR,month,41.76,true,false,VISA; Mastercard; American Express; UnionPay; PayPal; Alipay; WebMoney; BTC; Bank transfer,https://hostkey.com/vps/,2026-09-24
hostkey:hostkey-vm-v3-heavy-nl-fi-gb-es-it-us-fr-pl-ch-is-19,HOSTKEY,vm.v3-heavy,,Italy,IT,"NL, FI, GB, ES, IT, US, FR, PL, CH, IS",,8,,32,240,NVMe,3,1000,36.43,EUR,month,41.76,true,false,VISA; Mastercard; American Express; UnionPay; PayPal; Alipay; WebMoney; BTC; Bank transfer,https://hostkey.com/vps/,2026-09-24
hostkey:hostkey-vm-v3-heavy-nl-fi-gb-es-it-us-fr-pl-ch-is-19,HOSTKEY,vm.v3-heavy,,Netherlands,NL,"NL, FI, GB, ES, IT, US, FR, PL, CH, IS",,8,,32,240,NVMe,3,1000,36.43,EUR,month,41.76,true,false,VISA; Mastercard; American Express; UnionPay; PayPal; Alipay; WebMoney; BTC; Bank transfer,https://hostkey.com/vps/,2026-09-24
hostkey:hostkey-vm-v3-heavy-nl-fi-gb-es-it-us-fr-pl-ch-is-19,HOSTKEY,vm.v3-heavy,,Poland,PL,"NL, FI, GB, ES, IT, US, FR, PL, CH, IS",,8,,32,240,NVMe,3,1000,36.43,EUR,month,41.76,true,false,VISA; Mastercard; American Express; UnionPay; PayPal; Alipay; WebMoney; BTC; Bank transfer,https://hostkey.com/vps/,2026-09-24
hostkey:hostkey-vm-v3-heavy-nl-fi-gb-es-it-us-fr-pl-ch-is-19,HOSTKEY,vm.v3-heavy,,Spain,ES,"NL, FI, GB, ES, IT, US, FR, PL, CH, IS",,8,,32,240,NVMe,3,1000,36.43,EUR,month,41.76,true,false,VISA; Mastercard; American Express; UnionPay; PayPal; Alipay; WebMoney; BTC; Bank transfer,https://hostkey.com/vps/,2026-09-24
hostkey:hostkey-vm-v3-heavy-nl-fi-gb-es-it-us-fr-pl-ch-is-19,HOSTKEY,vm.v3-heavy,,Switzerland,CH,"NL, FI, GB, ES, IT, US, FR, PL, CH, IS",,8,,32,240,NVMe,3,1000,36.43,EUR,month,41.76,true,false,VISA; Mastercard; American Express; UnionPay; PayPal; Alipay; WebMoney; BTC; Bank transfer,https://hostkey.com/vps/,2026-09-24
hostkey:hostkey-vm-v3-heavy-nl-fi-gb-es-it-us-fr-pl-ch-is-19,HOSTKEY,vm.v3-heavy,,United Kingdom,GB,"NL, FI, GB, ES, IT, US, FR, PL, CH, IS",,8,,32,240,NVMe,3,1000,36.43,EUR,month,41.76,true,false,VISA; Mastercard; American Express; UnionPay; PayPal; Alipay; WebMoney; BTC; Bank transfer,https://hostkey.com/vps/,2026-09-24
hostkey:hostkey-vm-v3-heavy-nl-fi-gb-es-it-us-fr-pl-ch-is-19,HOSTKEY,vm.v3-heavy,,USA,US,"NL, FI, GB, ES, IT, US, FR, PL, CH, IS",,8,,32,240,NVMe,3,1000,36.43,EUR,month,41.76,true,false,VISA; Mastercard; American Express; UnionPay; PayPal; Alipay; WebMoney; BTC; Bank transfer,https://hostkey.com/vps/,2026-09-24
selectel:selectel-selectel-highfreq-1vcpu-8gb-240nvme-row-26,Selectel,HighFreq 1C-8G-240G,,Russia,RU,"Россия, Москва / Санкт-Петербург",,1,,8,240,NVMe,3,3000,3540.94,RUB,month,41.96,false,true,MIR; VISA; Mastercard; SBP; YooMoney; Bank transfer,https://selectel.ru/prices/calculator/,2026-09-22
firstbyte:firstbyte-business-msk-kvm-sas-3-row-107,Firstbyte,Business MSK-KVM-SAS-3,,Russia,RU,"Россия, Москва",,4,,6,80,SAS,6,200,3599,RUB,month,42.64,true,true,BNB; BTC; DOGE; ETH; LTC; SOL; TON; TRX; USDT; MIR; Mastercard; VISA; SBP; PayPal; YooMoney,https://firstbyte.ru/vps-vds/kvm-business/,2026-08-30
beget:beget-standard-6-12-150-russia-saint-petersburg-6,Beget,Standard 6-12-150,,Russia,RU,"Russia, Saint Petersburg",,6,,12,150,NVMe,,1000,120,RUB,day,42.66,false,true,Bank card; SBP; YooMoney; Bank transfer,https://beget.com/ru/vps,2026-08-30
selectel:selectel-selectel-standard-2vcpu-8gb-64nvme-row-11,Selectel,Standard 2C-8G-64G,,Russia,RU,"Россия, Москва / Санкт-Петербург",,2,,8,64,NVMe,3,3000,3609.11,RUB,month,42.76,false,true,MIR; VISA; Mastercard; SBP; YooMoney; Bank transfer,https://selectel.ru/prices/calculator/,2026-09-22
zomro:zomro-zomro-premium-prime-poland-43,Zomro,Premium Prime,,Germany,DE,Germany,,6,,15,100,,6,1000,37.95,EUR,month,43.5,true,true,BNB; BTC; ETH; SOL; TON; USDC; USDT; MIR; Mastercard; VISA; SBP; PayPal,https://zomro.com/vps,2026-08-30
zomro:zomro-zomro-premium-prime-poland-43,Zomro,Premium Prime,,Netherlands,NL,Netherlands,,6,,15,100,,6,1000,37.95,EUR,month,43.5,true,true,BNB; BTC; ETH; SOL; TON; USDC; USDT; MIR; Mastercard; VISA; SBP; PayPal,https://zomro.com/vps,2026-08-30
zomro:zomro-zomro-premium-prime-poland-43,Zomro,Premium Prime,,Poland,PL,Poland,,6,,15,100,,6,1000,37.95,EUR,month,43.5,true,true,BNB; BTC; ETH; SOL; TON; USDC; USDT; MIR; Mastercard; VISA; SBP; PayPal,https://zomro.com/vps,2026-08-30
zomro:zomro-zomro-premium-prime-poland-43,Zomro,Premium Prime,,USA,US,USA,,6,,15,100,,6,1000,37.95,EUR,month,43.5,true,true,BNB; BTC; ETH; SOL; TON; USDC; USDT; MIR; Mastercard; VISA; SBP; PayPal,https://zomro.com/vps,2026-08-30
cherryservers:cherryservers-659-lt-siauliai-12,Cherry Servers,Cloud VPS 6,,Lithuania,LT,lt-siauliai,,6,,6,100,SSD,5,1000,39,EUR,month,44.71,true,false,Bank card; PayPal; Google Pay; Apple Pay; Alipay; Bank transfer; BTC; ETH; SOL; ADA; USDC; POL; BNB; LTC; DOGE; XRP; TRX; DAI; SHIB; BCH,https://www.cherryservers.com/pricing/virtual-servers/b1-6-6gb-100s-shared?region=lt-siauliai&billing=3&currency=EUR,2026-08-30
cherryservers:cherryservers-659-lt-siauliai-12,Cherry Servers,Cloud VPS 6,,Netherlands,NL,nl-amsterdam,,6,,6,100,SSD,5,1000,39,EUR,month,44.71,true,false,Bank card; PayPal; Google Pay; Apple Pay; Alipay; Bank transfer; BTC; ETH; SOL; ADA; USDC; POL; BNB; LTC; DOGE; XRP; TRX; DAI; SHIB; BCH,https://www.cherryservers.com/pricing/virtual-servers/b1-6-6gb-100s-shared?region=nl-amsterdam&billing=3&currency=EUR,2026-08-30
cherryservers:cherryservers-659-lt-siauliai-12,Cherry Servers,Cloud VPS 6,,USA,US,us-chicago,,6,,6,100,SSD,5,1000,39,EUR,month,44.71,true,false,Bank card; PayPal; Google Pay; Apple Pay; Alipay; Bank transfer; BTC; ETH; SOL; ADA; USDC; POL; BNB; LTC; DOGE; XRP; TRX; DAI; SHIB; BCH,https://www.cherryservers.com/pricing/virtual-servers/b1-6-6gb-100s-shared?region=us-chicago&billing=3&currency=EUR,2026-08-30
waicore:waicore-amd-epyc-9454-ispmanager-lite-isp-ep3-germany-frankfurt-am-main-8,WAICORE,ISP EP3 · ispmanager Lite,,Germany,DE,"Germany, Frankfurt am Main",,4,,8,120,,,2500,3849,RUB,month,45.61,,,,https://waicore.com/prices?tab=ispmanager,2026-08-30
spacecore:spacecore-de-u50-germany-15,Spacecore,DE U50,,Germany,DE,Germany,,8,,16,200,NVMe,20,5000,39.9,EUR,month,45.74,true,true,ADA; ARB; BCH; BNB; BTC; DAI; DOGE; ETH; IMX; LTC; POL; SHIB; SOL; TON; TRX; USDC; USDT; XLM; XRP; MIR; Mastercard; VISA; SEPA; SBP; PayPal,https://spacecore.pro/en/virtual-servers/,2026-08-30
spacecore:spacecore-nl-u50-netherlands-21,Spacecore,NL U50,,Netherlands,NL,Netherlands,,8,,16,200,NVMe,20,5000,39.9,EUR,month,45.74,true,true,ADA; ARB; BCH; BNB; BTC; DAI; DOGE; ETH; IMX; LTC; POL; SHIB; SOL; TON; TRX; USDC; USDT; XLM; XRP; MIR; Mastercard; VISA; SEPA; SBP; PayPal,https://spacecore.pro/en/virtual-servers/,2026-08-30
netcup:netcup-root-server-rs-4000-g12-nuremberg-vienna-manassas-singapore-no-preference-europe-faq-also-lists-amsterdam-20,netcup,RS 4000 G12,,Austria,AT,Nuremberg/Vienna/Manassas/Singapore/No preference Europe; FAQ also lists Amsterdam,,12,,32,1000,NVMe,unlimited,2500,39.92,EUR,month,45.76,false,false,Bank card; PayPal; SEPA; Bank transfer,https://www.netcup.com/en/server/root-server,2026-08-30
netcup:netcup-root-server-rs-4000-g12-nuremberg-vienna-manassas-singapore-no-preference-europe-faq-also-lists-amsterdam-20,netcup,RS 4000 G12,,Germany,DE,Nuremberg/Vienna/Manassas/Singapore/No preference Europe; FAQ also lists Amsterdam,,12,,32,1000,NVMe,unlimited,2500,39.92,EUR,month,45.76,false,false,Bank card; PayPal; SEPA; Bank transfer,https://www.netcup.com/en/server/root-server,2026-08-30
netcup:netcup-root-server-rs-4000-g12-nuremberg-vienna-manassas-singapore-no-preference-europe-faq-also-lists-amsterdam-20,netcup,RS 4000 G12,,Netherlands,NL,Nuremberg/Vienna/Manassas/Singapore/No preference Europe; FAQ also lists Amsterdam,,12,,32,1000,NVMe,unlimited,2500,39.92,EUR,month,45.76,false,false,Bank card; PayPal; SEPA; Bank transfer,https://www.netcup.com/en/server/root-server,2026-08-30
netcup:netcup-root-server-rs-4000-g12-nuremberg-vienna-manassas-singapore-no-preference-europe-faq-also-lists-amsterdam-20,netcup,RS 4000 G12,,Singapore,SG,Nuremberg/Vienna/Manassas/Singapore/No preference Europe; FAQ also lists Amsterdam,,12,,32,1000,NVMe,unlimited,2500,39.92,EUR,month,45.76,false,false,Bank card; PayPal; SEPA; Bank transfer,https://www.netcup.com/en/server/root-server,2026-08-30
netcup:netcup-root-server-rs-4000-g12-nuremberg-vienna-manassas-singapore-no-preference-europe-faq-also-lists-amsterdam-20,netcup,RS 4000 G12,,USA,US,Nuremberg/Vienna/Manassas/Singapore/No preference Europe; FAQ also lists Amsterdam,,12,,32,1000,NVMe,unlimited,2500,39.92,EUR,month,45.76,false,false,Bank card; PayPal; SEPA; Bank transfer,https://www.netcup.com/en/server/root-server,2026-08-30
netcup:netcup-vps-arm64-vps-8000-arm-g11-nuremberg-vienna-manassas-amsterdam-17,netcup,VPS 8000 ARM G11,,Austria,AT,Nuremberg/Vienna/Manassas/Amsterdam,,18,,64,2048,NVMe,unlimited,2500,39.98,EUR,month,45.83,false,false,Bank card; PayPal; SEPA; Bank transfer,https://www.netcup.com/en/server/arm-server,2026-08-30
netcup:netcup-vps-arm64-vps-8000-arm-g11-nuremberg-vienna-manassas-amsterdam-17,netcup,VPS 8000 ARM G11,,Germany,DE,Nuremberg/Vienna/Manassas/Amsterdam,,18,,64,2048,NVMe,unlimited,2500,39.98,EUR,month,45.83,false,false,Bank card; PayPal; SEPA; Bank transfer,https://www.netcup.com/en/server/arm-server,2026-08-30
netcup:netcup-vps-arm64-vps-8000-arm-g11-nuremberg-vienna-manassas-amsterdam-17,netcup,VPS 8000 ARM G11,,Netherlands,NL,Nuremberg/Vienna/Manassas/Amsterdam,,18,,64,2048,NVMe,unlimited,2500,39.98,EUR,month,45.83,false,false,Bank card; PayPal; SEPA; Bank transfer,https://www.netcup.com/en/server/arm-server,2026-08-30
netcup:netcup-vps-arm64-vps-8000-arm-g11-nuremberg-vienna-manassas-amsterdam-17,netcup,VPS 8000 ARM G11,,USA,US,Nuremberg/Vienna/Manassas/Amsterdam,,18,,64,2048,NVMe,unlimited,2500,39.98,EUR,month,45.83,false,false,Bank card; PayPal; SEPA; Bank transfer,https://www.netcup.com/en/server/arm-server,2026-08-30
mevspace:mevspace-gp-32-poland-4,MevSpace,GP-32,,Poland,PL,Poland,,8,,32,500,SSD,unlimited,1000,39.99,EUR,month,45.84,true,false,BCC; BCH; BTC; BUSD; DAI; DASH; DOGE; ETH; GUSD; LSK; LTC; SHIB; SOL; TRX; USDC; USDP; WBTC; XRP; ZEC; ZND; Mastercard; VISA; SEPA; PayPal,https://mevspace.com/vps-cloud?id=general-purpose,2026-08-30
aeza:aeza-249-62-moscow-72,Aeza,NAS-4,,Russia,RU,62-MOSCOW,,4,,4,4096,HDD,unlimited,10000,40,EUR,month,45.85,true,true,BNB; BTC; ETH; LTC; SOL; TON; TRX; USDT; MIR; Mastercard; VISA,https://aeza.net/ru/storage-vps,2026-08-30
hostingvds:hostingvds-hi-memory-vds-kvm-nvme-memory-40g-selectel-119,HostingVDS,MEMORY-40G,,Russia,RU,"Россия, Москва - Selectel",,10,,40,220,NVMe,14,10000,40.19,EUR,month,46.07,true,true,BNB; BTC; DAI; ETH; LTC; POL; SOL; TON; TRX; USDC; USDT; MIR; SBP,https://my.hosting-vds.com/order/memory-vds-kvm-nvme/18,2026-08-30
timeweb:timeweb-nsk-100-row-46,TimeWEB,NSK 100,,Russia,RU,Россия-Новосибирск,,8,,12,100,NVMe,,100,3970,RUB,month,47.04,false,true,MIR; Mastercard; VISA; SberPay; SBP; YooMoney,https://timeweb.cloud/services/vds-vps?location=ru-nsk,2026-08-30
firstbyte:firstbyte-msk-kvm-ssd-win-promo4-row-11,Firstbyte,MSK-KVM-SSD-WIN-PROMO4,,Russia,RU,"Россия, Москва",,3,,32,60,SSD,24,200,3999,RUB,month,47.38,true,true,BNB; BTC; DOGE; ETH; LTC; SOL; TON; TRX; USDT; MIR; Mastercard; VISA; SBP; PayPal; YooMoney,https://firstbyte.ru/vps-vds/kvm-ssd/,2026-08-30
firstbyte:firstbyte-msk-kvm-ssd-win-promo4-row-116,Firstbyte,MSK-KVM-SSD-WIN-PROMO4,,Russia,RU,"Россия, Москва",,3,,32,60,SSD,unlimited,,3999,RUB,month,47.38,true,true,BNB; BTC; DOGE; ETH; LTC; SOL; TON; TRX; USDT; MIR; Mastercard; VISA; SBP; PayPal; YooMoney,https://firstbyte.ru/vps-vds/windows/,2026-08-30
vultr:vultr-vhf-3c-8gb-ewr-ord-dfw-sea-lax-atl-ams-lhr-fra-sjc-syd-yto-cdg-nrt-waw-mad-icn-mia-sgp-sto-mex-mel-bom-tlv-blr-del-scl-itm-man-27,Vultr,High Frequency 3C-8G,,Australia,AU,"ewr, ord, dfw, sea, lax, atl, ams, lhr, fra, sjc, syd, yto, cdg, nrt, waw, mad, icn, mia, sgp, sto, mex, mel, bom, tlv, blr, del, scl, itm, man",,3,,8,256,,4,,48,USD,month,48,false,false,Mastercard; VISA; PayPal,https://www.vultr.com/pricing/,2026-08-30
vultr:vultr-vhp-4c-8gb-amd-ewr-ord-dfw-sea-lax-atl-ams-lhr-fra-sjc-syd-yto-cdg-nrt-waw-mad-icn-mia-sgp-sto-mex-mel-bom-jnb-tlv-blr-del-scl-itm-man-41,Vultr,High Performance AMD 4C-8G,,Australia,AU,"ewr, ord, dfw, sea, lax, atl, ams, lhr, fra, sjc, syd, yto, cdg, nrt, waw, mad, icn, mia, sgp, sto, mex, mel, bom, jnb, tlv, blr, del, scl, itm, man",,4,,8,180,,6,,48,USD,month,48,false,false,Mastercard; VISA; PayPal,https://www.vultr.com/pricing/,2026-08-30
vultr:vultr-vhp-4c-8gb-intel-ewr-ord-dfw-sea-lax-atl-ams-lhr-fra-sjc-syd-yto-cdg-nrt-waw-mad-icn-mia-sgp-sto-mex-mel-hnl-bom-jnb-tlv-blr-del-scl-itm-man-57,Vultr,High Performance Intel 4C-8G,,Australia,AU,"ewr, ord, dfw, sea, lax, atl, ams, lhr, fra, sjc, syd, yto, cdg, nrt, waw, mad, icn, mia, sgp, sto, mex, mel, hnl, bom, jnb, tlv, blr, del, scl, itm, man",,4,,8,180,,6,,48,USD,month,48,false,false,Mastercard; VISA; PayPal,https://www.vultr.com/pricing/,2026-08-30
vultr:vultr-vhf-3c-8gb-ewr-ord-dfw-sea-lax-atl-ams-lhr-fra-sjc-syd-yto-cdg-nrt-waw-mad-icn-mia-sgp-sto-mex-mel-bom-tlv-blr-del-scl-itm-man-27,Vultr,High Frequency 3C-8G,,Canada,CA,"ewr, ord, dfw, sea, lax, atl, ams, lhr, fra, sjc, syd, yto, cdg, nrt, waw, mad, icn, mia, sgp, sto, mex, mel, bom, tlv, blr, del, scl, itm, man",,3,,8,256,,4,,48,USD,month,48,false,false,Mastercard; VISA; PayPal,https://www.vultr.com/pricing/,2026-08-30
vultr:vultr-vhp-4c-8gb-amd-ewr-ord-dfw-sea-lax-atl-ams-lhr-fra-sjc-syd-yto-cdg-nrt-waw-mad-icn-mia-sgp-sto-mex-mel-bom-jnb-tlv-blr-del-scl-itm-man-41,Vultr,High Performance AMD 4C-8G,,Canada,CA,"ewr, ord, dfw, sea, lax, atl, ams, lhr, fra, sjc, syd, yto, cdg, nrt, waw, mad, icn, mia, sgp, sto, mex, mel, bom, jnb, tlv, blr, del, scl, itm, man",,4,,8,180,,6,,48,USD,month,48,false,false,Mastercard; VISA; PayPal,https://www.vultr.com/pricing/,2026-08-30
vultr:vultr-vhp-4c-8gb-intel-ewr-ord-dfw-sea-lax-atl-ams-lhr-fra-sjc-syd-yto-cdg-nrt-waw-mad-icn-mia-sgp-sto-mex-mel-hnl-bom-jnb-tlv-blr-del-scl-itm-man-57,Vultr,High Performance Intel 4C-8G,,Canada,CA,"ewr, ord, dfw, sea, lax, atl, ams, lhr, fra, sjc, syd, yto, cdg, nrt, waw, mad, icn, mia, sgp, sto, mex, mel, hnl, bom, jnb, tlv, blr, del, scl, itm, man",,4,,8,180,,6,,48,USD,month,48,false,false,Mastercard; VISA; PayPal,https://www.vultr.com/pricing/,2026-08-30
vultr:vultr-vhf-3c-8gb-ewr-ord-dfw-sea-lax-atl-ams-lhr-fra-sjc-syd-yto-cdg-nrt-waw-mad-icn-mia-sgp-sto-mex-mel-bom-tlv-blr-del-scl-itm-man-27,Vultr,High Frequency 3C-8G,,Chile,CL,"ewr, ord, dfw, sea, lax, atl, ams, lhr, fra, sjc, syd, yto, cdg, nrt, waw, mad, icn, mia, sgp, sto, mex, mel, bom, tlv, blr, del, scl, itm, man",,3,,8,256,,4,,48,USD,month,48,false,false,Mastercard; VISA; PayPal,https://www.vultr.com/pricing/,2026-08-30
vultr:vultr-vhp-4c-8gb-amd-ewr-ord-dfw-sea-lax-atl-ams-lhr-fra-sjc-syd-yto-cdg-nrt-waw-mad-icn-mia-sgp-sto-mex-mel-bom-jnb-tlv-blr-del-scl-itm-man-41,Vultr,High Performance AMD 4C-8G,,Chile,CL,"ewr, ord, dfw, sea, lax, atl, ams, lhr, fra, sjc, syd, yto, cdg, nrt, waw, mad, icn, mia, sgp, sto, mex, mel, bom, jnb, tlv, blr, del, scl, itm, man",,4,,8,180,,6,,48,USD,month,48,false,false,Mastercard; VISA; PayPal,https://www.vultr.com/pricing/,2026-08-30
vultr:vultr-vhp-4c-8gb-intel-ewr-ord-dfw-sea-lax-atl-ams-lhr-fra-sjc-syd-yto-cdg-nrt-waw-mad-icn-mia-sgp-sto-mex-mel-hnl-bom-jnb-tlv-blr-del-scl-itm-man-57,Vultr,High Performance Intel 4C-8G,,Chile,CL,"ewr, ord, dfw, sea, lax, atl, ams, lhr, fra, sjc, syd, yto, cdg, nrt, waw, mad, icn, mia, sgp, sto, mex, mel, hnl, bom, jnb, tlv, blr, del, scl, itm, man",,4,,8,180,,6,,48,USD,month,48,false,false,Mastercard; VISA; PayPal,https://www.vultr.com/pricing/,2026-08-30
vultr:vultr-vhf-3c-8gb-ewr-ord-dfw-sea-lax-atl-ams-lhr-fra-sjc-syd-yto-cdg-nrt-waw-mad-icn-mia-sgp-sto-mex-mel-bom-tlv-blr-del-scl-itm-man-27,Vultr,High Frequency 3C-8G,,France,FR,"ewr, ord, dfw, sea, lax, atl, ams, lhr, fra, sjc, syd, yto, cdg, nrt, waw, mad, icn, mia, sgp, sto, mex, mel, bom, tlv, blr, del, scl, itm, man",,3,,8,256,,4,,48,USD,month,48,false,false,Mastercard; VISA; PayPal,https://www.vultr.com/pricing/,2026-08-30
vultr:vultr-vhp-4c-8gb-amd-ewr-ord-dfw-sea-lax-atl-ams-lhr-fra-sjc-syd-yto-cdg-nrt-waw-mad-icn-mia-sgp-sto-mex-mel-bom-jnb-tlv-blr-del-scl-itm-man-41,Vultr,High Performance AMD 4C-8G,,France,FR,"ewr, ord, dfw, sea, lax, atl, ams, lhr, fra, sjc, syd, yto, cdg, nrt, waw, mad, icn, mia, sgp, sto, mex, mel, bom, jnb, tlv, blr, del, scl, itm, man",,4,,8,180,,6,,48,USD,month,48,false,false,Mastercard; VISA; PayPal,https://www.vultr.com/pricing/,2026-08-30
vultr:vultr-vhp-4c-8gb-intel-ewr-ord-dfw-sea-lax-atl-ams-lhr-fra-sjc-syd-yto-cdg-nrt-waw-mad-icn-mia-sgp-sto-mex-mel-hnl-bom-jnb-tlv-blr-del-scl-itm-man-57,Vultr,High Performance Intel 4C-8G,,France,FR,"ewr, ord, dfw, sea, lax, atl, ams, lhr, fra, sjc, syd, yto, cdg, nrt, waw, mad, icn, mia, sgp, sto, mex, mel, hnl, bom, jnb, tlv, blr, del, scl, itm, man",,4,,8,180,,6,,48,USD,month,48,false,false,Mastercard; VISA; PayPal,https://www.vultr.com/pricing/,2026-08-30
vultr:vultr-vhf-3c-8gb-ewr-ord-dfw-sea-lax-atl-ams-lhr-fra-sjc-syd-yto-cdg-nrt-waw-mad-icn-mia-sgp-sto-mex-mel-bom-tlv-blr-del-scl-itm-man-27,Vultr,High Frequency 3C-8G,,Germany,DE,"ewr, ord, dfw, sea, lax, atl, ams, lhr, fra, sjc, syd, yto, cdg, nrt, waw, mad, icn, mia, sgp, sto, mex, mel, bom, tlv, blr, del, scl, itm, man",,3,,8,256,,4,,48,USD,month,48,false,false,Mastercard; VISA; PayPal,https://www.vultr.com/pricing/,2026-08-30
vultr:vultr-vhp-4c-8gb-amd-ewr-ord-dfw-sea-lax-atl-ams-lhr-fra-sjc-syd-yto-cdg-nrt-waw-mad-icn-mia-sgp-sto-mex-mel-bom-jnb-tlv-blr-del-scl-itm-man-41,Vultr,High Performance AMD 4C-8G,,Germany,DE,"ewr, ord, dfw, sea, lax, atl, ams, lhr, fra, sjc, syd, yto, cdg, nrt, waw, mad, icn, mia, sgp, sto, mex, mel, bom, jnb, tlv, blr, del, scl, itm, man",,4,,8,180,,6,,48,USD,month,48,false,false,Mastercard; VISA; PayPal,https://www.vultr.com/pricing/,2026-08-30
vultr:vultr-vhp-4c-8gb-intel-ewr-ord-dfw-sea-lax-atl-ams-lhr-fra-sjc-syd-yto-cdg-nrt-waw-mad-icn-mia-sgp-sto-mex-mel-hnl-bom-jnb-tlv-blr-del-scl-itm-man-57,Vultr,High Performance Intel 4C-8G,,Germany,DE,"ewr, ord, dfw, sea, lax, atl, ams, lhr, fra, sjc, syd, yto, cdg, nrt, waw, mad, icn, mia, sgp, sto, mex, mel, hnl, bom, jnb, tlv, blr, del, scl, itm, man",,4,,8,180,,6,,48,USD,month,48,false,false,Mastercard; VISA; PayPal,https://www.vultr.com/pricing/,2026-08-30
vultr:vultr-vhf-3c-8gb-ewr-ord-dfw-sea-lax-atl-ams-lhr-fra-sjc-syd-yto-cdg-nrt-waw-mad-icn-mia-sgp-sto-mex-mel-bom-tlv-blr-del-scl-itm-man-27,Vultr,High Frequency 3C-8G,,India,IN,"ewr, ord, dfw, sea, lax, atl, ams, lhr, fra, sjc, syd, yto, cdg, nrt, waw, mad, icn, mia, sgp, sto, mex, mel, bom, tlv, blr, del, scl, itm, man",,3,,8,256,,4,,48,USD,month,48,false,false,Mastercard; VISA; PayPal,https://www.vultr.com/pricing/,2026-08-30
vultr:vultr-vhp-4c-8gb-amd-ewr-ord-dfw-sea-lax-atl-ams-lhr-fra-sjc-syd-yto-cdg-nrt-waw-mad-icn-mia-sgp-sto-mex-mel-bom-jnb-tlv-blr-del-scl-itm-man-41,Vultr,High Performance AMD 4C-8G,,India,IN,"ewr, ord, dfw, sea, lax, atl, ams, lhr, fra, sjc, syd, yto, cdg, nrt, waw, mad, icn, mia, sgp, sto, mex, mel, bom, jnb, tlv, blr, del, scl, itm, man",,4,,8,180,,6,,48,USD,month,48,false,false,Mastercard; VISA; PayPal,https://www.vultr.com/pricing/,2026-08-30
vultr:vultr-vhp-4c-8gb-intel-ewr-ord-dfw-sea-lax-atl-ams-lhr-fra-sjc-syd-yto-cdg-nrt-waw-mad-icn-mia-sgp-sto-mex-mel-hnl-bom-jnb-tlv-blr-del-scl-itm-man-57,Vultr,High Performance Intel 4C-8G,,India,IN,"ewr, ord, dfw, sea, lax, atl, ams, lhr, fra, sjc, syd, yto, cdg, nrt, waw, mad, icn, mia, sgp, sto, mex, mel, hnl, bom, jnb, tlv, blr, del, scl, itm, man",,4,,8,180,,6,,48,USD,month,48,false,false,Mastercard; VISA; PayPal,https://www.vultr.com/pricing/,2026-08-30
vultr:vultr-vhf-3c-8gb-ewr-ord-dfw-sea-lax-atl-ams-lhr-fra-sjc-syd-yto-cdg-nrt-waw-mad-icn-mia-sgp-sto-mex-mel-bom-tlv-blr-del-scl-itm-man-27,Vultr,High Frequency 3C-8G,,Israel,IL,"ewr, ord, dfw, sea, lax, atl, ams, lhr, fra, sjc, syd, yto, cdg, nrt, waw, mad, icn, mia, sgp, sto, mex, mel, bom, tlv, blr, del, scl, itm, man",,3,,8,256,,4,,48,USD,month,48,false,false,Mastercard; VISA; PayPal,https://www.vultr.com/pricing/,2026-08-30
vultr:vultr-vhp-4c-8gb-amd-ewr-ord-dfw-sea-lax-atl-ams-lhr-fra-sjc-syd-yto-cdg-nrt-waw-mad-icn-mia-sgp-sto-mex-mel-bom-jnb-tlv-blr-del-scl-itm-man-41,Vultr,High Performance AMD 4C-8G,,Israel,IL,"ewr, ord, dfw, sea, lax, atl, ams, lhr, fra, sjc, syd, yto, cdg, nrt, waw, mad, icn, mia, sgp, sto, mex, mel, bom, jnb, tlv, blr, del, scl, itm, man",,4,,8,180,,6,,48,USD,month,48,false,false,Mastercard; VISA; PayPal,https://www.vultr.com/pricing/,2026-08-30
vultr:vultr-vhp-4c-8gb-intel-ewr-ord-dfw-sea-lax-atl-ams-lhr-fra-sjc-syd-yto-cdg-nrt-waw-mad-icn-mia-sgp-sto-mex-mel-hnl-bom-jnb-tlv-blr-del-scl-itm-man-57,Vultr,High Performance Intel 4C-8G,,Israel,IL,"ewr, ord, dfw, sea, lax, atl, ams, lhr, fra, sjc, syd, yto, cdg, nrt, waw, mad, icn, mia, sgp, sto, mex, mel, hnl, bom, jnb, tlv, blr, del, scl, itm, man",,4,,8,180,,6,,48,USD,month,48,false,false,Mastercard; VISA; PayPal,https://www.vultr.com/pricing/,2026-08-30
vultr:vultr-vhf-3c-8gb-ewr-ord-dfw-sea-lax-atl-ams-lhr-fra-sjc-syd-yto-cdg-nrt-waw-mad-icn-mia-sgp-sto-mex-mel-bom-tlv-blr-del-scl-itm-man-27,Vultr,High Frequency 3C-8G,,Japan,JP,"ewr, ord, dfw, sea, lax, atl, ams, lhr, fra, sjc, syd, yto, cdg, nrt, waw, mad, icn, mia, sgp, sto, mex, mel, bom, tlv, blr, del, scl, itm, man",,3,,8,256,,4,,48,USD,month,48,false,false,Mastercard; VISA; PayPal,https://www.vultr.com/pricing/,2026-08-30
vultr:vultr-vhp-4c-8gb-amd-ewr-ord-dfw-sea-lax-atl-ams-lhr-fra-sjc-syd-yto-cdg-nrt-waw-mad-icn-mia-sgp-sto-mex-mel-bom-jnb-tlv-blr-del-scl-itm-man-41,Vultr,High Performance AMD 4C-8G,,Japan,JP,"ewr, ord, dfw, sea, lax, atl, ams, lhr, fra, sjc, syd, yto, cdg, nrt, waw, mad, icn, mia, sgp, sto, mex, mel, bom, jnb, tlv, blr, del, scl, itm, man",,4,,8,180,,6,,48,USD,month,48,false,false,Mastercard; VISA; PayPal,https://www.vultr.com/pricing/,2026-08-30
vultr:vultr-vhp-4c-8gb-intel-ewr-ord-dfw-sea-lax-atl-ams-lhr-fra-sjc-syd-yto-cdg-nrt-waw-mad-icn-mia-sgp-sto-mex-mel-hnl-bom-jnb-tlv-blr-del-scl-itm-man-57,Vultr,High Performance Intel 4C-8G,,Japan,JP,"ewr, ord, dfw, sea, lax, atl, ams, lhr, fra, sjc, syd, yto, cdg, nrt, waw, mad, icn, mia, sgp, sto, mex, mel, hnl, bom, jnb, tlv, blr, del, scl, itm, man",,4,,8,180,,6,,48,USD,month,48,false,false,Mastercard; VISA; PayPal,https://www.vultr.com/pricing/,2026-08-30
vultr:vultr-vhf-3c-8gb-ewr-ord-dfw-sea-lax-atl-ams-lhr-fra-sjc-syd-yto-cdg-nrt-waw-mad-icn-mia-sgp-sto-mex-mel-bom-tlv-blr-del-scl-itm-man-27,Vultr,High Frequency 3C-8G,,Mexico,MX,"ewr, ord, dfw, sea, lax, atl, ams, lhr, fra, sjc, syd, yto, cdg, nrt, waw, mad, icn, mia, sgp, sto, mex, mel, bom, tlv, blr, del, scl, itm, man",,3,,8,256,,4,,48,USD,month,48,false,false,Mastercard; VISA; PayPal,https://www.vultr.com/pricing/,2026-08-30
vultr:vultr-vhp-4c-8gb-amd-ewr-ord-dfw-sea-lax-atl-ams-lhr-fra-sjc-syd-yto-cdg-nrt-waw-mad-icn-mia-sgp-sto-mex-mel-bom-jnb-tlv-blr-del-scl-itm-man-41,Vultr,High Performance AMD 4C-8G,,Mexico,MX,"ewr, ord, dfw, sea, lax, atl, ams, lhr, fra, sjc, syd, yto, cdg, nrt, waw, mad, icn, mia, sgp, sto, mex, mel, bom, jnb, tlv, blr, del, scl, itm, man",,4,,8,180,,6,,48,USD,month,48,false,false,Mastercard; VISA; PayPal,https://www.vultr.com/pricing/,2026-08-30
vultr:vultr-vhp-4c-8gb-intel-ewr-ord-dfw-sea-lax-atl-ams-lhr-fra-sjc-syd-yto-cdg-nrt-waw-mad-icn-mia-sgp-sto-mex-mel-hnl-bom-jnb-tlv-blr-del-scl-itm-man-57,Vultr,High Performance Intel 4C-8G,,Mexico,MX,"ewr, ord, dfw, sea, lax, atl, ams, lhr, fra, sjc, syd, yto, cdg, nrt, waw, mad, icn, mia, sgp, sto, mex, mel, hnl, bom, jnb, tlv, blr, del, scl, itm, man",,4,,8,180,,6,,48,USD,month,48,false,false,Mastercard; VISA; PayPal,https://www.vultr.com/pricing/,2026-08-30
vultr:vultr-vhf-3c-8gb-ewr-ord-dfw-sea-lax-atl-ams-lhr-fra-sjc-syd-yto-cdg-nrt-waw-mad-icn-mia-sgp-sto-mex-mel-bom-tlv-blr-del-scl-itm-man-27,Vultr,High Frequency 3C-8G,,Netherlands,NL,"ewr, ord, dfw, sea, lax, atl, ams, lhr, fra, sjc, syd, yto, cdg, nrt, waw, mad, icn, mia, sgp, sto, mex, mel, bom, tlv, blr, del, scl, itm, man",,3,,8,256,,4,,48,USD,month,48,false,false,Mastercard; VISA; PayPal,https://www.vultr.com/pricing/,2026-08-30
vultr:vultr-vhp-4c-8gb-amd-ewr-ord-dfw-sea-lax-atl-ams-lhr-fra-sjc-syd-yto-cdg-nrt-waw-mad-icn-mia-sgp-sto-mex-mel-bom-jnb-tlv-blr-del-scl-itm-man-41,Vultr,High Performance AMD 4C-8G,,Netherlands,NL,"ewr, ord, dfw, sea, lax, atl, ams, lhr, fra, sjc, syd, yto, cdg, nrt, waw, mad, icn, mia, sgp, sto, mex, mel, bom, jnb, tlv, blr, del, scl, itm, man",,4,,8,180,,6,,48,USD,month,48,false,false,Mastercard; VISA; PayPal,https://www.vultr.com/pricing/,2026-08-30
vultr:vultr-vhp-4c-8gb-intel-ewr-ord-dfw-sea-lax-atl-ams-lhr-fra-sjc-syd-yto-cdg-nrt-waw-mad-icn-mia-sgp-sto-mex-mel-hnl-bom-jnb-tlv-blr-del-scl-itm-man-57,Vultr,High Performance Intel 4C-8G,,Netherlands,NL,"ewr, ord, dfw, sea, lax, atl, ams, lhr, fra, sjc, syd, yto, cdg, nrt, waw, mad, icn, mia, sgp, sto, mex, mel, hnl, bom, jnb, tlv, blr, del, scl, itm, man",,4,,8,180,,6,,48,USD,month,48,false,false,Mastercard; VISA; PayPal,https://www.vultr.com/pricing/,2026-08-30
vultr:vultr-vhf-3c-8gb-ewr-ord-dfw-sea-lax-atl-ams-lhr-fra-sjc-syd-yto-cdg-nrt-waw-mad-icn-mia-sgp-sto-mex-mel-bom-tlv-blr-del-scl-itm-man-27,Vultr,High Frequency 3C-8G,,Poland,PL,"ewr, ord, dfw, sea, lax, atl, ams, lhr, fra, sjc, syd, yto, cdg, nrt, waw, mad, icn, mia, sgp, sto, mex, mel, bom, tlv, blr, del, scl, itm, man",,3,,8,256,,4,,48,USD,month,48,false,false,Mastercard; VISA; PayPal,https://www.vultr.com/pricing/,2026-08-30
vultr:vultr-vhp-4c-8gb-amd-ewr-ord-dfw-sea-lax-atl-ams-lhr-fra-sjc-syd-yto-cdg-nrt-waw-mad-icn-mia-sgp-sto-mex-mel-bom-jnb-tlv-blr-del-scl-itm-man-41,Vultr,High Performance AMD 4C-8G,,Poland,PL,"ewr, ord, dfw, sea, lax, atl, ams, lhr, fra, sjc, syd, yto, cdg, nrt, waw, mad, icn, mia, sgp, sto, mex, mel, bom, jnb, tlv, blr, del, scl, itm, man",,4,,8,180,,6,,48,USD,month,48,false,false,Mastercard; VISA; PayPal,https://www.vultr.com/pricing/,2026-08-30
vultr:vultr-vhp-4c-8gb-intel-ewr-ord-dfw-sea-lax-atl-ams-lhr-fra-sjc-syd-yto-cdg-nrt-waw-mad-icn-mia-sgp-sto-mex-mel-hnl-bom-jnb-tlv-blr-del-scl-itm-man-57,Vultr,High Performance Intel 4C-8G,,Poland,PL,"ewr, ord, dfw, sea, lax, atl, ams, lhr, fra, sjc, syd, yto, cdg, nrt, waw, mad, icn, mia, sgp, sto, mex, mel, hnl, bom, jnb, tlv, blr, del, scl, itm, man",,4,,8,180,,6,,48,USD,month,48,false,false,Mastercard; VISA; PayPal,https://www.vultr.com/pricing/,2026-08-30
vultr:vultr-vhf-3c-8gb-ewr-ord-dfw-sea-lax-atl-ams-lhr-fra-sjc-syd-yto-cdg-nrt-waw-mad-icn-mia-sgp-sto-mex-mel-bom-tlv-blr-del-scl-itm-man-27,Vultr,High Frequency 3C-8G,,Singapore,SG,"ewr, ord, dfw, sea, lax, atl, ams, lhr, fra, sjc, syd, yto, cdg, nrt, waw, mad, icn, mia, sgp, sto, mex, mel, bom, tlv, blr, del, scl, itm, man",,3,,8,256,,4,,48,USD,month,48,false,false,Mastercard; VISA; PayPal,https://www.vultr.com/pricing/,2026-08-30
vultr:vultr-vhp-4c-8gb-amd-ewr-ord-dfw-sea-lax-atl-ams-lhr-fra-sjc-syd-yto-cdg-nrt-waw-mad-icn-mia-sgp-sto-mex-mel-bom-jnb-tlv-blr-del-scl-itm-man-41,Vultr,High Performance AMD 4C-8G,,Singapore,SG,"ewr, ord, dfw, sea, lax, atl, ams, lhr, fra, sjc, syd, yto, cdg, nrt, waw, mad, icn, mia, sgp, sto, mex, mel, bom, jnb, tlv, blr, del, scl, itm, man",,4,,8,180,,6,,48,USD,month,48,false,false,Mastercard; VISA; PayPal,https://www.vultr.com/pricing/,2026-08-30
vultr:vultr-vhp-4c-8gb-intel-ewr-ord-dfw-sea-lax-atl-ams-lhr-fra-sjc-syd-yto-cdg-nrt-waw-mad-icn-mia-sgp-sto-mex-mel-hnl-bom-jnb-tlv-blr-del-scl-itm-man-57,Vultr,High Performance Intel 4C-8G,,Singapore,SG,"ewr, ord, dfw, sea, lax, atl, ams, lhr, fra, sjc, syd, yto, cdg, nrt, waw, mad, icn, mia, sgp, sto, mex, mel, hnl, bom, jnb, tlv, blr, del, scl, itm, man",,4,,8,180,,6,,48,USD,month,48,false,false,Mastercard; VISA; PayPal,https://www.vultr.com/pricing/,2026-08-30
vultr:vultr-vhp-4c-8gb-amd-ewr-ord-dfw-sea-lax-atl-ams-lhr-fra-sjc-syd-yto-cdg-nrt-waw-mad-icn-mia-sgp-sto-mex-mel-bom-jnb-tlv-blr-del-scl-itm-man-41,Vultr,High Performance AMD 4C-8G,,South Africa,ZA,"ewr, ord, dfw, sea, lax, atl, ams, lhr, fra, sjc, syd, yto, cdg, nrt, waw, mad, icn, mia, sgp, sto, mex, mel, bom, jnb, tlv, blr, del, scl, itm, man",,4,,8,180,,6,,48,USD,month,48,false,false,Mastercard; VISA; PayPal,https://www.vultr.com/pricing/,2026-08-30
vultr:vultr-vhp-4c-8gb-intel-ewr-ord-dfw-sea-lax-atl-ams-lhr-fra-sjc-syd-yto-cdg-nrt-waw-mad-icn-mia-sgp-sto-mex-mel-hnl-bom-jnb-tlv-blr-del-scl-itm-man-57,Vultr,High Performance Intel 4C-8G,,South Africa,ZA,"ewr, ord, dfw, sea, lax, atl, ams, lhr, fra, sjc, syd, yto, cdg, nrt, waw, mad, icn, mia, sgp, sto, mex, mel, hnl, bom, jnb, tlv, blr, del, scl, itm, man",,4,,8,180,,6,,48,USD,month,48,false,false,Mastercard; VISA; PayPal,https://www.vultr.com/pricing/,2026-08-30
vultr:vultr-vhf-3c-8gb-ewr-ord-dfw-sea-lax-atl-ams-lhr-fra-sjc-syd-yto-cdg-nrt-waw-mad-icn-mia-sgp-sto-mex-mel-bom-tlv-blr-del-scl-itm-man-27,Vultr,High Frequency 3C-8G,,South Korea,KR,"ewr, ord, dfw, sea, lax, atl, ams, lhr, fra, sjc, syd, yto, cdg, nrt, waw, mad, icn, mia, sgp, sto, mex, mel, bom, tlv, blr, del, scl, itm, man",,3,,8,256,,4,,48,USD,month,48,false,false,Mastercard; VISA; PayPal,https://www.vultr.com/pricing/,2026-08-30
vultr:vultr-vhp-4c-8gb-amd-ewr-ord-dfw-sea-lax-atl-ams-lhr-fra-sjc-syd-yto-cdg-nrt-waw-mad-icn-mia-sgp-sto-mex-mel-bom-jnb-tlv-blr-del-scl-itm-man-41,Vultr,High Performance AMD 4C-8G,,South Korea,KR,"ewr, ord, dfw, sea, lax, atl, ams, lhr, fra, sjc, syd, yto, cdg, nrt, waw, mad, icn, mia, sgp, sto, mex, mel, bom, jnb, tlv, blr, del, scl, itm, man",,4,,8,180,,6,,48,USD,month,48,false,false,Mastercard; VISA; PayPal,https://www.vultr.com/pricing/,2026-08-30
vultr:vultr-vhp-4c-8gb-intel-ewr-ord-dfw-sea-lax-atl-ams-lhr-fra-sjc-syd-yto-cdg-nrt-waw-mad-icn-mia-sgp-sto-mex-mel-hnl-bom-jnb-tlv-blr-del-scl-itm-man-57,Vultr,High Performance Intel 4C-8G,,South Korea,KR,"ewr, ord, dfw, sea, lax, atl, ams, lhr, fra, sjc, syd, yto, cdg, nrt, waw, mad, icn, mia, sgp, sto, mex, mel, hnl, bom, jnb, tlv, blr, del, scl, itm, man",,4,,8,180,,6,,48,USD,month,48,false,false,Mastercard; VISA; PayPal,https://www.vultr.com/pricing/,2026-08-30
vultr:vultr-vhf-3c-8gb-ewr-ord-dfw-sea-lax-atl-ams-lhr-fra-sjc-syd-yto-cdg-nrt-waw-mad-icn-mia-sgp-sto-mex-mel-bom-tlv-blr-del-scl-itm-man-27,Vultr,High Frequency 3C-8G,,Spain,ES,"ewr, ord, dfw, sea, lax, atl, ams, lhr, fra, sjc, syd, yto, cdg, nrt, waw, mad, icn, mia, sgp, sto, mex, mel, bom, tlv, blr, del, scl, itm, man",,3,,8,256,,4,,48,USD,month,48,false,false,Mastercard; VISA; PayPal,https://www.vultr.com/pricing/,2026-08-30
vultr:vultr-vhp-4c-8gb-amd-ewr-ord-dfw-sea-lax-atl-ams-lhr-fra-sjc-syd-yto-cdg-nrt-waw-mad-icn-mia-sgp-sto-mex-mel-bom-jnb-tlv-blr-del-scl-itm-man-41,Vultr,High Performance AMD 4C-8G,,Spain,ES,"ewr, ord, dfw, sea, lax, atl, ams, lhr, fra, sjc, syd, yto, cdg, nrt, waw, mad, icn, mia, sgp, sto, mex, mel, bom, jnb, tlv, blr, del, scl, itm, man",,4,,8,180,,6,,48,USD,month,48,false,false,Mastercard; VISA; PayPal,https://www.vultr.com/pricing/,2026-08-30
vultr:vultr-vhp-4c-8gb-intel-ewr-ord-dfw-sea-lax-atl-ams-lhr-fra-sjc-syd-yto-cdg-nrt-waw-mad-icn-mia-sgp-sto-mex-mel-hnl-bom-jnb-tlv-blr-del-scl-itm-man-57,Vultr,High Performance Intel 4C-8G,,Spain,ES,"ewr, ord, dfw, sea, lax, atl, ams, lhr, fra, sjc, syd, yto, cdg, nrt, waw, mad, icn, mia, sgp, sto, mex, mel, hnl, bom, jnb, tlv, blr, del, scl, itm, man",,4,,8,180,,6,,48,USD,month,48,false,false,Mastercard; VISA; PayPal,https://www.vultr.com/pricing/,2026-08-30
vultr:vultr-vhf-3c-8gb-ewr-ord-dfw-sea-lax-atl-ams-lhr-fra-sjc-syd-yto-cdg-nrt-waw-mad-icn-mia-sgp-sto-mex-mel-bom-tlv-blr-del-scl-itm-man-27,Vultr,High Frequency 3C-8G,,Sweden,SE,"ewr, ord, dfw, sea, lax, atl, ams, lhr, fra, sjc, syd, yto, cdg, nrt, waw, mad, icn, mia, sgp, sto, mex, mel, bom, tlv, blr, del, scl, itm, man",,3,,8,256,,4,,48,USD,month,48,false,false,Mastercard; VISA; PayPal,https://www.vultr.com/pricing/,2026-08-30
vultr:vultr-vhp-4c-8gb-amd-ewr-ord-dfw-sea-lax-atl-ams-lhr-fra-sjc-syd-yto-cdg-nrt-waw-mad-icn-mia-sgp-sto-mex-mel-bom-jnb-tlv-blr-del-scl-itm-man-41,Vultr,High Performance AMD 4C-8G,,Sweden,SE,"ewr, ord, dfw, sea, lax, atl, ams, lhr, fra, sjc, syd, yto, cdg, nrt, waw, mad, icn, mia, sgp, sto, mex, mel, bom, jnb, tlv, blr, del, scl, itm, man",,4,,8,180,,6,,48,USD,month,48,false,false,Mastercard; VISA; PayPal,https://www.vultr.com/pricing/,2026-08-30
vultr:vultr-vhp-4c-8gb-intel-ewr-ord-dfw-sea-lax-atl-ams-lhr-fra-sjc-syd-yto-cdg-nrt-waw-mad-icn-mia-sgp-sto-mex-mel-hnl-bom-jnb-tlv-blr-del-scl-itm-man-57,Vultr,High Performance Intel 4C-8G,,Sweden,SE,"ewr, ord, dfw, sea, lax, atl, ams, lhr, fra, sjc, syd, yto, cdg, nrt, waw, mad, icn, mia, sgp, sto, mex, mel, hnl, bom, jnb, tlv, blr, del, scl, itm, man",,4,,8,180,,6,,48,USD,month,48,false,false,Mastercard; VISA; PayPal,https://www.vultr.com/pricing/,2026-08-30
vultr:vultr-vhf-3c-8gb-ewr-ord-dfw-sea-lax-atl-ams-lhr-fra-sjc-syd-yto-cdg-nrt-waw-mad-icn-mia-sgp-sto-mex-mel-bom-tlv-blr-del-scl-itm-man-27,Vultr,High Frequency 3C-8G,,United Kingdom,GB,"ewr, ord, dfw, sea, lax, atl, ams, lhr, fra, sjc, syd, yto, cdg, nrt, waw, mad, icn, mia, sgp, sto, mex, mel, bom, tlv, blr, del, scl, itm, man",,3,,8,256,,4,,48,USD,month,48,false,false,Mastercard; VISA; PayPal,https://www.vultr.com/pricing/,2026-08-30
vultr:vultr-vhp-4c-8gb-amd-ewr-ord-dfw-sea-lax-atl-ams-lhr-fra-sjc-syd-yto-cdg-nrt-waw-mad-icn-mia-sgp-sto-mex-mel-bom-jnb-tlv-blr-del-scl-itm-man-41,Vultr,High Performance AMD 4C-8G,,United Kingdom,GB,"ewr, ord, dfw, sea, lax, atl, ams, lhr, fra, sjc, syd, yto, cdg, nrt, waw, mad, icn, mia, sgp, sto, mex, mel, bom, jnb, tlv, blr, del, scl, itm, man",,4,,8,180,,6,,48,USD,month,48,false,false,Mastercard; VISA; PayPal,https://www.vultr.com/pricing/,2026-08-30
vultr:vultr-vhp-4c-8gb-intel-ewr-ord-dfw-sea-lax-atl-ams-lhr-fra-sjc-syd-yto-cdg-nrt-waw-mad-icn-mia-sgp-sto-mex-mel-hnl-bom-jnb-tlv-blr-del-scl-itm-man-57,Vultr,High Performance Intel 4C-8G,,United Kingdom,GB,"ewr, ord, dfw, sea, lax, atl, ams, lhr, fra, sjc, syd, yto, cdg, nrt, waw, mad, icn, mia, sgp, sto, mex, mel, hnl, bom, jnb, tlv, blr, del, scl, itm, man",,4,,8,180,,6,,48,USD,month,48,false,false,Mastercard; VISA; PayPal,https://www.vultr.com/pricing/,2026-08-30
vultr:vultr-vhf-3c-8gb-ewr-ord-dfw-sea-lax-atl-ams-lhr-fra-sjc-syd-yto-cdg-nrt-waw-mad-icn-mia-sgp-sto-mex-mel-bom-tlv-blr-del-scl-itm-man-27,Vultr,High Frequency 3C-8G,,USA,US,"ewr, ord, dfw, sea, lax, atl, ams, lhr, fra, sjc, syd, yto, cdg, nrt, waw, mad, icn, mia, sgp, sto, mex, mel, bom, tlv, blr, del, scl, itm, man",,3,,8,256,,4,,48,USD,month,48,false,false,Mastercard; VISA; PayPal,https://www.vultr.com/pricing/,2026-08-30
vultr:vultr-vhp-4c-8gb-amd-ewr-ord-dfw-sea-lax-atl-ams-lhr-fra-sjc-syd-yto-cdg-nrt-waw-mad-icn-mia-sgp-sto-mex-mel-bom-jnb-tlv-blr-del-scl-itm-man-41,Vultr,High Performance AMD 4C-8G,,USA,US,"ewr, ord, dfw, sea, lax, atl, ams, lhr, fra, sjc, syd, yto, cdg, nrt, waw, mad, icn, mia, sgp, sto, mex, mel, bom, jnb, tlv, blr, del, scl, itm, man",,4,,8,180,,6,,48,USD,month,48,false,false,Mastercard; VISA; PayPal,https://www.vultr.com/pricing/,2026-08-30
vultr:vultr-vhp-4c-8gb-intel-ewr-ord-dfw-sea-lax-atl-ams-lhr-fra-sjc-syd-yto-cdg-nrt-waw-mad-icn-mia-sgp-sto-mex-mel-hnl-bom-jnb-tlv-blr-del-scl-itm-man-57,Vultr,High Performance Intel 4C-8G,,USA,US,"ewr, ord, dfw, sea, lax, atl, ams, lhr, fra, sjc, syd, yto, cdg, nrt, waw, mad, icn, mia, sgp, sto, mex, mel, hnl, bom, jnb, tlv, blr, del, scl, itm, man",,4,,8,180,,6,,48,USD,month,48,false,false,Mastercard; VISA; PayPal,https://www.vultr.com/pricing/,2026-08-30
hostkey:hostkey-vds-v1-max-nl-de-4,HOSTKEY,vds.v1-max,,Germany,DE,"NL, DE",,4,,32,1920,SSD,3,1000,42,EUR,month,48.14,true,false,VISA; Mastercard; American Express; UnionPay; PayPal; Alipay; WebMoney; BTC; Bank transfer,https://hostkey.com/vps/,2026-09-24
hostkey:hostkey-vds-v1-max-nl-de-4,HOSTKEY,vds.v1-max,,Netherlands,NL,"NL, DE",,4,,32,1920,SSD,3,1000,42,EUR,month,48.14,true,false,VISA; Mastercard; American Express; UnionPay; PayPal; Alipay; WebMoney; BTC; Bank transfer,https://hostkey.com/vps/,2026-09-24
timeweb:timeweb-nl-80-row-58,TimeWEB,NL-80,,Netherlands,NL,Нидерланды-Амстердам,,4,,8,80,NVMe,,1000,4070,RUB,month,48.22,false,true,MIR; Mastercard; VISA; SberPay; SBP; YooMoney,https://timeweb.cloud/services/vds-vps?location=nl,2026-08-30
smartape:smartape-linux-nvme-nvme-x16-160gb-datapro-moscow-i-ru-65,SmartApe,NVMe X16 · 160 GB,,Czech Republic,CZ,Host-Telecom (CZ),Linux; Windows,12,,16,160,NVMe,unlimited,200,4110,RUB,month,48.7,true,true,BNB; BTC; DOGE; ETH; HUMO; JCB; LTC; SOL; TRX; USDC; APRA; MIR; Mastercard; VISA; PayPal,https://www.smartape.ru/ssd-vps,2026-08-30
smartape:smartape-linux-nvme-nvme-x16-160gb-datapro-moscow-i-ru-65,SmartApe,NVMe X16 · 160 GB,,Israel,IL,Partner Group (IL),Linux; Windows,12,,16,160,NVMe,unlimited,200,4110,RUB,month,48.7,true,true,BNB; BTC; DOGE; ETH; HUMO; JCB; LTC; SOL; TRX; USDC; APRA; MIR; Mastercard; VISA; PayPal,https://www.smartape.ru/ssd-vps,2026-08-30
smartape:smartape-linux-nvme-nvme-x16-160gb-datapro-moscow-i-ru-65,SmartApe,NVMe X16 · 160 GB,,Russia,RU,DataPro Moscow I (RU),Linux; Windows,12,,16,160,NVMe,unlimited,200,4110,RUB,month,48.7,true,true,BNB; BTC; DOGE; ETH; HUMO; JCB; LTC; SOL; TRX; USDC; APRA; MIR; Mastercard; VISA; PayPal,https://www.smartape.ru/ssd-vps,2026-08-30
mevspace:mevspace-hc-4-8-poland-9,MevSpace,HC-4-8,,Poland,PL,Poland,,4,,8,200,SSD,unlimited,500,42.9,EUR,month,49.18,true,false,BCC; BCH; BTC; BUSD; DAI; DASH; DOGE; ETH; GUSD; LSK; LTC; SHIB; SOL; TRX; USDC; USDP; WBTC; XRP; ZEC; ZND; Mastercard; VISA; SEPA; PayPal,https://mevspace.com/vps-cloud?id=general-purpose,2026-08-30
datacheap:datacheap-vps-ultimate-nvme-row-19,DataCheap,VPS Ultimate NVMe,,Czech Republic,CZ,Чехия,,16,,16,240,NVMe,,,4201.05,RUB,month,49.78,false,true,Bank card; SBP; PayPal; Bank transfer,https://datacheap.ru/services/arenda-vps-vds-serverov/,2026-08-30
datacheap:datacheap-vps-ultimate-nvme-row-19,DataCheap,VPS Ultimate NVMe,,Netherlands,NL,Нидерланды,,16,,16,240,NVMe,,,4201.05,RUB,month,49.78,false,true,Bank card; SBP; PayPal; Bank transfer,https://datacheap.ru/services/arenda-vps-vds-serverov/,2026-08-30
smartape:smartape-linux-nvme-nvme-x4-320gb-datapro-moscow-i-ru-45,SmartApe,NVMe X4 · 320 GB,,Czech Republic,CZ,Host-Telecom (CZ),Linux; Windows,6,,4,320,NVMe,unlimited,200,4225,RUB,month,50.06,true,true,BNB; BTC; DOGE; ETH; HUMO; JCB; LTC; SOL; TRX; USDC; APRA; MIR; Mastercard; VISA; PayPal,https://www.smartape.ru/ssd-vps,2026-08-30
smartape:smartape-linux-nvme-nvme-x4-320gb-datapro-moscow-i-ru-45,SmartApe,NVMe X4 · 320 GB,,Israel,IL,Partner Group (IL),Linux; Windows,6,,4,320,NVMe,unlimited,200,4225,RUB,month,50.06,true,true,BNB; BTC; DOGE; ETH; HUMO; JCB; LTC; SOL; TRX; USDC; APRA; MIR; Mastercard; VISA; PayPal,https://www.smartape.ru/ssd-vps,2026-08-30
smartape:smartape-linux-nvme-nvme-x4-320gb-datapro-moscow-i-ru-45,SmartApe,NVMe X4 · 320 GB,,Russia,RU,DataPro Moscow I (RU),Linux; Windows,6,,4,320,NVMe,unlimited,200,4225,RUB,month,50.06,true,true,BNB; BTC; DOGE; ETH; HUMO; JCB; LTC; SOL; TRX; USDC; APRA; MIR; Mastercard; VISA; PayPal,https://www.smartape.ru/ssd-vps,2026-08-30
timeweb:timeweb-kz-40-row-48,TimeWEB,KZ-40,,Kazakhstan,KZ,Казахстан-Алматы,,2,,2,40,NVMe,,100,4230,RUB,month,50.12,false,true,MIR; Mastercard; VISA; SberPay; SBP; YooMoney,https://timeweb.cloud/services/vds-vps?location=kz,2026-08-30
zomro:zomro-zomro-basic-pro-netherlands-19,Zomro,Basic Pro,,Germany,DE,Germany,,8,,20,140,,8,,43.95,EUR,month,50.38,true,true,BNB; BTC; ETH; SOL; TON; USDC; USDT; MIR; Mastercard; VISA; SBP; PayPal,https://zomro.com/vps/basic,2026-08-30
zomro:zomro-zomro-basic-pro-netherlands-19,Zomro,Basic Pro,,Netherlands,NL,Netherlands,,8,,20,140,,8,,43.95,EUR,month,50.38,true,true,BNB; BTC; ETH; SOL; TON; USDC; USDT; MIR; Mastercard; VISA; SBP; PayPal,https://zomro.com/vps/basic,2026-08-30
zomro:zomro-zomro-basic-pro-netherlands-19,Zomro,Basic Pro,,USA,US,USA,,8,,20,140,,8,,43.95,EUR,month,50.38,true,true,BNB; BTC; ETH; SOL; TON; USDC; USDT; MIR; Mastercard; VISA; SBP; PayPal,https://zomro.com/vps/basic,2026-08-30
hostingvds:hostingvds-vds-kvm-nvme-hvds-32g-eu-1-85,HostingVDS,HVDS-32G-EU,,Bulgaria,BG,"Болгария, София (1Гбит/с)",,12,,32,250,NVMe,16,1000,44.29,EUR,month,50.77,true,true,BNB; BTC; DAI; ETH; LTC; POL; SOL; TON; TRX; USDC; USDT; MIR; SBP,https://my.hosting-vds.com/order/vds-kvm-ssd-eu/50,2026-08-30
hostingvds:hostingvds-vds-kvm-nvme-hvds-32g-eu-1-85,HostingVDS,HVDS-32G-EU,,Finland,FI,"Финляндия, Хельсинки (1Гбит/с)",,12,,32,250,NVMe,16,1000,44.29,EUR,month,50.77,true,true,BNB; BTC; DAI; ETH; LTC; POL; SOL; TON; TRX; USDC; USDT; MIR; SBP,https://my.hosting-vds.com/order/vds-kvm-ssd-eu/50,2026-08-30
hostingvds:hostingvds-vds-kvm-nvme-hvds-32g-eu-1-85,HostingVDS,HVDS-32G-EU,,Germany,DE,"Германия, Франкфурт (1Гбит/с)",,12,,32,250,NVMe,16,1000,44.29,EUR,month,50.77,true,true,BNB; BTC; DAI; ETH; LTC; POL; SOL; TON; TRX; USDC; USDT; MIR; SBP,https://my.hosting-vds.com/order/vds-kvm-ssd-eu/50,2026-08-30
hostingvds:hostingvds-vds-kvm-nvme-hvds-32g-eu-1-85,HostingVDS,HVDS-32G-EU,,Latvia,LV,"Латвия, Рига (1Гбит/с)",,12,,32,250,NVMe,16,1000,44.29,EUR,month,50.77,true,true,BNB; BTC; DAI; ETH; LTC; POL; SOL; TON; TRX; USDC; USDT; MIR; SBP,https://my.hosting-vds.com/order/vds-kvm-ssd-eu/50,2026-08-30
hostingvds:hostingvds-vds-kvm-nvme-hvds-32g-eu-1-85,HostingVDS,HVDS-32G-EU,,Poland,PL,"Польша, Варшава (1Гбит/с)",,12,,32,250,NVMe,16,1000,44.29,EUR,month,50.77,true,true,BNB; BTC; DAI; ETH; LTC; POL; SOL; TON; TRX; USDC; USDT; MIR; SBP,https://my.hosting-vds.com/order/vds-kvm-ssd-eu/50,2026-08-30
hostingvds:hostingvds-vds-kvm-nvme-hvds-32g-selectel-21,HostingVDS,HVDS-32G,,Russia,RU,"Россия, Москва - Selectel",,12,,32,340,NVMe,20,10000,44.29,EUR,month,50.77,true,true,BNB; BTC; DAI; ETH; LTC; POL; SOL; TON; TRX; USDC; USDT; MIR; SBP,https://my.hosting-vds.com/order/standart-vds/1,2026-08-30
hostingvds:hostingvds-vds-kvm-nvme-hvds-32g-eu-1-85,HostingVDS,HVDS-32G-EU,,Sweden,SE,"Швеция, Стокгольм (1Гбит/с)",,12,,32,250,NVMe,16,1000,44.29,EUR,month,50.77,true,true,BNB; BTC; DAI; ETH; LTC; POL; SOL; TON; TRX; USDC; USDT; MIR; SBP,https://my.hosting-vds.com/order/vds-kvm-ssd-eu/50,2026-08-30
aeza:aeza-448-26-msk-hi-cpu-79,Aeza,RX32-3,,Russia,RU,26-MSK-HI-CPU,,4,,8,120,,unlimited,25000,44.96,EUR,month,51.54,true,true,BNB; BTC; ETH; LTC; SOL; TON; TRX; USDT; MIR; Mastercard; VISA,https://aeza.net/ru/enterprise,2026-08-30
hostingvds:hostingvds-vds-kvm-nvme-amd-hi-cpu-20g-row-129,HostingVDS,Hi-CPU-20G,,Russia,RU,"Россия, Москва",,7,,20,220,NVMe,14,10000,45,EUR,month,51.58,true,true,BNB; BTC; DAI; ETH; LTC; POL; SOL; TON; TRX; USDC; USDT; MIR; SBP,https://my.hosting-vds.com/order/performance-vds-amd-epyc/34,2026-08-30
firstbyte:firstbyte-business-msk-kvm-ssd-3-row-101,Firstbyte,Business MSK-KVM-SSD-3,,Russia,RU,"Россия, Москва",,4,,6,80,SSD,6,200,4399,RUB,month,52.12,true,true,BNB; BTC; DOGE; ETH; LTC; SOL; TON; TRX; USDT; MIR; Mastercard; VISA; SBP; PayPal; YooMoney,https://firstbyte.ru/vps-vds/kvm-business/,2026-08-30
regru:regru-ssd-vps-5-russia-5,REG.RU,SSD-VPS-5,,Russia,RU,Russia,,4,,8,45,,,,4485,RUB,month,53.14,false,true,Bank card; SBP; SberPay; YooMoney; Bank transfer,https://img.reg.ru/faq/prilozhenie_tarify_na_uslugi_vps_010126.pdf,2026-08-30
timeweb:timeweb-msk-160-row-5,TimeWEB,MSK 160,Cloud-160,Russia,RU,Россия-Москва; Россия-Санкт-Петербург,,8,,16,160,NVMe,,1000,4500,RUB,month,53.32,false,true,MIR; Mastercard; VISA; SberPay; SBP; YooMoney,https://timeweb.cloud/services/vds-vps,2026-08-30
timeweb:timeweb-de-100-row-66,TimeWEB,DE-100,,Germany,DE,Германия-Франкфурт,,8,,12,100,NVMe,,200,4520,RUB,month,53.56,false,true,MIR; Mastercard; VISA; SberPay; SBP; YooMoney,https://timeweb.cloud/services/vds-vps?location=de,2026-08-30
timeweb:timeweb-dedic-cpu-80-msk-row-15,TimeWEB,Dedic CPU-80 MSK,Dedic CPU-80,Russia,RU,Россия-Москва; Россия-Санкт-Петербург,,2,,8,80,NVMe,,1000,4560,RUB,month,54.03,false,true,MIR; Mastercard; VISA; SberPay; SBP; YooMoney,https://timeweb.cloud/services/vds-vps,2026-08-30
aeza:aeza-419-18-vienna-14,Aeza,VIEs-4,,Austria,AT,18-VIENNA,,8,,16,240,,unlimited,1000,47.45,EUR,month,54.39,true,true,BNB; BTC; ETH; LTC; SOL; TON; TRX; USDT; MIR; Mastercard; VISA,https://aeza.net/ru/virtual-servers,2026-08-30
aeza:aeza-419-18-vienna-14,Aeza,HELs-4,,Finland,FI,34-HELSINKI,,8,,16,240,,unlimited,1000,47.45,EUR,month,54.39,true,true,BNB; BTC; ETH; LTC; SOL; TON; TRX; USDT; MIR; Mastercard; VISA,https://aeza.net/ru/virtual-servers,2026-08-30
aeza:aeza-419-18-vienna-14,Aeza,PARs-4,,France,FR,40-PARIS,,8,,16,240,,unlimited,1000,47.45,EUR,month,54.39,true,true,BNB; BTC; ETH; LTC; SOL; TON; TRX; USDT; MIR; Mastercard; VISA,https://aeza.net/ru/virtual-servers,2026-08-30
aeza:aeza-156-17-moscow-9,Aeza,MSKs-4,SPBs-4,Russia,RU,17-MOSCOW; 65-SAINT-PETERSBURG,,8,,16,240,,unlimited,25000,47.45,EUR,month,54.39,true,true,BNB; BTC; ETH; LTC; SOL; TON; TRX; USDT; MIR; Mastercard; VISA,https://aeza.net/ru/virtual-servers,2026-08-30
aeza:aeza-361-37-stockholm-34,Aeza,SWEs-4,,Sweden,SE,37-STOCKHOLM,,8,,16,240,,unlimited,1000,47.45,EUR,month,54.39,true,true,BNB; BTC; ETH; LTC; SOL; TON; TRX; USDT; MIR; Mastercard; VISA,https://aeza.net/ru/virtual-servers,2026-08-30
netcup:netcup-vps-x86-vps-8000-g12-nuremberg-vienna-amsterdam-manassas-singapore-no-preference-europe-11,netcup,VPS 8000 G12,,Austria,AT,Nuremberg/Vienna/Amsterdam/Manassas/Singapore/No preference Europe,,16,,64,2048,NVMe,unlimited,2500,47.95,EUR,month,54.97,false,false,Bank card; PayPal; SEPA; Bank transfer,https://www.netcup.com/en/server/vps,2026-08-30
netcup:netcup-vps-x86-vps-8000-g12-nuremberg-vienna-amsterdam-manassas-singapore-no-preference-europe-11,netcup,VPS 8000 G12,,Germany,DE,Nuremberg/Vienna/Amsterdam/Manassas/Singapore/No preference Europe,,16,,64,2048,NVMe,unlimited,2500,47.95,EUR,month,54.97,false,false,Bank card; PayPal; SEPA; Bank transfer,https://www.netcup.com/en/server/vps,2026-08-30
netcup:netcup-vps-x86-vps-8000-g12-nuremberg-vienna-amsterdam-manassas-singapore-no-preference-europe-11,netcup,VPS 8000 G12,,Netherlands,NL,Nuremberg/Vienna/Amsterdam/Manassas/Singapore/No preference Europe,,16,,64,2048,NVMe,unlimited,2500,47.95,EUR,month,54.97,false,false,Bank card; PayPal; SEPA; Bank transfer,https://www.netcup.com/en/server/vps,2026-08-30
netcup:netcup-vps-x86-vps-8000-g12-nuremberg-vienna-amsterdam-manassas-singapore-no-preference-europe-11,netcup,VPS 8000 G12,,Singapore,SG,Nuremberg/Vienna/Amsterdam/Manassas/Singapore/No preference Europe,,16,,64,2048,NVMe,unlimited,2500,47.95,EUR,month,54.97,false,false,Bank card; PayPal; SEPA; Bank transfer,https://www.netcup.com/en/server/vps,2026-08-30
netcup:netcup-vps-x86-vps-8000-g12-nuremberg-vienna-amsterdam-manassas-singapore-no-preference-europe-11,netcup,VPS 8000 G12,,USA,US,Nuremberg/Vienna/Amsterdam/Manassas/Singapore/No preference Europe,,16,,64,2048,NVMe,unlimited,2500,47.95,EUR,month,54.97,false,false,Bank card; PayPal; SEPA; Bank transfer,https://www.netcup.com/en/server/vps,2026-08-30
aeza:aeza-382-51-london-58,Aeza,LND-3,,United Kingdom,GB,51-LONDON,,4,,8,120,,unlimited,1000,48.75,EUR,month,55.88,true,true,BNB; BTC; ETH; LTC; SOL; TON; TRX; USDT; MIR; Mastercard; VISA,https://aeza.net/ru/virtual-servers,2026-08-30
zomro:zomro-zomro-cheap-werk-netherlands-5,Zomro,Cheap Werk,,Netherlands,NL,Netherlands,,6,,42,240,,6,,48.95,EUR,month,56.11,true,true,BNB; BTC; ETH; SOL; TON; USDC; USDT; MIR; Mastercard; VISA; SBP; PayPal,https://zomro.com/cheap-vps,2026-08-30
smartape:smartape-linux-nvme-nvme-x8-320gb-datapro-moscow-i-ru-57,SmartApe,NVMe X8 · 320 GB,,Czech Republic,CZ,Host-Telecom (CZ),Linux; Windows,8,,8,320,NVMe,unlimited,200,4820,RUB,month,57.11,true,true,BNB; BTC; DOGE; ETH; HUMO; JCB; LTC; SOL; TRX; USDC; APRA; MIR; Mastercard; VISA; PayPal,https://www.smartape.ru/ssd-vps,2026-08-30
smartape:smartape-linux-nvme-nvme-x8-320gb-datapro-moscow-i-ru-57,SmartApe,NVMe X8 · 320 GB,,Israel,IL,Partner Group (IL),Linux; Windows,8,,8,320,NVMe,unlimited,200,4820,RUB,month,57.11,true,true,BNB; BTC; DOGE; ETH; HUMO; JCB; LTC; SOL; TRX; USDC; APRA; MIR; Mastercard; VISA; PayPal,https://www.smartape.ru/ssd-vps,2026-08-30
smartape:smartape-linux-nvme-nvme-x8-320gb-datapro-moscow-i-ru-57,SmartApe,NVMe X8 · 320 GB,,Russia,RU,DataPro Moscow I (RU),Linux; Windows,8,,8,320,NVMe,unlimited,200,4820,RUB,month,57.11,true,true,BNB; BTC; DOGE; ETH; HUMO; JCB; LTC; SOL; TRX; USDC; APRA; MIR; Mastercard; VISA; PayPal,https://www.smartape.ru/ssd-vps,2026-08-30
zomro:zomro-zomro-premium-platinum-poland-47,Zomro,Premium Platinum,,Germany,DE,Germany,,8,,20,140,,8,1000,49.95,EUR,month,57.26,true,true,BNB; BTC; ETH; SOL; TON; USDC; USDT; MIR; Mastercard; VISA; SBP; PayPal,https://zomro.com/vps,2026-08-30
zomro:zomro-zomro-premium-platinum-poland-47,Zomro,Premium Platinum,,Netherlands,NL,Netherlands,,8,,20,140,,8,1000,49.95,EUR,month,57.26,true,true,BNB; BTC; ETH; SOL; TON; USDC; USDT; MIR; Mastercard; VISA; SBP; PayPal,https://zomro.com/vps,2026-08-30
zomro:zomro-zomro-premium-platinum-poland-47,Zomro,Premium Platinum,,Poland,PL,Poland,,8,,20,140,,8,1000,49.95,EUR,month,57.26,true,true,BNB; BTC; ETH; SOL; TON; USDC; USDT; MIR; Mastercard; VISA; SBP; PayPal,https://zomro.com/vps,2026-08-30
zomro:zomro-zomro-premium-platinum-poland-47,Zomro,Premium Platinum,,USA,US,USA,,8,,20,140,,8,1000,49.95,EUR,month,57.26,true,true,BNB; BTC; ETH; SOL; TON; USDC; USDT; MIR; Mastercard; VISA; SBP; PayPal,https://zomro.com/vps,2026-08-30
doubleservers:doubleservers-vps-large-germany-3,DoubleServers,VPS large,,Germany,DE,Germany,,8,,16,100,NVMe,,,50,EUR,month,57.32,true,true,Bank card; SBP; USDT,https://doubleservers.com/,2026-08-30
beget:beget-high-frequency-4-8-90-russia-saint-petersburg-11,Beget,High Frequency 4-8-90,,Russia,RU,"Russia, Saint Petersburg",,4,,8,90,NVMe,,1000,163,RUB,day,57.94,false,true,Bank card; SBP; YooMoney; Bank transfer,https://beget.com/ru/vps,2026-08-30
hostkey:hostkey-vds-v1-storage-8-nl-6,HOSTKEY,vds.v1-storage-8,,Netherlands,NL,NL,,4,,32,8000,HDD,3,1000,51,EUR,month,58.46,true,false,VISA; Mastercard; American Express; UnionPay; PayPal; Alipay; WebMoney; BTC; Bank transfer,https://hostkey.com/vps/,2026-09-24
1cent-host:1cent-host-268-pl-36,1cent.host,PL-5,,Poland,PL,PL,,16,,32,500,NVMe,,10000,5000,RUB,month,59.24,,,,https://1cent.host/,2026-08-30
vultr:vultr-vc2-4c-8gb-sao-sao-12,Vultr,Cloud Compute 4C-8G,,Brazil,BR,sao,,4,,8,160,SSD,4,,60,USD,month,60,false,false,Mastercard; VISA; PayPal,https://www.vultr.com/pricing/,2026-08-30
selectel:selectel-selectel-standard-4vcpu-8gb-128nvme-row-13,Selectel,Standard 4C-8G-128G,,Russia,RU,"Россия, Москва / Санкт-Петербург",,4,,8,128,NVMe,3,3000,5079.48,RUB,month,60.19,false,true,MIR; VISA; Mastercard; SBP; YooMoney; Bank transfer,https://selectel.ru/prices/calculator/,2026-09-22
firstbyte:firstbyte-business-msk-kvm-sas-4-row-108,Firstbyte,Business MSK-KVM-SAS-4,,Russia,RU,"Россия, Москва",,6,,7,140,SAS,8,200,5199,RUB,month,61.6,true,true,BNB; BTC; DOGE; ETH; LTC; SOL; TON; TRX; USDT; MIR; Mastercard; VISA; SBP; PayPal; YooMoney,https://firstbyte.ru/vps-vds/kvm-business/,2026-08-30
hostkey:hostkey-vds-ryzen-16-nl-fi-de-gb-es-it-us-fr-pl-ch-tr-1,HOSTKEY,vds.ryzen-16,,Finland,FI,"NL, FI, DE, GB, ES, IT, US, FR, PL, CH, TR",,4,,16,200,NVMe,3,1000,54.9,EUR,month,62.93,true,false,VISA; Mastercard; American Express; UnionPay; PayPal; Alipay; WebMoney; BTC; Bank transfer,https://hostkey.com/vps/,2026-09-24
hostkey:hostkey-vds-ryzen-16-nl-fi-de-gb-es-it-us-fr-pl-ch-tr-1,HOSTKEY,vds.ryzen-16,,France,FR,"NL, FI, DE, GB, ES, IT, US, FR, PL, CH, TR",,4,,16,200,NVMe,3,1000,54.9,EUR,month,62.93,true,false,VISA; Mastercard; American Express; UnionPay; PayPal; Alipay; WebMoney; BTC; Bank transfer,https://hostkey.com/vps/,2026-09-24
hostkey:hostkey-vds-ryzen-16-nl-fi-de-gb-es-it-us-fr-pl-ch-tr-1,HOSTKEY,vds.ryzen-16,,Germany,DE,"NL, FI, DE, GB, ES, IT, US, FR, PL, CH, TR",,4,,16,200,NVMe,3,1000,54.9,EUR,month,62.93,true,false,VISA; Mastercard; American Express; UnionPay; PayPal; Alipay; WebMoney; BTC; Bank transfer,https://hostkey.com/vps/,2026-09-24
hostkey:hostkey-vds-ryzen-16-nl-fi-de-gb-es-it-us-fr-pl-ch-tr-1,HOSTKEY,vds.ryzen-16,,Italy,IT,"NL, FI, DE, GB, ES, IT, US, FR, PL, CH, TR",,4,,16,200,NVMe,3,1000,54.9,EUR,month,62.93,true,false,VISA; Mastercard; American Express; UnionPay; PayPal; Alipay; WebMoney; BTC; Bank transfer,https://hostkey.com/vps/,2026-09-24
hostkey:hostkey-vds-ryzen-16-nl-fi-de-gb-es-it-us-fr-pl-ch-tr-1,HOSTKEY,vds.ryzen-16,,Netherlands,NL,"NL, FI, DE, GB, ES, IT, US, FR, PL, CH, TR",,4,,16,200,NVMe,3,1000,54.9,EUR,month,62.93,true,false,VISA; Mastercard; American Express; UnionPay; PayPal; Alipay; WebMoney; BTC; Bank transfer,https://hostkey.com/vps/,2026-09-24
hostkey:hostkey-vds-ryzen-16-nl-fi-de-gb-es-it-us-fr-pl-ch-tr-1,HOSTKEY,vds.ryzen-16,,Poland,PL,"NL, FI, DE, GB, ES, IT, US, FR, PL, CH, TR",,4,,16,200,NVMe,3,1000,54.9,EUR,month,62.93,true,false,VISA; Mastercard; American Express; UnionPay; PayPal; Alipay; WebMoney; BTC; Bank transfer,https://hostkey.com/vps/,2026-09-24
hostkey:hostkey-vds-ryzen-16-nl-fi-de-gb-es-it-us-fr-pl-ch-tr-1,HOSTKEY,vds.ryzen-16,,Spain,ES,"NL, FI, DE, GB, ES, IT, US, FR, PL, CH, TR",,4,,16,200,NVMe,3,1000,54.9,EUR,month,62.93,true,false,VISA; Mastercard; American Express; UnionPay; PayPal; Alipay; WebMoney; BTC; Bank transfer,https://hostkey.com/vps/,2026-09-24
hostkey:hostkey-vds-ryzen-16-nl-fi-de-gb-es-it-us-fr-pl-ch-tr-1,HOSTKEY,vds.ryzen-16,,Switzerland,CH,"NL, FI, DE, GB, ES, IT, US, FR, PL, CH, TR",,4,,16,200,NVMe,3,1000,54.9,EUR,month,62.93,true,false,VISA; Mastercard; American Express; UnionPay; PayPal; Alipay; WebMoney; BTC; Bank transfer,https://hostkey.com/vps/,2026-09-24
hostkey:hostkey-vds-ryzen-16-nl-fi-de-gb-es-it-us-fr-pl-ch-tr-1,HOSTKEY,vds.ryzen-16,,Turkey,TR,"NL, FI, DE, GB, ES, IT, US, FR, PL, CH, TR",,4,,16,200,NVMe,3,1000,54.9,EUR,month,62.93,true,false,VISA; Mastercard; American Express; UnionPay; PayPal; Alipay; WebMoney; BTC; Bank transfer,https://hostkey.com/vps/,2026-09-24
hostkey:hostkey-vds-ryzen-16-nl-fi-de-gb-es-it-us-fr-pl-ch-tr-1,HOSTKEY,vds.ryzen-16,,United Kingdom,GB,"NL, FI, DE, GB, ES, IT, US, FR, PL, CH, TR",,4,,16,200,NVMe,3,1000,54.9,EUR,month,62.93,true,false,VISA; Mastercard; American Express; UnionPay; PayPal; Alipay; WebMoney; BTC; Bank transfer,https://hostkey.com/vps/,2026-09-24
hostkey:hostkey-vds-ryzen-16-nl-fi-de-gb-es-it-us-fr-pl-ch-tr-1,HOSTKEY,vds.ryzen-16,,USA,US,"NL, FI, DE, GB, ES, IT, US, FR, PL, CH, TR",,4,,16,200,NVMe,3,1000,54.9,EUR,month,62.93,true,false,VISA; Mastercard; American Express; UnionPay; PayPal; Alipay; WebMoney; BTC; Bank transfer,https://hostkey.com/vps/,2026-09-24
hostingvds:hostingvds-vds-kvm-nvme-amd-hi-cpu-24g-row-130,HostingVDS,Hi-CPU-24G,,Russia,RU,"Россия, Москва",,8,,24,250,NVMe,16,10000,55,EUR,month,63.05,true,true,BNB; BTC; DAI; ETH; LTC; POL; SOL; TON; TRX; USDC; USDT; MIR; SBP,https://my.hosting-vds.com/order/performance-vds-amd-epyc/34,2026-08-30
spacecore:spacecore-de-u60-germany-16,Spacecore,DE U60,,Germany,DE,Germany,,10,,24,250,NVMe,20,5000,55,EUR,month,63.05,true,true,ADA; ARB; BCH; BNB; BTC; DAI; DOGE; ETH; IMX; LTC; POL; SHIB; SOL; TON; TRX; USDC; USDT; XLM; XRP; MIR; Mastercard; VISA; SEPA; SBP; PayPal,https://spacecore.pro/en/virtual-servers/,2026-08-30
spacecore:spacecore-nl-u60-netherlands-22,Spacecore,NL U60,,Netherlands,NL,Netherlands,,10,,24,250,NVMe,20,5000,55,EUR,month,63.05,true,true,ADA; ARB; BCH; BNB; BTC; DAI; DOGE; ETH; IMX; LTC; POL; SHIB; SOL; TON; TRX; USDC; USDT; XLM; XRP; MIR; Mastercard; VISA; SEPA; SBP; PayPal,https://spacecore.pro/en/virtual-servers/,2026-08-30
timeweb:timeweb-dedic-high-40-row-20,TimeWEB,Dedic High-40,,Russia,RU,Россия-Москва,,2,,8,40,NVMe,,200,5400,RUB,month,63.98,false,true,MIR; Mastercard; VISA; SberPay; SBP; YooMoney,https://timeweb.cloud/services/vds-vps,2026-08-30
timeweb:timeweb-us-80-row-73,TimeWEB,US-80,,USA,US,США-Нью-Йорк,,4,,8,80,NVMe,,1000,5460,RUB,month,64.69,false,true,MIR; Mastercard; VISA; SberPay; SBP; YooMoney,https://timeweb.cloud/services/vds-vps?location=nyc,2026-08-30
beget:beget-standard-8-16-220-russia-saint-petersburg-7,Beget,Standard 8-16-220,,Russia,RU,"Russia, Saint Petersburg",,8,,16,220,NVMe,,1000,183,RUB,day,65.05,false,true,Bank card; SBP; YooMoney; Bank transfer,https://beget.com/ru/vps,2026-08-30
timeweb:timeweb-high-5-row-34,TimeWEB,High-5,,Russia,RU,Россия-Санкт-Петербург,,4,,8,80,NVMe,,200,5590,RUB,month,66.23,false,true,MIR; Mastercard; VISA; SberPay; SBP; YooMoney,https://timeweb.cloud/services/vds-vps?location=ru,2026-08-30
timeweb:timeweb-kz-50-row-49,TimeWEB,KZ-50,,Kazakhstan,KZ,Казахстан-Алматы,,2,,4,50,NVMe,,100,5620,RUB,month,66.59,false,true,MIR; Mastercard; VISA; SberPay; SBP; YooMoney,https://timeweb.cloud/services/vds-vps?location=kz,2026-08-30
smartape:smartape-linux-nvme-nvme-x16-320gb-datapro-moscow-i-ru-69,SmartApe,NVMe X16 · 320 GB,,Czech Republic,CZ,Host-Telecom (CZ),Linux; Windows,12,,16,320,NVMe,unlimited,200,5710,RUB,month,67.66,true,true,BNB; BTC; DOGE; ETH; HUMO; JCB; LTC; SOL; TRX; USDC; APRA; MIR; Mastercard; VISA; PayPal,https://www.smartape.ru/ssd-vps,2026-08-30
smartape:smartape-linux-nvme-nvme-x16-320gb-datapro-moscow-i-ru-69,SmartApe,NVMe X16 · 320 GB,,Israel,IL,Partner Group (IL),Linux; Windows,12,,16,320,NVMe,unlimited,200,5710,RUB,month,67.66,true,true,BNB; BTC; DOGE; ETH; HUMO; JCB; LTC; SOL; TRX; USDC; APRA; MIR; Mastercard; VISA; PayPal,https://www.smartape.ru/ssd-vps,2026-08-30
smartape:smartape-linux-nvme-nvme-x16-320gb-datapro-moscow-i-ru-69,SmartApe,NVMe X16 · 320 GB,,Russia,RU,DataPro Moscow I (RU),Linux; Windows,12,,16,320,NVMe,unlimited,200,5710,RUB,month,67.66,true,true,BNB; BTC; DOGE; ETH; HUMO; JCB; LTC; SOL; TRX; USDC; APRA; MIR; Mastercard; VISA; PayPal,https://www.smartape.ru/ssd-vps,2026-08-30
timeweb:timeweb-de-160-row-67,TimeWEB,DE-160,,Germany,DE,Германия-Франкфурт,,8,,16,160,NVMe,,200,5720,RUB,month,67.78,false,true,MIR; Mastercard; VISA; SberPay; SBP; YooMoney,https://timeweb.cloud/services/vds-vps?location=de,2026-08-30
selectel:selectel-selectel-standard-2vcpu-16gb-64nvme-row-12,Selectel,Standard 2C-16G-64G,,Russia,RU,"Россия, Москва / Санкт-Петербург",,2,,16,64,NVMe,3,3000,5747.84,RUB,month,68.1,false,true,MIR; VISA; Mastercard; SBP; YooMoney; Bank transfer,https://selectel.ru/prices/calculator/,2026-09-22
timeweb:timeweb-nsk-160-row-47,TimeWEB,NSK 160,,Russia,RU,Россия-Новосибирск,,8,,16,160,NVMe,,100,5790,RUB,month,68.6,false,true,MIR; Mastercard; VISA; SberPay; SBP; YooMoney,https://timeweb.cloud/services/vds-vps?location=ru-nsk,2026-08-30
firstbyte:firstbyte-business-msk-kvm-ssd-4-row-102,Firstbyte,Business MSK-KVM-SSD-4,,Russia,RU,"Россия, Москва",,6,,7,100,SSD,8,200,5799,RUB,month,68.71,true,true,BNB; BTC; DOGE; ETH; LTC; SOL; TON; TRX; USDT; MIR; Mastercard; VISA; SBP; PayPal; YooMoney,https://firstbyte.ru/vps-vds/kvm-business/,2026-08-30
1cent-host:1cent-host-90-fi-12,1cent.host,FI-5,,Finland,FI,FI,,16,,32,500,NVMe,,1000,6000,RUB,month,71.09,,,,https://1cent.host/,2026-08-30
timeweb:timeweb-high-msk-4-8-100-row-10,TimeWEB,High MSK 4/8/100,,Russia,RU,Россия-Москва,,4,,8,100,NVMe,,1000,6040,RUB,month,71.57,false,true,MIR; Mastercard; VISA; SberPay; SBP; YooMoney,https://timeweb.cloud/services/vds-vps,2026-08-30
vultr:vultr-vhp-4c-12gb-amd-ewr-ord-dfw-sea-lax-atl-ams-lhr-fra-sjc-syd-yto-cdg-nrt-waw-mad-icn-mia-sgp-sto-mex-mel-bom-jnb-tlv-blr-del-scl-itm-man-43,Vultr,High Performance AMD 4C-12G,,Australia,AU,"ewr, ord, dfw, sea, lax, atl, ams, lhr, fra, sjc, syd, yto, cdg, nrt, waw, mad, icn, mia, sgp, sto, mex, mel, bom, jnb, tlv, blr, del, scl, itm, man",,4,,12,260,,7,,72,USD,month,72,false,false,Mastercard; VISA; PayPal,https://www.vultr.com/pricing/,2026-08-30
vultr:vultr-vhp-4c-12gb-intel-ewr-ord-dfw-sea-lax-atl-ams-lhr-fra-sjc-syd-yto-cdg-nrt-waw-mad-icn-mia-sgp-sto-mex-mel-hnl-bom-jnb-tlv-blr-del-scl-itm-man-59,Vultr,High Performance Intel 4C-12G,,Australia,AU,"ewr, ord, dfw, sea, lax, atl, ams, lhr, fra, sjc, syd, yto, cdg, nrt, waw, mad, icn, mia, sgp, sto, mex, mel, hnl, bom, jnb, tlv, blr, del, scl, itm, man",,4,,12,260,,7,,72,USD,month,72,false,false,Mastercard; VISA; PayPal,https://www.vultr.com/pricing/,2026-08-30
vultr:vultr-vhp-4c-8gb-amd-sao-sao-42,Vultr,High Performance AMD 4C-8G,,Brazil,BR,sao,,4,,8,180,,6,,72,USD,month,72,false,false,Mastercard; VISA; PayPal,https://www.vultr.com/pricing/,2026-08-30
vultr:vultr-vhp-4c-8gb-intel-sao-sao-58,Vultr,High Performance Intel 4C-8G,,Brazil,BR,sao,,4,,8,180,,6,,72,USD,month,72,false,false,Mastercard; VISA; PayPal,https://www.vultr.com/pricing/,2026-08-30
vultr:vultr-vhp-4c-12gb-amd-ewr-ord-dfw-sea-lax-atl-ams-lhr-fra-sjc-syd-yto-cdg-nrt-waw-mad-icn-mia-sgp-sto-mex-mel-bom-jnb-tlv-blr-del-scl-itm-man-43,Vultr,High Performance AMD 4C-12G,,Canada,CA,"ewr, ord, dfw, sea, lax, atl, ams, lhr, fra, sjc, syd, yto, cdg, nrt, waw, mad, icn, mia, sgp, sto, mex, mel, bom, jnb, tlv, blr, del, scl, itm, man",,4,,12,260,,7,,72,USD,month,72,false,false,Mastercard; VISA; PayPal,https://www.vultr.com/pricing/,2026-08-30
vultr:vultr-vhp-4c-12gb-intel-ewr-ord-dfw-sea-lax-atl-ams-lhr-fra-sjc-syd-yto-cdg-nrt-waw-mad-icn-mia-sgp-sto-mex-mel-hnl-bom-jnb-tlv-blr-del-scl-itm-man-59,Vultr,High Performance Intel 4C-12G,,Canada,CA,"ewr, ord, dfw, sea, lax, atl, ams, lhr, fra, sjc, syd, yto, cdg, nrt, waw, mad, icn, mia, sgp, sto, mex, mel, hnl, bom, jnb, tlv, blr, del, scl, itm, man",,4,,12,260,,7,,72,USD,month,72,false,false,Mastercard; VISA; PayPal,https://www.vultr.com/pricing/,2026-08-30
vultr:vultr-vhp-4c-12gb-amd-ewr-ord-dfw-sea-lax-atl-ams-lhr-fra-sjc-syd-yto-cdg-nrt-waw-mad-icn-mia-sgp-sto-mex-mel-bom-jnb-tlv-blr-del-scl-itm-man-43,Vultr,High Performance AMD 4C-12G,,Chile,CL,"ewr, ord, dfw, sea, lax, atl, ams, lhr, fra, sjc, syd, yto, cdg, nrt, waw, mad, icn, mia, sgp, sto, mex, mel, bom, jnb, tlv, blr, del, scl, itm, man",,4,,12,260,,7,,72,USD,month,72,false,false,Mastercard; VISA; PayPal,https://www.vultr.com/pricing/,2026-08-30
vultr:vultr-vhp-4c-12gb-intel-ewr-ord-dfw-sea-lax-atl-ams-lhr-fra-sjc-syd-yto-cdg-nrt-waw-mad-icn-mia-sgp-sto-mex-mel-hnl-bom-jnb-tlv-blr-del-scl-itm-man-59,Vultr,High Performance Intel 4C-12G,,Chile,CL,"ewr, ord, dfw, sea, lax, atl, ams, lhr, fra, sjc, syd, yto, cdg, nrt, waw, mad, icn, mia, sgp, sto, mex, mel, hnl, bom, jnb, tlv, blr, del, scl, itm, man",,4,,12,260,,7,,72,USD,month,72,false,false,Mastercard; VISA; PayPal,https://www.vultr.com/pricing/,2026-08-30
vultr:vultr-vhp-4c-12gb-amd-ewr-ord-dfw-sea-lax-atl-ams-lhr-fra-sjc-syd-yto-cdg-nrt-waw-mad-icn-mia-sgp-sto-mex-mel-bom-jnb-tlv-blr-del-scl-itm-man-43,Vultr,High Performance AMD 4C-12G,,France,FR,"ewr, ord, dfw, sea, lax, atl, ams, lhr, fra, sjc, syd, yto, cdg, nrt, waw, mad, icn, mia, sgp, sto, mex, mel, bom, jnb, tlv, blr, del, scl, itm, man",,4,,12,260,,7,,72,USD,month,72,false,false,Mastercard; VISA; PayPal,https://www.vultr.com/pricing/,2026-08-30
vultr:vultr-vhp-4c-12gb-intel-ewr-ord-dfw-sea-lax-atl-ams-lhr-fra-sjc-syd-yto-cdg-nrt-waw-mad-icn-mia-sgp-sto-mex-mel-hnl-bom-jnb-tlv-blr-del-scl-itm-man-59,Vultr,High Performance Intel 4C-12G,,France,FR,"ewr, ord, dfw, sea, lax, atl, ams, lhr, fra, sjc, syd, yto, cdg, nrt, waw, mad, icn, mia, sgp, sto, mex, mel, hnl, bom, jnb, tlv, blr, del, scl, itm, man",,4,,12,260,,7,,72,USD,month,72,false,false,Mastercard; VISA; PayPal,https://www.vultr.com/pricing/,2026-08-30
vultr:vultr-vhp-4c-12gb-amd-ewr-ord-dfw-sea-lax-atl-ams-lhr-fra-sjc-syd-yto-cdg-nrt-waw-mad-icn-mia-sgp-sto-mex-mel-bom-jnb-tlv-blr-del-scl-itm-man-43,Vultr,High Performance AMD 4C-12G,,Germany,DE,"ewr, ord, dfw, sea, lax, atl, ams, lhr, fra, sjc, syd, yto, cdg, nrt, waw, mad, icn, mia, sgp, sto, mex, mel, bom, jnb, tlv, blr, del, scl, itm, man",,4,,12,260,,7,,72,USD,month,72,false,false,Mastercard; VISA; PayPal,https://www.vultr.com/pricing/,2026-08-30
vultr:vultr-vhp-4c-12gb-intel-ewr-ord-dfw-sea-lax-atl-ams-lhr-fra-sjc-syd-yto-cdg-nrt-waw-mad-icn-mia-sgp-sto-mex-mel-hnl-bom-jnb-tlv-blr-del-scl-itm-man-59,Vultr,High Performance Intel 4C-12G,,Germany,DE,"ewr, ord, dfw, sea, lax, atl, ams, lhr, fra, sjc, syd, yto, cdg, nrt, waw, mad, icn, mia, sgp, sto, mex, mel, hnl, bom, jnb, tlv, blr, del, scl, itm, man",,4,,12,260,,7,,72,USD,month,72,false,false,Mastercard; VISA; PayPal,https://www.vultr.com/pricing/,2026-08-30
vultr:vultr-vhp-4c-12gb-amd-ewr-ord-dfw-sea-lax-atl-ams-lhr-fra-sjc-syd-yto-cdg-nrt-waw-mad-icn-mia-sgp-sto-mex-mel-bom-jnb-tlv-blr-del-scl-itm-man-43,Vultr,High Performance AMD 4C-12G,,India,IN,"ewr, ord, dfw, sea, lax, atl, ams, lhr, fra, sjc, syd, yto, cdg, nrt, waw, mad, icn, mia, sgp, sto, mex, mel, bom, jnb, tlv, blr, del, scl, itm, man",,4,,12,260,,7,,72,USD,month,72,false,false,Mastercard; VISA; PayPal,https://www.vultr.com/pricing/,2026-08-30
vultr:vultr-vhp-4c-12gb-intel-ewr-ord-dfw-sea-lax-atl-ams-lhr-fra-sjc-syd-yto-cdg-nrt-waw-mad-icn-mia-sgp-sto-mex-mel-hnl-bom-jnb-tlv-blr-del-scl-itm-man-59,Vultr,High Performance Intel 4C-12G,,India,IN,"ewr, ord, dfw, sea, lax, atl, ams, lhr, fra, sjc, syd, yto, cdg, nrt, waw, mad, icn, mia, sgp, sto, mex, mel, hnl, bom, jnb, tlv, blr, del, scl, itm, man",,4,,12,260,,7,,72,USD,month,72,false,false,Mastercard; VISA; PayPal,https://www.vultr.com/pricing/,2026-08-30
vultr:vultr-vhp-4c-12gb-amd-ewr-ord-dfw-sea-lax-atl-ams-lhr-fra-sjc-syd-yto-cdg-nrt-waw-mad-icn-mia-sgp-sto-mex-mel-bom-jnb-tlv-blr-del-scl-itm-man-43,Vultr,High Performance AMD 4C-12G,,Israel,IL,"ewr, ord, dfw, sea, lax, atl, ams, lhr, fra, sjc, syd, yto, cdg, nrt, waw, mad, icn, mia, sgp, sto, mex, mel, bom, jnb, tlv, blr, del, scl, itm, man",,4,,12,260,,7,,72,USD,month,72,false,false,Mastercard; VISA; PayPal,https://www.vultr.com/pricing/,2026-08-30
vultr:vultr-vhp-4c-12gb-intel-ewr-ord-dfw-sea-lax-atl-ams-lhr-fra-sjc-syd-yto-cdg-nrt-waw-mad-icn-mia-sgp-sto-mex-mel-hnl-bom-jnb-tlv-blr-del-scl-itm-man-59,Vultr,High Performance Intel 4C-12G,,Israel,IL,"ewr, ord, dfw, sea, lax, atl, ams, lhr, fra, sjc, syd, yto, cdg, nrt, waw, mad, icn, mia, sgp, sto, mex, mel, hnl, bom, jnb, tlv, blr, del, scl, itm, man",,4,,12,260,,7,,72,USD,month,72,false,false,Mastercard; VISA; PayPal,https://www.vultr.com/pricing/,2026-08-30
vultr:vultr-vhp-4c-12gb-amd-ewr-ord-dfw-sea-lax-atl-ams-lhr-fra-sjc-syd-yto-cdg-nrt-waw-mad-icn-mia-sgp-sto-mex-mel-bom-jnb-tlv-blr-del-scl-itm-man-43,Vultr,High Performance AMD 4C-12G,,Japan,JP,"ewr, ord, dfw, sea, lax, atl, ams, lhr, fra, sjc, syd, yto, cdg, nrt, waw, mad, icn, mia, sgp, sto, mex, mel, bom, jnb, tlv, blr, del, scl, itm, man",,4,,12,260,,7,,72,USD,month,72,false,false,Mastercard; VISA; PayPal,https://www.vultr.com/pricing/,2026-08-30
vultr:vultr-vhp-4c-12gb-intel-ewr-ord-dfw-sea-lax-atl-ams-lhr-fra-sjc-syd-yto-cdg-nrt-waw-mad-icn-mia-sgp-sto-mex-mel-hnl-bom-jnb-tlv-blr-del-scl-itm-man-59,Vultr,High Performance Intel 4C-12G,,Japan,JP,"ewr, ord, dfw, sea, lax, atl, ams, lhr, fra, sjc, syd, yto, cdg, nrt, waw, mad, icn, mia, sgp, sto, mex, mel, hnl, bom, jnb, tlv, blr, del, scl, itm, man",,4,,12,260,,7,,72,USD,month,72,false,false,Mastercard; VISA; PayPal,https://www.vultr.com/pricing/,2026-08-30
vultr:vultr-vhp-4c-12gb-amd-ewr-ord-dfw-sea-lax-atl-ams-lhr-fra-sjc-syd-yto-cdg-nrt-waw-mad-icn-mia-sgp-sto-mex-mel-bom-jnb-tlv-blr-del-scl-itm-man-43,Vultr,High Performance AMD 4C-12G,,Mexico,MX,"ewr, ord, dfw, sea, lax, atl, ams, lhr, fra, sjc, syd, yto, cdg, nrt, waw, mad, icn, mia, sgp, sto, mex, mel, bom, jnb, tlv, blr, del, scl, itm, man",,4,,12,260,,7,,72,USD,month,72,false,false,Mastercard; VISA; PayPal,https://www.vultr.com/pricing/,2026-08-30
vultr:vultr-vhp-4c-12gb-intel-ewr-ord-dfw-sea-lax-atl-ams-lhr-fra-sjc-syd-yto-cdg-nrt-waw-mad-icn-mia-sgp-sto-mex-mel-hnl-bom-jnb-tlv-blr-del-scl-itm-man-59,Vultr,High Performance Intel 4C-12G,,Mexico,MX,"ewr, ord, dfw, sea, lax, atl, ams, lhr, fra, sjc, syd, yto, cdg, nrt, waw, mad, icn, mia, sgp, sto, mex, mel, hnl, bom, jnb, tlv, blr, del, scl, itm, man",,4,,12,260,,7,,72,USD,month,72,false,false,Mastercard; VISA; PayPal,https://www.vultr.com/pricing/,2026-08-30
vultr:vultr-vhp-4c-12gb-amd-ewr-ord-dfw-sea-lax-atl-ams-lhr-fra-sjc-syd-yto-cdg-nrt-waw-mad-icn-mia-sgp-sto-mex-mel-bom-jnb-tlv-blr-del-scl-itm-man-43,Vultr,High Performance AMD 4C-12G,,Netherlands,NL,"ewr, ord, dfw, sea, lax, atl, ams, lhr, fra, sjc, syd, yto, cdg, nrt, waw, mad, icn, mia, sgp, sto, mex, mel, bom, jnb, tlv, blr, del, scl, itm, man",,4,,12,260,,7,,72,USD,month,72,false,false,Mastercard; VISA; PayPal,https://www.vultr.com/pricing/,2026-08-30
vultr:vultr-vhp-4c-12gb-intel-ewr-ord-dfw-sea-lax-atl-ams-lhr-fra-sjc-syd-yto-cdg-nrt-waw-mad-icn-mia-sgp-sto-mex-mel-hnl-bom-jnb-tlv-blr-del-scl-itm-man-59,Vultr,High Performance Intel 4C-12G,,Netherlands,NL,"ewr, ord, dfw, sea, lax, atl, ams, lhr, fra, sjc, syd, yto, cdg, nrt, waw, mad, icn, mia, sgp, sto, mex, mel, hnl, bom, jnb, tlv, blr, del, scl, itm, man",,4,,12,260,,7,,72,USD,month,72,false,false,Mastercard; VISA; PayPal,https://www.vultr.com/pricing/,2026-08-30
vultr:vultr-vhp-4c-12gb-amd-ewr-ord-dfw-sea-lax-atl-ams-lhr-fra-sjc-syd-yto-cdg-nrt-waw-mad-icn-mia-sgp-sto-mex-mel-bom-jnb-tlv-blr-del-scl-itm-man-43,Vultr,High Performance AMD 4C-12G,,Poland,PL,"ewr, ord, dfw, sea, lax, atl, ams, lhr, fra, sjc, syd, yto, cdg, nrt, waw, mad, icn, mia, sgp, sto, mex, mel, bom, jnb, tlv, blr, del, scl, itm, man",,4,,12,260,,7,,72,USD,month,72,false,false,Mastercard; VISA; PayPal,https://www.vultr.com/pricing/,2026-08-30
vultr:vultr-vhp-4c-12gb-intel-ewr-ord-dfw-sea-lax-atl-ams-lhr-fra-sjc-syd-yto-cdg-nrt-waw-mad-icn-mia-sgp-sto-mex-mel-hnl-bom-jnb-tlv-blr-del-scl-itm-man-59,Vultr,High Performance Intel 4C-12G,,Poland,PL,"ewr, ord, dfw, sea, lax, atl, ams, lhr, fra, sjc, syd, yto, cdg, nrt, waw, mad, icn, mia, sgp, sto, mex, mel, hnl, bom, jnb, tlv, blr, del, scl, itm, man",,4,,12,260,,7,,72,USD,month,72,false,false,Mastercard; VISA; PayPal,https://www.vultr.com/pricing/,2026-08-30
vultr:vultr-vhp-4c-12gb-amd-ewr-ord-dfw-sea-lax-atl-ams-lhr-fra-sjc-syd-yto-cdg-nrt-waw-mad-icn-mia-sgp-sto-mex-mel-bom-jnb-tlv-blr-del-scl-itm-man-43,Vultr,High Performance AMD 4C-12G,,Singapore,SG,"ewr, ord, dfw, sea, lax, atl, ams, lhr, fra, sjc, syd, yto, cdg, nrt, waw, mad, icn, mia, sgp, sto, mex, mel, bom, jnb, tlv, blr, del, scl, itm, man",,4,,12,260,,7,,72,USD,month,72,false,false,Mastercard; VISA; PayPal,https://www.vultr.com/pricing/,2026-08-30
vultr:vultr-vhp-4c-12gb-intel-ewr-ord-dfw-sea-lax-atl-ams-lhr-fra-sjc-syd-yto-cdg-nrt-waw-mad-icn-mia-sgp-sto-mex-mel-hnl-bom-jnb-tlv-blr-del-scl-itm-man-59,Vultr,High Performance Intel 4C-12G,,Singapore,SG,"ewr, ord, dfw, sea, lax, atl, ams, lhr, fra, sjc, syd, yto, cdg, nrt, waw, mad, icn, mia, sgp, sto, mex, mel, hnl, bom, jnb, tlv, blr, del, scl, itm, man",,4,,12,260,,7,,72,USD,month,72,false,false,Mastercard; VISA; PayPal,https://www.vultr.com/pricing/,2026-08-30
vultr:vultr-vhp-4c-12gb-amd-ewr-ord-dfw-sea-lax-atl-ams-lhr-fra-sjc-syd-yto-cdg-nrt-waw-mad-icn-mia-sgp-sto-mex-mel-bom-jnb-tlv-blr-del-scl-itm-man-43,Vultr,High Performance AMD 4C-12G,,South Africa,ZA,"ewr, ord, dfw, sea, lax, atl, ams, lhr, fra, sjc, syd, yto, cdg, nrt, waw, mad, icn, mia, sgp, sto, mex, mel, bom, jnb, tlv, blr, del, scl, itm, man",,4,,12,260,,7,,72,USD,month,72,false,false,Mastercard; VISA; PayPal,https://www.vultr.com/pricing/,2026-08-30
vultr:vultr-vhp-4c-12gb-intel-ewr-ord-dfw-sea-lax-atl-ams-lhr-fra-sjc-syd-yto-cdg-nrt-waw-mad-icn-mia-sgp-sto-mex-mel-hnl-bom-jnb-tlv-blr-del-scl-itm-man-59,Vultr,High Performance Intel 4C-12G,,South Africa,ZA,"ewr, ord, dfw, sea, lax, atl, ams, lhr, fra, sjc, syd, yto, cdg, nrt, waw, mad, icn, mia, sgp, sto, mex, mel, hnl, bom, jnb, tlv, blr, del, scl, itm, man",,4,,12,260,,7,,72,USD,month,72,false,false,Mastercard; VISA; PayPal,https://www.vultr.com/pricing/,2026-08-30
vultr:vultr-vhp-4c-12gb-amd-ewr-ord-dfw-sea-lax-atl-ams-lhr-fra-sjc-syd-yto-cdg-nrt-waw-mad-icn-mia-sgp-sto-mex-mel-bom-jnb-tlv-blr-del-scl-itm-man-43,Vultr,High Performance AMD 4C-12G,,South Korea,KR,"ewr, ord, dfw, sea, lax, atl, ams, lhr, fra, sjc, syd, yto, cdg, nrt, waw, mad, icn, mia, sgp, sto, mex, mel, bom, jnb, tlv, blr, del, scl, itm, man",,4,,12,260,,7,,72,USD,month,72,false,false,Mastercard; VISA; PayPal,https://www.vultr.com/pricing/,2026-08-30
vultr:vultr-vhp-4c-12gb-intel-ewr-ord-dfw-sea-lax-atl-ams-lhr-fra-sjc-syd-yto-cdg-nrt-waw-mad-icn-mia-sgp-sto-mex-mel-hnl-bom-jnb-tlv-blr-del-scl-itm-man-59,Vultr,High Performance Intel 4C-12G,,South Korea,KR,"ewr, ord, dfw, sea, lax, atl, ams, lhr, fra, sjc, syd, yto, cdg, nrt, waw, mad, icn, mia, sgp, sto, mex, mel, hnl, bom, jnb, tlv, blr, del, scl, itm, man",,4,,12,260,,7,,72,USD,month,72,false,false,Mastercard; VISA; PayPal,https://www.vultr.com/pricing/,2026-08-30
vultr:vultr-vhp-4c-12gb-amd-ewr-ord-dfw-sea-lax-atl-ams-lhr-fra-sjc-syd-yto-cdg-nrt-waw-mad-icn-mia-sgp-sto-mex-mel-bom-jnb-tlv-blr-del-scl-itm-man-43,Vultr,High Performance AMD 4C-12G,,Spain,ES,"ewr, ord, dfw, sea, lax, atl, ams, lhr, fra, sjc, syd, yto, cdg, nrt, waw, mad, icn, mia, sgp, sto, mex, mel, bom, jnb, tlv, blr, del, scl, itm, man",,4,,12,260,,7,,72,USD,month,72,false,false,Mastercard; VISA; PayPal,https://www.vultr.com/pricing/,2026-08-30
vultr:vultr-vhp-4c-12gb-intel-ewr-ord-dfw-sea-lax-atl-ams-lhr-fra-sjc-syd-yto-cdg-nrt-waw-mad-icn-mia-sgp-sto-mex-mel-hnl-bom-jnb-tlv-blr-del-scl-itm-man-59,Vultr,High Performance Intel 4C-12G,,Spain,ES,"ewr, ord, dfw, sea, lax, atl, ams, lhr, fra, sjc, syd, yto, cdg, nrt, waw, mad, icn, mia, sgp, sto, mex, mel, hnl, bom, jnb, tlv, blr, del, scl, itm, man",,4,,12,260,,7,,72,USD,month,72,false,false,Mastercard; VISA; PayPal,https://www.vultr.com/pricing/,2026-08-30
vultr:vultr-vhp-4c-12gb-amd-ewr-ord-dfw-sea-lax-atl-ams-lhr-fra-sjc-syd-yto-cdg-nrt-waw-mad-icn-mia-sgp-sto-mex-mel-bom-jnb-tlv-blr-del-scl-itm-man-43,Vultr,High Performance AMD 4C-12G,,Sweden,SE,"ewr, ord, dfw, sea, lax, atl, ams, lhr, fra, sjc, syd, yto, cdg, nrt, waw, mad, icn, mia, sgp, sto, mex, mel, bom, jnb, tlv, blr, del, scl, itm, man",,4,,12,260,,7,,72,USD,month,72,false,false,Mastercard; VISA; PayPal,https://www.vultr.com/pricing/,2026-08-30
vultr:vultr-vhp-4c-12gb-intel-ewr-ord-dfw-sea-lax-atl-ams-lhr-fra-sjc-syd-yto-cdg-nrt-waw-mad-icn-mia-sgp-sto-mex-mel-hnl-bom-jnb-tlv-blr-del-scl-itm-man-59,Vultr,High Performance Intel 4C-12G,,Sweden,SE,"ewr, ord, dfw, sea, lax, atl, ams, lhr, fra, sjc, syd, yto, cdg, nrt, waw, mad, icn, mia, sgp, sto, mex, mel, hnl, bom, jnb, tlv, blr, del, scl, itm, man",,4,,12,260,,7,,72,USD,month,72,false,false,Mastercard; VISA; PayPal,https://www.vultr.com/pricing/,2026-08-30
vultr:vultr-vhp-4c-12gb-amd-ewr-ord-dfw-sea-lax-atl-ams-lhr-fra-sjc-syd-yto-cdg-nrt-waw-mad-icn-mia-sgp-sto-mex-mel-bom-jnb-tlv-blr-del-scl-itm-man-43,Vultr,High Performance AMD 4C-12G,,United Kingdom,GB,"ewr, ord, dfw, sea, lax, atl, ams, lhr, fra, sjc, syd, yto, cdg, nrt, waw, mad, icn, mia, sgp, sto, mex, mel, bom, jnb, tlv, blr, del, scl, itm, man",,4,,12,260,,7,,72,USD,month,72,false,false,Mastercard; VISA; PayPal,https://www.vultr.com/pricing/,2026-08-30
vultr:vultr-vhp-4c-12gb-intel-ewr-ord-dfw-sea-lax-atl-ams-lhr-fra-sjc-syd-yto-cdg-nrt-waw-mad-icn-mia-sgp-sto-mex-mel-hnl-bom-jnb-tlv-blr-del-scl-itm-man-59,Vultr,High Performance Intel 4C-12G,,United Kingdom,GB,"ewr, ord, dfw, sea, lax, atl, ams, lhr, fra, sjc, syd, yto, cdg, nrt, waw, mad, icn, mia, sgp, sto, mex, mel, hnl, bom, jnb, tlv, blr, del, scl, itm, man",,4,,12,260,,7,,72,USD,month,72,false,false,Mastercard; VISA; PayPal,https://www.vultr.com/pricing/,2026-08-30
vultr:vultr-vhp-4c-12gb-amd-ewr-ord-dfw-sea-lax-atl-ams-lhr-fra-sjc-syd-yto-cdg-nrt-waw-mad-icn-mia-sgp-sto-mex-mel-bom-jnb-tlv-blr-del-scl-itm-man-43,Vultr,High Performance AMD 4C-12G,,USA,US,"ewr, ord, dfw, sea, lax, atl, ams, lhr, fra, sjc, syd, yto, cdg, nrt, waw, mad, icn, mia, sgp, sto, mex, mel, bom, jnb, tlv, blr, del, scl, itm, man",,4,,12,260,,7,,72,USD,month,72,false,false,Mastercard; VISA; PayPal,https://www.vultr.com/pricing/,2026-08-30
vultr:vultr-vhp-4c-12gb-intel-ewr-ord-dfw-sea-lax-atl-ams-lhr-fra-sjc-syd-yto-cdg-nrt-waw-mad-icn-mia-sgp-sto-mex-mel-hnl-bom-jnb-tlv-blr-del-scl-itm-man-59,Vultr,High Performance Intel 4C-12G,,USA,US,"ewr, ord, dfw, sea, lax, atl, ams, lhr, fra, sjc, syd, yto, cdg, nrt, waw, mad, icn, mia, sgp, sto, mex, mel, hnl, bom, jnb, tlv, blr, del, scl, itm, man",,4,,12,260,,7,,72,USD,month,72,false,false,Mastercard; VISA; PayPal,https://www.vultr.com/pricing/,2026-08-30
hostingvds:hostingvds-vds-kvm-nvme-hvds-48g-eu-1-91,HostingVDS,HVDS-48G-EU,,Bulgaria,BG,"Болгария, София (1Гбит/с)",,16,,48,380,NVMe,22,1000,62.89,EUR,month,72.09,true,true,BNB; BTC; DAI; ETH; LTC; POL; SOL; TON; TRX; USDC; USDT; MIR; SBP,https://my.hosting-vds.com/order/vds-kvm-ssd-eu/50,2026-08-30
hostingvds:hostingvds-vds-kvm-nvme-hvds-48g-eu-1-91,HostingVDS,HVDS-48G-EU,,Finland,FI,"Финляндия, Хельсинки (1Гбит/с)",,16,,48,380,NVMe,22,1000,62.89,EUR,month,72.09,true,true,BNB; BTC; DAI; ETH; LTC; POL; SOL; TON; TRX; USDC; USDT; MIR; SBP,https://my.hosting-vds.com/order/vds-kvm-ssd-eu/50,2026-08-30
hostingvds:hostingvds-vds-kvm-nvme-hvds-48g-eu-1-91,HostingVDS,HVDS-48G-EU,,Germany,DE,"Германия, Франкфурт (1Гбит/с)",,16,,48,380,NVMe,22,1000,62.89,EUR,month,72.09,true,true,BNB; BTC; DAI; ETH; LTC; POL; SOL; TON; TRX; USDC; USDT; MIR; SBP,https://my.hosting-vds.com/order/vds-kvm-ssd-eu/50,2026-08-30
hostingvds:hostingvds-vds-kvm-nvme-hvds-48g-eu-1-91,HostingVDS,HVDS-48G-EU,,Latvia,LV,"Латвия, Рига (1Гбит/с)",,16,,48,380,NVMe,22,1000,62.89,EUR,month,72.09,true,true,BNB; BTC; DAI; ETH; LTC; POL; SOL; TON; TRX; USDC; USDT; MIR; SBP,https://my.hosting-vds.com/order/vds-kvm-ssd-eu/50,2026-08-30
hostingvds:hostingvds-vds-kvm-nvme-hvds-48g-eu-1-91,HostingVDS,HVDS-48G-EU,,Poland,PL,"Польша, Варшава (1Гбит/с)",,16,,48,380,NVMe,22,1000,62.89,EUR,month,72.09,true,true,BNB; BTC; DAI; ETH; LTC; POL; SOL; TON; TRX; USDC; USDT; MIR; SBP,https://my.hosting-vds.com/order/vds-kvm-ssd-eu/50,2026-08-30
hostingvds:hostingvds-vds-kvm-nvme-hvds-48g-selectel-23,HostingVDS,HVDS-48G,,Russia,RU,"Россия, Москва - Selectel",,16,,48,380,NVMe,22,10000,62.89,EUR,month,72.09,true,true,BNB; BTC; DAI; ETH; LTC; POL; SOL; TON; TRX; USDC; USDT; MIR; SBP,https://my.hosting-vds.com/order/standart-vds/1,2026-08-30
hostingvds:hostingvds-vds-kvm-nvme-hvds-48g-eu-1-91,HostingVDS,HVDS-48G-EU,,Sweden,SE,"Швеция, Стокгольм (1Гбит/с)",,16,,48,380,NVMe,22,1000,62.89,EUR,month,72.09,true,true,BNB; BTC; DAI; ETH; LTC; POL; SOL; TON; TRX; USDC; USDT; MIR; SBP,https://my.hosting-vds.com/order/vds-kvm-ssd-eu/50,2026-08-30
zomro:zomro-zomro-basic-max-netherlands-22,Zomro,Basic Max,,Germany,DE,Germany,,12,,30,210,,12,,63.95,EUR,month,73.31,true,true,BNB; BTC; ETH; SOL; TON; USDC; USDT; MIR; Mastercard; VISA; SBP; PayPal,https://zomro.com/vps/basic,2026-08-30
zomro:zomro-zomro-basic-max-netherlands-22,Zomro,Basic Max,,Netherlands,NL,Netherlands,,12,,30,210,,12,,63.95,EUR,month,73.31,true,true,BNB; BTC; ETH; SOL; TON; USDC; USDT; MIR; Mastercard; VISA; SBP; PayPal,https://zomro.com/vps/basic,2026-08-30
zomro:zomro-zomro-storage-vim-netherlands-64,Zomro,Storage Vim,,Netherlands,NL,Netherlands,,4,,20,1000,,4,,63.95,EUR,month,73.31,true,true,BNB; BTC; ETH; SOL; TON; USDC; USDT; MIR; Mastercard; VISA; SBP; PayPal,https://zomro.com/big_vds,2026-08-30
zomro:zomro-zomro-basic-max-netherlands-22,Zomro,Basic Max,,USA,US,USA,,12,,30,210,,12,,63.95,EUR,month,73.31,true,true,BNB; BTC; ETH; SOL; TON; USDC; USDT; MIR; Mastercard; VISA; SBP; PayPal,https://zomro.com/vps/basic,2026-08-30
timeweb:timeweb-nl-100-row-59,TimeWEB,NL-100,,Netherlands,NL,Нидерланды-Амстердам,,8,,12,100,NVMe,,1000,6250,RUB,month,74.05,false,true,MIR; Mastercard; VISA; SberPay; SBP; YooMoney,https://timeweb.cloud/services/vds-vps?location=nl,2026-08-30
zomro:zomro-zomro-cheap-meister-netherlands-6,Zomro,Cheap Meister,,Netherlands,NL,Netherlands,,8,,56,320,,8,,64.95,EUR,month,74.45,true,true,BNB; BTC; ETH; SOL; TON; USDC; USDT; MIR; Mastercard; VISA; SBP; PayPal,https://zomro.com/cheap-vps,2026-08-30
waicore:waicore-amd-epyc-9454-ep4-germany-frankfurt-am-main-4,WAICORE,EP4,,Germany,DE,"Germany, Frankfurt am Main",,8,,16,240,,50,2500,6400,RUB,month,75.83,,,,https://waicore.com/prices?tab=virtual,2026-08-30
selectel:selectel-selectel-highfreq-4vcpu-8gb-90nvme-row-29,Selectel,HighFreq 4C-8G-90G,,Russia,RU,"Россия, Москва / Санкт-Петербург",,4,,8,90,NVMe,3,3000,6458.11,RUB,month,76.52,false,true,MIR; VISA; Mastercard; SBP; YooMoney; Bank transfer,https://selectel.ru/prices/calculator/,2026-09-22
1cent-host:1cent-host-165-ee-30,1cent.host,EE-5,,Estonia,EE,EE,,16,,32,500,NVMe,,10000,6490,RUB,month,76.9,,,,https://1cent.host/,2026-08-30
1cent-host:1cent-host-53-de-6,1cent.host,DE-5,,Germany,DE,DE,,16,,32,500,NVMe,,10000,6490,RUB,month,76.9,,,,https://1cent.host/,2026-08-30
1cent-host:1cent-host-53-de-6,1cent.host,NL-5,,Netherlands,NL,NL,,16,,32,500,NVMe,,10000,6490,RUB,month,76.9,,,,https://1cent.host/,2026-08-30
1cent-host:1cent-host-53-de-6,1cent.host,SE-5,,Sweden,SE,SE,,16,,32,500,NVMe,,10000,6490,RUB,month,76.9,,,,https://1cent.host/,2026-08-30
aeza:aeza-414-18-vienna-19,Aeza,VIE-4,,Austria,AT,18-VIENNA,,8,,16,240,,unlimited,1000,67.86,EUR,month,77.79,true,true,BNB; BTC; ETH; LTC; SOL; TON; TRX; USDT; MIR; Mastercard; VISA,https://aeza.net/ru/virtual-servers,2026-08-30
aeza:aeza-414-18-vienna-19,Aeza,HEL-4,,Finland,FI,34-HELSINKI,,8,,16,240,,unlimited,1000,67.86,EUR,month,77.79,true,true,BNB; BTC; ETH; LTC; SOL; TON; TRX; USDT; MIR; Mastercard; VISA,https://aeza.net/ru/virtual-servers,2026-08-30
aeza:aeza-404-40-paris-49,Aeza,PAR-4,,France,FR,40-PARIS,,8,,16,240,,,1000,67.86,EUR,month,77.79,true,true,BNB; BTC; ETH; LTC; SOL; TON; TRX; USDT; MIR; Mastercard; VISA,https://aeza.net/ru/virtual-servers,2026-08-30
aeza:aeza-151-17-moscow-4,Aeza,MSK-4,SPB-4,Russia,RU,17-MOSCOW; 65-SAINT-PETERSBURG,,8,,16,240,,unlimited,25000,67.86,EUR,month,77.79,true,true,BNB; BTC; ETH; LTC; SOL; TON; TRX; USDT; MIR; Mastercard; VISA,https://aeza.net/ru/virtual-servers,2026-08-30
aeza:aeza-414-18-vienna-19,Aeza,SWE-4,,Sweden,SE,37-STOCKHOLM,,8,,16,240,,unlimited,1000,67.86,EUR,month,77.79,true,true,BNB; BTC; ETH; LTC; SOL; TON; TRX; USDT; MIR; Mastercard; VISA,https://aeza.net/ru/virtual-servers,2026-08-30
aeza:aeza-388-51-london-54,Aeza,LNDs-4,,United Kingdom,GB,51-LONDON,,8,,16,240,,unlimited,1000,68.11,EUR,month,78.07,true,true,BNB; BTC; ETH; LTC; SOL; TON; TRX; USDT; MIR; Mastercard; VISA,https://aeza.net/ru/virtual-servers,2026-08-30
datacheap:datacheap-vps-gold-nvme-row-7,DataCheap,VPS Gold NVMe,,Russia,RU,"Россия, Москва",,8,,32,240,NVMe,unlimited,10000,6720,RUB,month,79.62,false,true,Bank card; SBP; PayPal; Bank transfer,https://datacheap.ru/services/arenda-vps-vds-serverov/,2026-08-30
datacheap:datacheap-hi-cpu-ultimate-nvme-row-12,DataCheap,HI-CPU Ultimate NVMe,,Russia,RU,"Россия, Москва",,8,,16,240,NVMe,unlimited,10000,6720,RUB,month,79.62,false,true,Bank card; SBP; PayPal; Bank transfer,https://datacheap.ru/services/arenda-vps-vds-serverov/,2026-08-30
vultr:vultr-vc2-6c-16gb-ewr-ord-dfw-sea-lax-atl-ams-lhr-fra-sjc-syd-yto-cdg-nrt-waw-mad-icn-mia-sgp-sto-mex-mel-bom-jnb-tlv-blr-del-scl-itm-man-13,Vultr,Cloud Compute 6C-16G,,Australia,AU,"ewr, ord, dfw, sea, lax, atl, ams, lhr, fra, sjc, syd, yto, cdg, nrt, waw, mad, icn, mia, sgp, sto, mex, mel, bom, jnb, tlv, blr, del, scl, itm, man",,6,,16,320,SSD,5,,80,USD,month,80,false,false,Mastercard; VISA; PayPal,https://www.vultr.com/pricing/,2026-08-30
vultr:vultr-vc2-6c-16gb-ewr-ord-dfw-sea-lax-atl-ams-lhr-fra-sjc-syd-yto-cdg-nrt-waw-mad-icn-mia-sgp-sto-mex-mel-bom-jnb-tlv-blr-del-scl-itm-man-13,Vultr,Cloud Compute 6C-16G,,Canada,CA,"ewr, ord, dfw, sea, lax, atl, ams, lhr, fra, sjc, syd, yto, cdg, nrt, waw, mad, icn, mia, sgp, sto, mex, mel, bom, jnb, tlv, blr, del, scl, itm, man",,6,,16,320,SSD,5,,80,USD,month,80,false,false,Mastercard; VISA; PayPal,https://www.vultr.com/pricing/,2026-08-30
vultr:vultr-vc2-6c-16gb-ewr-ord-dfw-sea-lax-atl-ams-lhr-fra-sjc-syd-yto-cdg-nrt-waw-mad-icn-mia-sgp-sto-mex-mel-bom-jnb-tlv-blr-del-scl-itm-man-13,Vultr,Cloud Compute 6C-16G,,Chile,CL,"ewr, ord, dfw, sea, lax, atl, ams, lhr, fra, sjc, syd, yto, cdg, nrt, waw, mad, icn, mia, sgp, sto, mex, mel, bom, jnb, tlv, blr, del, scl, itm, man",,6,,16,320,SSD,5,,80,USD,month,80,false,false,Mastercard; VISA; PayPal,https://www.vultr.com/pricing/,2026-08-30
vultr:vultr-vc2-6c-16gb-ewr-ord-dfw-sea-lax-atl-ams-lhr-fra-sjc-syd-yto-cdg-nrt-waw-mad-icn-mia-sgp-sto-mex-mel-bom-jnb-tlv-blr-del-scl-itm-man-13,Vultr,Cloud Compute 6C-16G,,France,FR,"ewr, ord, dfw, sea, lax, atl, ams, lhr, fra, sjc, syd, yto, cdg, nrt, waw, mad, icn, mia, sgp, sto, mex, mel, bom, jnb, tlv, blr, del, scl, itm, man",,6,,16,320,SSD,5,,80,USD,month,80,false,false,Mastercard; VISA; PayPal,https://www.vultr.com/pricing/,2026-08-30
vultr:vultr-vc2-6c-16gb-ewr-ord-dfw-sea-lax-atl-ams-lhr-fra-sjc-syd-yto-cdg-nrt-waw-mad-icn-mia-sgp-sto-mex-mel-bom-jnb-tlv-blr-del-scl-itm-man-13,Vultr,Cloud Compute 6C-16G,,Germany,DE,"ewr, ord, dfw, sea, lax, atl, ams, lhr, fra, sjc, syd, yto, cdg, nrt, waw, mad, icn, mia, sgp, sto, mex, mel, bom, jnb, tlv, blr, del, scl, itm, man",,6,,16,320,SSD,5,,80,USD,month,80,false,false,Mastercard; VISA; PayPal,https://www.vultr.com/pricing/,2026-08-30
vultr:vultr-vc2-6c-16gb-ewr-ord-dfw-sea-lax-atl-ams-lhr-fra-sjc-syd-yto-cdg-nrt-waw-mad-icn-mia-sgp-sto-mex-mel-bom-jnb-tlv-blr-del-scl-itm-man-13,Vultr,Cloud Compute 6C-16G,,India,IN,"ewr, ord, dfw, sea, lax, atl, ams, lhr, fra, sjc, syd, yto, cdg, nrt, waw, mad, icn, mia, sgp, sto, mex, mel, bom, jnb, tlv, blr, del, scl, itm, man",,6,,16,320,SSD,5,,80,USD,month,80,false,false,Mastercard; VISA; PayPal,https://www.vultr.com/pricing/,2026-08-30
vultr:vultr-vc2-6c-16gb-ewr-ord-dfw-sea-lax-atl-ams-lhr-fra-sjc-syd-yto-cdg-nrt-waw-mad-icn-mia-sgp-sto-mex-mel-bom-jnb-tlv-blr-del-scl-itm-man-13,Vultr,Cloud Compute 6C-16G,,Israel,IL,"ewr, ord, dfw, sea, lax, atl, ams, lhr, fra, sjc, syd, yto, cdg, nrt, waw, mad, icn, mia, sgp, sto, mex, mel, bom, jnb, tlv, blr, del, scl, itm, man",,6,,16,320,SSD,5,,80,USD,month,80,false,false,Mastercard; VISA; PayPal,https://www.vultr.com/pricing/,2026-08-30
vultr:vultr-vc2-6c-16gb-ewr-ord-dfw-sea-lax-atl-ams-lhr-fra-sjc-syd-yto-cdg-nrt-waw-mad-icn-mia-sgp-sto-mex-mel-bom-jnb-tlv-blr-del-scl-itm-man-13,Vultr,Cloud Compute 6C-16G,,Japan,JP,"ewr, ord, dfw, sea, lax, atl, ams, lhr, fra, sjc, syd, yto, cdg, nrt, waw, mad, icn, mia, sgp, sto, mex, mel, bom, jnb, tlv, blr, del, scl, itm, man",,6,,16,320,SSD,5,,80,USD,month,80,false,false,Mastercard; VISA; PayPal,https://www.vultr.com/pricing/,2026-08-30
vultr:vultr-vc2-6c-16gb-ewr-ord-dfw-sea-lax-atl-ams-lhr-fra-sjc-syd-yto-cdg-nrt-waw-mad-icn-mia-sgp-sto-mex-mel-bom-jnb-tlv-blr-del-scl-itm-man-13,Vultr,Cloud Compute 6C-16G,,Mexico,MX,"ewr, ord, dfw, sea, lax, atl, ams, lhr, fra, sjc, syd, yto, cdg, nrt, waw, mad, icn, mia, sgp, sto, mex, mel, bom, jnb, tlv, blr, del, scl, itm, man",,6,,16,320,SSD,5,,80,USD,month,80,false,false,Mastercard; VISA; PayPal,https://www.vultr.com/pricing/,2026-08-30
vultr:vultr-vc2-6c-16gb-ewr-ord-dfw-sea-lax-atl-ams-lhr-fra-sjc-syd-yto-cdg-nrt-waw-mad-icn-mia-sgp-sto-mex-mel-bom-jnb-tlv-blr-del-scl-itm-man-13,Vultr,Cloud Compute 6C-16G,,Netherlands,NL,"ewr, ord, dfw, sea, lax, atl, ams, lhr, fra, sjc, syd, yto, cdg, nrt, waw, mad, icn, mia, sgp, sto, mex, mel, bom, jnb, tlv, blr, del, scl, itm, man",,6,,16,320,SSD,5,,80,USD,month,80,false,false,Mastercard; VISA; PayPal,https://www.vultr.com/pricing/,2026-08-30
vultr:vultr-vc2-6c-16gb-ewr-ord-dfw-sea-lax-atl-ams-lhr-fra-sjc-syd-yto-cdg-nrt-waw-mad-icn-mia-sgp-sto-mex-mel-bom-jnb-tlv-blr-del-scl-itm-man-13,Vultr,Cloud Compute 6C-16G,,Poland,PL,"ewr, ord, dfw, sea, lax, atl, ams, lhr, fra, sjc, syd, yto, cdg, nrt, waw, mad, icn, mia, sgp, sto, mex, mel, bom, jnb, tlv, blr, del, scl, itm, man",,6,,16,320,SSD,5,,80,USD,month,80,false,false,Mastercard; VISA; PayPal,https://www.vultr.com/pricing/,2026-08-30
vultr:vultr-vc2-6c-16gb-ewr-ord-dfw-sea-lax-atl-ams-lhr-fra-sjc-syd-yto-cdg-nrt-waw-mad-icn-mia-sgp-sto-mex-mel-bom-jnb-tlv-blr-del-scl-itm-man-13,Vultr,Cloud Compute 6C-16G,,Singapore,SG,"ewr, ord, dfw, sea, lax, atl, ams, lhr, fra, sjc, syd, yto, cdg, nrt, waw, mad, icn, mia, sgp, sto, mex, mel, bom, jnb, tlv, blr, del, scl, itm, man",,6,,16,320,SSD,5,,80,USD,month,80,false,false,Mastercard; VISA; PayPal,https://www.vultr.com/pricing/,2026-08-30
vultr:vultr-vc2-6c-16gb-ewr-ord-dfw-sea-lax-atl-ams-lhr-fra-sjc-syd-yto-cdg-nrt-waw-mad-icn-mia-sgp-sto-mex-mel-bom-jnb-tlv-blr-del-scl-itm-man-13,Vultr,Cloud Compute 6C-16G,,South Africa,ZA,"ewr, ord, dfw, sea, lax, atl, ams, lhr, fra, sjc, syd, yto, cdg, nrt, waw, mad, icn, mia, sgp, sto, mex, mel, bom, jnb, tlv, blr, del, scl, itm, man",,6,,16,320,SSD,5,,80,USD,month,80,false,false,Mastercard; VISA; PayPal,https://www.vultr.com/pricing/,2026-08-30
vultr:vultr-vc2-6c-16gb-ewr-ord-dfw-sea-lax-atl-ams-lhr-fra-sjc-syd-yto-cdg-nrt-waw-mad-icn-mia-sgp-sto-mex-mel-bom-jnb-tlv-blr-del-scl-itm-man-13,Vultr,Cloud Compute 6C-16G,,South Korea,KR,"ewr, ord, dfw, sea, lax, atl, ams, lhr, fra, sjc, syd, yto, cdg, nrt, waw, mad, icn, mia, sgp, sto, mex, mel, bom, jnb, tlv, blr, del, scl, itm, man",,6,,16,320,SSD,5,,80,USD,month,80,false,false,Mastercard; VISA; PayPal,https://www.vultr.com/pricing/,2026-08-30
vultr:vultr-vc2-6c-16gb-ewr-ord-dfw-sea-lax-atl-ams-lhr-fra-sjc-syd-yto-cdg-nrt-waw-mad-icn-mia-sgp-sto-mex-mel-bom-jnb-tlv-blr-del-scl-itm-man-13,Vultr,Cloud Compute 6C-16G,,Spain,ES,"ewr, ord, dfw, sea, lax, atl, ams, lhr, fra, sjc, syd, yto, cdg, nrt, waw, mad, icn, mia, sgp, sto, mex, mel, bom, jnb, tlv, blr, del, scl, itm, man",,6,,16,320,SSD,5,,80,USD,month,80,false,false,Mastercard; VISA; PayPal,https://www.vultr.com/pricing/,2026-08-30
vultr:vultr-vc2-6c-16gb-ewr-ord-dfw-sea-lax-atl-ams-lhr-fra-sjc-syd-yto-cdg-nrt-waw-mad-icn-mia-sgp-sto-mex-mel-bom-jnb-tlv-blr-del-scl-itm-man-13,Vultr,Cloud Compute 6C-16G,,Sweden,SE,"ewr, ord, dfw, sea, lax, atl, ams, lhr, fra, sjc, syd, yto, cdg, nrt, waw, mad, icn, mia, sgp, sto, mex, mel, bom, jnb, tlv, blr, del, scl, itm, man",,6,,16,320,SSD,5,,80,USD,month,80,false,false,Mastercard; VISA; PayPal,https://www.vultr.com/pricing/,2026-08-30
vultr:vultr-vc2-6c-16gb-ewr-ord-dfw-sea-lax-atl-ams-lhr-fra-sjc-syd-yto-cdg-nrt-waw-mad-icn-mia-sgp-sto-mex-mel-bom-jnb-tlv-blr-del-scl-itm-man-13,Vultr,Cloud Compute 6C-16G,,United Kingdom,GB,"ewr, ord, dfw, sea, lax, atl, ams, lhr, fra, sjc, syd, yto, cdg, nrt, waw, mad, icn, mia, sgp, sto, mex, mel, bom, jnb, tlv, blr, del, scl, itm, man",,6,,16,320,SSD,5,,80,USD,month,80,false,false,Mastercard; VISA; PayPal,https://www.vultr.com/pricing/,2026-08-30
vultr:vultr-vc2-6c-16gb-ewr-ord-dfw-sea-lax-atl-ams-lhr-fra-sjc-syd-yto-cdg-nrt-waw-mad-icn-mia-sgp-sto-mex-mel-bom-jnb-tlv-blr-del-scl-itm-man-13,Vultr,Cloud Compute 6C-16G,,USA,US,"ewr, ord, dfw, sea, lax, atl, ams, lhr, fra, sjc, syd, yto, cdg, nrt, waw, mad, icn, mia, sgp, sto, mex, mel, bom, jnb, tlv, blr, del, scl, itm, man",,6,,16,320,SSD,5,,80,USD,month,80,false,false,Mastercard; VISA; PayPal,https://www.vultr.com/pricing/,2026-08-30
hostingvds:hostingvds-vds-kvm-nvme-amd-hi-cpu-32g-row-131,HostingVDS,Hi-CPU-32G,,Russia,RU,"Россия, Москва",,10,,32,340,NVMe,20,10000,70,EUR,month,80.24,true,true,BNB; BTC; DAI; ETH; LTC; POL; SOL; TON; TRX; USDC; USDT; MIR; SBP,https://my.hosting-vds.com/order/performance-vds-amd-epyc/34,2026-08-30
firstbyte:firstbyte-business-msk-kvm-sas-5-row-109,Firstbyte,Business MSK-KVM-SAS-5,,Russia,RU,"Россия, Москва",,8,,8,200,SAS,10,200,6799,RUB,month,80.56,true,true,BNB; BTC; DOGE; ETH; LTC; SOL; TON; TRX; USDT; MIR; Mastercard; VISA; SBP; PayPal; YooMoney,https://firstbyte.ru/vps-vds/kvm-business/,2026-08-30
netcup:netcup-root-server-rs-8000-g12-nuremberg-vienna-manassas-singapore-no-preference-europe-faq-also-lists-amsterdam-21,netcup,RS 8000 G12,,Austria,AT,Nuremberg/Vienna/Manassas/Singapore/No preference Europe; FAQ also lists Amsterdam,,16,,64,2000,NVMe,unlimited,2500,71.36,EUR,month,81.8,false,false,Bank card; PayPal; SEPA; Bank transfer,https://www.netcup.com/en/server/root-server,2026-08-30
netcup:netcup-root-server-rs-8000-g12-nuremberg-vienna-manassas-singapore-no-preference-europe-faq-also-lists-amsterdam-21,netcup,RS 8000 G12,,Germany,DE,Nuremberg/Vienna/Manassas/Singapore/No preference Europe; FAQ also lists Amsterdam,,16,,64,2000,NVMe,unlimited,2500,71.36,EUR,month,81.8,false,false,Bank card; PayPal; SEPA; Bank transfer,https://www.netcup.com/en/server/root-server,2026-08-30
netcup:netcup-root-server-rs-8000-g12-nuremberg-vienna-manassas-singapore-no-preference-europe-faq-also-lists-amsterdam-21,netcup,RS 8000 G12,,Netherlands,NL,Nuremberg/Vienna/Manassas/Singapore/No preference Europe; FAQ also lists Amsterdam,,16,,64,2000,NVMe,unlimited,2500,71.36,EUR,month,81.8,false,false,Bank card; PayPal; SEPA; Bank transfer,https://www.netcup.com/en/server/root-server,2026-08-30
netcup:netcup-root-server-rs-8000-g12-nuremberg-vienna-manassas-singapore-no-preference-europe-faq-also-lists-amsterdam-21,netcup,RS 8000 G12,,Singapore,SG,Nuremberg/Vienna/Manassas/Singapore/No preference Europe; FAQ also lists Amsterdam,,16,,64,2000,NVMe,unlimited,2500,71.36,EUR,month,81.8,false,false,Bank card; PayPal; SEPA; Bank transfer,https://www.netcup.com/en/server/root-server,2026-08-30
netcup:netcup-root-server-rs-8000-g12-nuremberg-vienna-manassas-singapore-no-preference-europe-faq-also-lists-amsterdam-21,netcup,RS 8000 G12,,USA,US,Nuremberg/Vienna/Manassas/Singapore/No preference Europe; FAQ also lists Amsterdam,,16,,64,2000,NVMe,unlimited,2500,71.36,EUR,month,81.8,false,false,Bank card; PayPal; SEPA; Bank transfer,https://www.netcup.com/en/server/root-server,2026-08-30
smartape:smartape-linux-nvme-nvme-x32-320gb-datapro-moscow-i-ru-81,SmartApe,NVMe X32 · 320 GB,,Czech Republic,CZ,Host-Telecom (CZ),Linux; Windows,16,,32,320,NVMe,unlimited,200,6985,RUB,month,82.76,true,true,BNB; BTC; DOGE; ETH; HUMO; JCB; LTC; SOL; TRX; USDC; APRA; MIR; Mastercard; VISA; PayPal,https://www.smartape.ru/ssd-vps,2026-08-30
smartape:smartape-linux-nvme-nvme-x32-320gb-datapro-moscow-i-ru-81,SmartApe,NVMe X32 · 320 GB,,Israel,IL,Partner Group (IL),Linux; Windows,16,,32,320,NVMe,unlimited,200,6985,RUB,month,82.76,true,true,BNB; BTC; DOGE; ETH; HUMO; JCB; LTC; SOL; TRX; USDC; APRA; MIR; Mastercard; VISA; PayPal,https://www.smartape.ru/ssd-vps,2026-08-30
smartape:smartape-linux-nvme-nvme-x32-320gb-datapro-moscow-i-ru-81,SmartApe,NVMe X32 · 320 GB,,Russia,RU,DataPro Moscow I (RU),Linux; Windows,16,,32,320,NVMe,unlimited,200,6985,RUB,month,82.76,true,true,BNB; BTC; DOGE; ETH; HUMO; JCB; LTC; SOL; TRX; USDC; APRA; MIR; Mastercard; VISA; PayPal,https://www.smartape.ru/ssd-vps,2026-08-30
waicore:waicore-amd-epyc-9454-ispmanager-lite-isp-ep4-germany-frankfurt-am-main-9,WAICORE,ISP EP4 · ispmanager Lite,,Germany,DE,"Germany, Frankfurt am Main",,8,,16,240,,,2500,7049,RUB,month,83.52,,,,https://waicore.com/prices?tab=ispmanager,2026-08-30
selectel:selectel-selectel-highfreq-2vcpu-16gb-480nvme-row-28,Selectel,HighFreq 2C-16G-480G,,Russia,RU,"Россия, Москва / Санкт-Петербург",,2,,16,480,NVMe,3,3000,7081.89,RUB,month,83.91,false,true,MIR; VISA; Mastercard; SBP; YooMoney; Bank transfer,https://selectel.ru/prices/calculator/,2026-09-22
firstbyte:firstbyte-business-msk-kvm-ssd-5-row-103,Firstbyte,Business MSK-KVM-SSD-5,,Russia,RU,"Россия, Москва",,8,,8,120,SSD,10,200,7199,RUB,month,85.3,true,true,BNB; BTC; DOGE; ETH; LTC; SOL; TON; TRX; USDT; MIR; Mastercard; VISA; SBP; PayPal; YooMoney,https://firstbyte.ru/vps-vds/kvm-business/,2026-08-30
zomro:zomro-zomro-premium-enterprise-poland-51,Zomro,Premium Enterprise,,Germany,DE,Germany,,12,,30,210,,12,1000,74.95,EUR,month,85.92,true,true,BNB; BTC; ETH; SOL; TON; USDC; USDT; MIR; Mastercard; VISA; SBP; PayPal,https://zomro.com/vps,2026-08-30
zomro:zomro-zomro-premium-enterprise-poland-51,Zomro,Premium Enterprise,,Netherlands,NL,Netherlands,,12,,30,210,,12,1000,74.95,EUR,month,85.92,true,true,BNB; BTC; ETH; SOL; TON; USDC; USDT; MIR; Mastercard; VISA; SBP; PayPal,https://zomro.com/vps,2026-08-30
zomro:zomro-zomro-premium-enterprise-poland-51,Zomro,Premium Enterprise,,Poland,PL,Poland,,12,,30,210,,12,1000,74.95,EUR,month,85.92,true,true,BNB; BTC; ETH; SOL; TON; USDC; USDT; MIR; Mastercard; VISA; SBP; PayPal,https://zomro.com/vps,2026-08-30
zomro:zomro-zomro-premium-enterprise-poland-51,Zomro,Premium Enterprise,,USA,US,USA,,12,,30,210,,12,1000,74.95,EUR,month,85.92,true,true,BNB; BTC; ETH; SOL; TON; USDC; USDT; MIR; Mastercard; VISA; SBP; PayPal,https://zomro.com/vps,2026-08-30
mevspace:mevspace-gp-64-poland-5,MevSpace,GP-64,,Poland,PL,Poland,,16,,64,500,SSD,unlimited,1000,74.99,EUR,month,85.96,true,false,BCC; BCH; BTC; BUSD; DAI; DASH; DOGE; ETH; GUSD; LSK; LTC; SHIB; SOL; TRX; USDC; USDP; WBTC; XRP; ZEC; ZND; Mastercard; VISA; SEPA; PayPal,https://mevspace.com/vps-cloud?id=general-purpose,2026-08-30
hostingvds:hostingvds-vds-kvm-nvme-amd-hi-cpu-48g-row-132,HostingVDS,Hi-CPU-48G,,Russia,RU,"Россия, Москва",,12,,48,380,NVMe,30,10000,76,EUR,month,87.12,true,true,BNB; BTC; DAI; ETH; LTC; POL; SOL; TON; TRX; USDC; USDT; MIR; SBP,https://my.hosting-vds.com/order/performance-vds-amd-epyc/34,2026-08-30
macloud:macloud-hi-cpu-8-russia-moscow-datapro-5,Macloud,Hi-CPU 8,,Russia,RU,Russia-Moscow-DataPro,,8,,16,320,NVMe,64,1000,7680,RUB,month,91,true,true,BNB; BTC; DOGE; ETH; LTC; SOL; TON; TRX; USDC; USDT; MIR; Mastercard; VISA; SBP; Invoice for organization; YooMoney,https://macloud.ru/,2026-08-30
aeza:aeza-250-62-moscow-74,Aeza,NAS-8,,Russia,RU,62-MOSCOW,,8,,8,8192,HDD,unlimited,10000,80,EUR,month,91.7,true,true,BNB; BTC; ETH; LTC; SOL; TON; TRX; USDT; MIR; Mastercard; VISA,https://aeza.net/ru/storage-vps,2026-08-30
timeweb:timeweb-nl-160-row-60,TimeWEB,NL-160,,Netherlands,NL,Нидерланды-Амстердам,,8,,16,160,NVMe,,1000,7930,RUB,month,93.96,false,true,MIR; Mastercard; VISA; SberPay; SBP; YooMoney,https://timeweb.cloud/services/vds-vps?location=nl,2026-08-30
smartape:smartape-linux-nvme-nvme-x8-640gb-datapro-moscow-i-ru-61,SmartApe,NVMe X8 · 640 GB,,Czech Republic,CZ,Host-Telecom (CZ),Linux; Windows,8,,8,640,NVMe,unlimited,200,8020,RUB,month,95.03,true,true,BNB; BTC; DOGE; ETH; HUMO; JCB; LTC; SOL; TRX; USDC; APRA; MIR; Mastercard; VISA; PayPal,https://www.smartape.ru/ssd-vps,2026-08-30
smartape:smartape-linux-nvme-nvme-x8-640gb-datapro-moscow-i-ru-61,SmartApe,NVMe X8 · 640 GB,,Israel,IL,Partner Group (IL),Linux; Windows,8,,8,640,NVMe,unlimited,200,8020,RUB,month,95.03,true,true,BNB; BTC; DOGE; ETH; HUMO; JCB; LTC; SOL; TRX; USDC; APRA; MIR; Mastercard; VISA; PayPal,https://www.smartape.ru/ssd-vps,2026-08-30
smartape:smartape-linux-nvme-nvme-x8-640gb-datapro-moscow-i-ru-61,SmartApe,NVMe X8 · 640 GB,,Russia,RU,DataPro Moscow I (RU),Linux; Windows,8,,8,640,NVMe,unlimited,200,8020,RUB,month,95.03,true,true,BNB; BTC; DOGE; ETH; HUMO; JCB; LTC; SOL; TRX; USDC; APRA; MIR; Mastercard; VISA; PayPal,https://www.smartape.ru/ssd-vps,2026-08-30
vultr:vultr-vhf-4c-16gb-ewr-dfw-sea-lax-atl-ams-lhr-sjc-syd-yto-cdg-nrt-waw-mad-icn-mia-sgp-sto-mex-mel-bom-tlv-blr-del-scl-itm-man-28,Vultr,High Frequency 4C-16G,,Australia,AU,"ewr, dfw, sea, lax, atl, ams, lhr, sjc, syd, yto, cdg, nrt, waw, mad, icn, mia, sgp, sto, mex, mel, bom, tlv, blr, del, scl, itm, man",,4,,16,384,,5,,96,USD,month,96,false,false,Mastercard; VISA; PayPal,https://www.vultr.com/pricing/,2026-08-30
vultr:vultr-vhp-8c-16gb-amd-ewr-ord-dfw-sea-lax-ams-lhr-fra-sjc-syd-yto-cdg-nrt-waw-mad-icn-mia-sgp-sto-mex-mel-bom-jnb-tlv-blr-del-scl-itm-man-45,Vultr,High Performance AMD 8C-16G,,Australia,AU,"ewr, ord, dfw, sea, lax, ams, lhr, fra, sjc, syd, yto, cdg, nrt, waw, mad, icn, mia, sgp, sto, mex, mel, bom, jnb, tlv, blr, del, scl, itm, man",,8,,16,350,,8,,96,USD,month,96,false,false,Mastercard; VISA; PayPal,https://www.vultr.com/pricing/,2026-08-30
vultr:vultr-vhp-8c-16gb-intel-ewr-ord-dfw-sea-lax-atl-ams-lhr-fra-sjc-syd-yto-cdg-nrt-waw-mad-icn-mia-sgp-sto-mex-mel-hnl-bom-jnb-tlv-blr-del-scl-itm-man-61,Vultr,High Performance Intel 8C-16G,,Australia,AU,"ewr, ord, dfw, sea, lax, atl, ams, lhr, fra, sjc, syd, yto, cdg, nrt, waw, mad, icn, mia, sgp, sto, mex, mel, hnl, bom, jnb, tlv, blr, del, scl, itm, man",,8,,16,350,,8,,96,USD,month,96,false,false,Mastercard; VISA; PayPal,https://www.vultr.com/pricing/,2026-08-30
vultr:vultr-vhf-4c-16gb-ewr-dfw-sea-lax-atl-ams-lhr-sjc-syd-yto-cdg-nrt-waw-mad-icn-mia-sgp-sto-mex-mel-bom-tlv-blr-del-scl-itm-man-28,Vultr,High Frequency 4C-16G,,Canada,CA,"ewr, dfw, sea, lax, atl, ams, lhr, sjc, syd, yto, cdg, nrt, waw, mad, icn, mia, sgp, sto, mex, mel, bom, tlv, blr, del, scl, itm, man",,4,,16,384,,5,,96,USD,month,96,false,false,Mastercard; VISA; PayPal,https://www.vultr.com/pricing/,2026-08-30
vultr:vultr-vhp-8c-16gb-amd-ewr-ord-dfw-sea-lax-ams-lhr-fra-sjc-syd-yto-cdg-nrt-waw-mad-icn-mia-sgp-sto-mex-mel-bom-jnb-tlv-blr-del-scl-itm-man-45,Vultr,High Performance AMD 8C-16G,,Canada,CA,"ewr, ord, dfw, sea, lax, ams, lhr, fra, sjc, syd, yto, cdg, nrt, waw, mad, icn, mia, sgp, sto, mex, mel, bom, jnb, tlv, blr, del, scl, itm, man",,8,,16,350,,8,,96,USD,month,96,false,false,Mastercard; VISA; PayPal,https://www.vultr.com/pricing/,2026-08-30
vultr:vultr-vhp-8c-16gb-intel-ewr-ord-dfw-sea-lax-atl-ams-lhr-fra-sjc-syd-yto-cdg-nrt-waw-mad-icn-mia-sgp-sto-mex-mel-hnl-bom-jnb-tlv-blr-del-scl-itm-man-61,Vultr,High Performance Intel 8C-16G,,Canada,CA,"ewr, ord, dfw, sea, lax, atl, ams, lhr, fra, sjc, syd, yto, cdg, nrt, waw, mad, icn, mia, sgp, sto, mex, mel, hnl, bom, jnb, tlv, blr, del, scl, itm, man",,8,,16,350,,8,,96,USD,month,96,false,false,Mastercard; VISA; PayPal,https://www.vultr.com/pricing/,2026-08-30
vultr:vultr-vhf-4c-16gb-ewr-dfw-sea-lax-atl-ams-lhr-sjc-syd-yto-cdg-nrt-waw-mad-icn-mia-sgp-sto-mex-mel-bom-tlv-blr-del-scl-itm-man-28,Vultr,High Frequency 4C-16G,,Chile,CL,"ewr, dfw, sea, lax, atl, ams, lhr, sjc, syd, yto, cdg, nrt, waw, mad, icn, mia, sgp, sto, mex, mel, bom, tlv, blr, del, scl, itm, man",,4,,16,384,,5,,96,USD,month,96,false,false,Mastercard; VISA; PayPal,https://www.vultr.com/pricing/,2026-08-30
vultr:vultr-vhp-8c-16gb-amd-ewr-ord-dfw-sea-lax-ams-lhr-fra-sjc-syd-yto-cdg-nrt-waw-mad-icn-mia-sgp-sto-mex-mel-bom-jnb-tlv-blr-del-scl-itm-man-45,Vultr,High Performance AMD 8C-16G,,Chile,CL,"ewr, ord, dfw, sea, lax, ams, lhr, fra, sjc, syd, yto, cdg, nrt, waw, mad, icn, mia, sgp, sto, mex, mel, bom, jnb, tlv, blr, del, scl, itm, man",,8,,16,350,,8,,96,USD,month,96,false,false,Mastercard; VISA; PayPal,https://www.vultr.com/pricing/,2026-08-30
vultr:vultr-vhp-8c-16gb-intel-ewr-ord-dfw-sea-lax-atl-ams-lhr-fra-sjc-syd-yto-cdg-nrt-waw-mad-icn-mia-sgp-sto-mex-mel-hnl-bom-jnb-tlv-blr-del-scl-itm-man-61,Vultr,High Performance Intel 8C-16G,,Chile,CL,"ewr, ord, dfw, sea, lax, atl, ams, lhr, fra, sjc, syd, yto, cdg, nrt, waw, mad, icn, mia, sgp, sto, mex, mel, hnl, bom, jnb, tlv, blr, del, scl, itm, man",,8,,16,350,,8,,96,USD,month,96,false,false,Mastercard; VISA; PayPal,https://www.vultr.com/pricing/,2026-08-30
vultr:vultr-vhf-4c-16gb-ewr-dfw-sea-lax-atl-ams-lhr-sjc-syd-yto-cdg-nrt-waw-mad-icn-mia-sgp-sto-mex-mel-bom-tlv-blr-del-scl-itm-man-28,Vultr,High Frequency 4C-16G,,France,FR,"ewr, dfw, sea, lax, atl, ams, lhr, sjc, syd, yto, cdg, nrt, waw, mad, icn, mia, sgp, sto, mex, mel, bom, tlv, blr, del, scl, itm, man",,4,,16,384,,5,,96,USD,month,96,false,false,Mastercard; VISA; PayPal,https://www.vultr.com/pricing/,2026-08-30
vultr:vultr-vhp-8c-16gb-amd-ewr-ord-dfw-sea-lax-ams-lhr-fra-sjc-syd-yto-cdg-nrt-waw-mad-icn-mia-sgp-sto-mex-mel-bom-jnb-tlv-blr-del-scl-itm-man-45,Vultr,High Performance AMD 8C-16G,,France,FR,"ewr, ord, dfw, sea, lax, ams, lhr, fra, sjc, syd, yto, cdg, nrt, waw, mad, icn, mia, sgp, sto, mex, mel, bom, jnb, tlv, blr, del, scl, itm, man",,8,,16,350,,8,,96,USD,month,96,false,false,Mastercard; VISA; PayPal,https://www.vultr.com/pricing/,2026-08-30
vultr:vultr-vhp-8c-16gb-intel-ewr-ord-dfw-sea-lax-atl-ams-lhr-fra-sjc-syd-yto-cdg-nrt-waw-mad-icn-mia-sgp-sto-mex-mel-hnl-bom-jnb-tlv-blr-del-scl-itm-man-61,Vultr,High Performance Intel 8C-16G,,France,FR,"ewr, ord, dfw, sea, lax, atl, ams, lhr, fra, sjc, syd, yto, cdg, nrt, waw, mad, icn, mia, sgp, sto, mex, mel, hnl, bom, jnb, tlv, blr, del, scl, itm, man",,8,,16,350,,8,,96,USD,month,96,false,false,Mastercard; VISA; PayPal,https://www.vultr.com/pricing/,2026-08-30
vultr:vultr-vhp-8c-16gb-amd-ewr-ord-dfw-sea-lax-ams-lhr-fra-sjc-syd-yto-cdg-nrt-waw-mad-icn-mia-sgp-sto-mex-mel-bom-jnb-tlv-blr-del-scl-itm-man-45,Vultr,High Performance AMD 8C-16G,,Germany,DE,"ewr, ord, dfw, sea, lax, ams, lhr, fra, sjc, syd, yto, cdg, nrt, waw, mad, icn, mia, sgp, sto, mex, mel, bom, jnb, tlv, blr, del, scl, itm, man",,8,,16,350,,8,,96,USD,month,96,false,false,Mastercard; VISA; PayPal,https://www.vultr.com/pricing/,2026-08-30
vultr:vultr-vhp-8c-16gb-intel-ewr-ord-dfw-sea-lax-atl-ams-lhr-fra-sjc-syd-yto-cdg-nrt-waw-mad-icn-mia-sgp-sto-mex-mel-hnl-bom-jnb-tlv-blr-del-scl-itm-man-61,Vultr,High Performance Intel 8C-16G,,Germany,DE,"ewr, ord, dfw, sea, lax, atl, ams, lhr, fra, sjc, syd, yto, cdg, nrt, waw, mad, icn, mia, sgp, sto, mex, mel, hnl, bom, jnb, tlv, blr, del, scl, itm, man",,8,,16,350,,8,,96,USD,month,96,false,false,Mastercard; VISA; PayPal,https://www.vultr.com/pricing/,2026-08-30
vultr:vultr-vhf-4c-16gb-ewr-dfw-sea-lax-atl-ams-lhr-sjc-syd-yto-cdg-nrt-waw-mad-icn-mia-sgp-sto-mex-mel-bom-tlv-blr-del-scl-itm-man-28,Vultr,High Frequency 4C-16G,,India,IN,"ewr, dfw, sea, lax, atl, ams, lhr, sjc, syd, yto, cdg, nrt, waw, mad, icn, mia, sgp, sto, mex, mel, bom, tlv, blr, del, scl, itm, man",,4,,16,384,,5,,96,USD,month,96,false,false,Mastercard; VISA; PayPal,https://www.vultr.com/pricing/,2026-08-30
vultr:vultr-vhp-8c-16gb-amd-ewr-ord-dfw-sea-lax-ams-lhr-fra-sjc-syd-yto-cdg-nrt-waw-mad-icn-mia-sgp-sto-mex-mel-bom-jnb-tlv-blr-del-scl-itm-man-45,Vultr,High Performance AMD 8C-16G,,India,IN,"ewr, ord, dfw, sea, lax, ams, lhr, fra, sjc, syd, yto, cdg, nrt, waw, mad, icn, mia, sgp, sto, mex, mel, bom, jnb, tlv, blr, del, scl, itm, man",,8,,16,350,,8,,96,USD,month,96,false,false,Mastercard; VISA; PayPal,https://www.vultr.com/pricing/,2026-08-30
vultr:vultr-vhp-8c-16gb-intel-ewr-ord-dfw-sea-lax-atl-ams-lhr-fra-sjc-syd-yto-cdg-nrt-waw-mad-icn-mia-sgp-sto-mex-mel-hnl-bom-jnb-tlv-blr-del-scl-itm-man-61,Vultr,High Performance Intel 8C-16G,,India,IN,"ewr, ord, dfw, sea, lax, atl, ams, lhr, fra, sjc, syd, yto, cdg, nrt, waw, mad, icn, mia, sgp, sto, mex, mel, hnl, bom, jnb, tlv, blr, del, scl, itm, man",,8,,16,350,,8,,96,USD,month,96,false,false,Mastercard; VISA; PayPal,https://www.vultr.com/pricing/,2026-08-30
vultr:vultr-vhf-4c-16gb-ewr-dfw-sea-lax-atl-ams-lhr-sjc-syd-yto-cdg-nrt-waw-mad-icn-mia-sgp-sto-mex-mel-bom-tlv-blr-del-scl-itm-man-28,Vultr,High Frequency 4C-16G,,Israel,IL,"ewr, dfw, sea, lax, atl, ams, lhr, sjc, syd, yto, cdg, nrt, waw, mad, icn, mia, sgp, sto, mex, mel, bom, tlv, blr, del, scl, itm, man",,4,,16,384,,5,,96,USD,month,96,false,false,Mastercard; VISA; PayPal,https://www.vultr.com/pricing/,2026-08-30
vultr:vultr-vhp-8c-16gb-amd-ewr-ord-dfw-sea-lax-ams-lhr-fra-sjc-syd-yto-cdg-nrt-waw-mad-icn-mia-sgp-sto-mex-mel-bom-jnb-tlv-blr-del-scl-itm-man-45,Vultr,High Performance AMD 8C-16G,,Israel,IL,"ewr, ord, dfw, sea, lax, ams, lhr, fra, sjc, syd, yto, cdg, nrt, waw, mad, icn, mia, sgp, sto, mex, mel, bom, jnb, tlv, blr, del, scl, itm, man",,8,,16,350,,8,,96,USD,month,96,false,false,Mastercard; VISA; PayPal,https://www.vultr.com/pricing/,2026-08-30
vultr:vultr-vhp-8c-16gb-intel-ewr-ord-dfw-sea-lax-atl-ams-lhr-fra-sjc-syd-yto-cdg-nrt-waw-mad-icn-mia-sgp-sto-mex-mel-hnl-bom-jnb-tlv-blr-del-scl-itm-man-61,Vultr,High Performance Intel 8C-16G,,Israel,IL,"ewr, ord, dfw, sea, lax, atl, ams, lhr, fra, sjc, syd, yto, cdg, nrt, waw, mad, icn, mia, sgp, sto, mex, mel, hnl, bom, jnb, tlv, blr, del, scl, itm, man",,8,,16,350,,8,,96,USD,month,96,false,false,Mastercard; VISA; PayPal,https://www.vultr.com/pricing/,2026-08-30
vultr:vultr-vhf-4c-16gb-ewr-dfw-sea-lax-atl-ams-lhr-sjc-syd-yto-cdg-nrt-waw-mad-icn-mia-sgp-sto-mex-mel-bom-tlv-blr-del-scl-itm-man-28,Vultr,High Frequency 4C-16G,,Japan,JP,"ewr, dfw, sea, lax, atl, ams, lhr, sjc, syd, yto, cdg, nrt, waw, mad, icn, mia, sgp, sto, mex, mel, bom, tlv, blr, del, scl, itm, man",,4,,16,384,,5,,96,USD,month,96,false,false,Mastercard; VISA; PayPal,https://www.vultr.com/pricing/,2026-08-30
vultr:vultr-vhp-8c-16gb-amd-ewr-ord-dfw-sea-lax-ams-lhr-fra-sjc-syd-yto-cdg-nrt-waw-mad-icn-mia-sgp-sto-mex-mel-bom-jnb-tlv-blr-del-scl-itm-man-45,Vultr,High Performance AMD 8C-16G,,Japan,JP,"ewr, ord, dfw, sea, lax, ams, lhr, fra, sjc, syd, yto, cdg, nrt, waw, mad, icn, mia, sgp, sto, mex, mel, bom, jnb, tlv, blr, del, scl, itm, man",,8,,16,350,,8,,96,USD,month,96,false,false,Mastercard; VISA; PayPal,https://www.vultr.com/pricing/,2026-08-30
vultr:vultr-vhp-8c-16gb-intel-ewr-ord-dfw-sea-lax-atl-ams-lhr-fra-sjc-syd-yto-cdg-nrt-waw-mad-icn-mia-sgp-sto-mex-mel-hnl-bom-jnb-tlv-blr-del-scl-itm-man-61,Vultr,High Performance Intel 8C-16G,,Japan,JP,"ewr, ord, dfw, sea, lax, atl, ams, lhr, fra, sjc, syd, yto, cdg, nrt, waw, mad, icn, mia, sgp, sto, mex, mel, hnl, bom, jnb, tlv, blr, del, scl, itm, man",,8,,16,350,,8,,96,USD,month,96,false,false,Mastercard; VISA; PayPal,https://www.vultr.com/pricing/,2026-08-30
vultr:vultr-vhf-4c-16gb-ewr-dfw-sea-lax-atl-ams-lhr-sjc-syd-yto-cdg-nrt-waw-mad-icn-mia-sgp-sto-mex-mel-bom-tlv-blr-del-scl-itm-man-28,Vultr,High Frequency 4C-16G,,Mexico,MX,"ewr, dfw, sea, lax, atl, ams, lhr, sjc, syd, yto, cdg, nrt, waw, mad, icn, mia, sgp, sto, mex, mel, bom, tlv, blr, del, scl, itm, man",,4,,16,384,,5,,96,USD,month,96,false,false,Mastercard; VISA; PayPal,https://www.vultr.com/pricing/,2026-08-30
vultr:vultr-vhp-8c-16gb-amd-ewr-ord-dfw-sea-lax-ams-lhr-fra-sjc-syd-yto-cdg-nrt-waw-mad-icn-mia-sgp-sto-mex-mel-bom-jnb-tlv-blr-del-scl-itm-man-45,Vultr,High Performance AMD 8C-16G,,Mexico,MX,"ewr, ord, dfw, sea, lax, ams, lhr, fra, sjc, syd, yto, cdg, nrt, waw, mad, icn, mia, sgp, sto, mex, mel, bom, jnb, tlv, blr, del, scl, itm, man",,8,,16,350,,8,,96,USD,month,96,false,false,Mastercard; VISA; PayPal,https://www.vultr.com/pricing/,2026-08-30
vultr:vultr-vhp-8c-16gb-intel-ewr-ord-dfw-sea-lax-atl-ams-lhr-fra-sjc-syd-yto-cdg-nrt-waw-mad-icn-mia-sgp-sto-mex-mel-hnl-bom-jnb-tlv-blr-del-scl-itm-man-61,Vultr,High Performance Intel 8C-16G,,Mexico,MX,"ewr, ord, dfw, sea, lax, atl, ams, lhr, fra, sjc, syd, yto, cdg, nrt, waw, mad, icn, mia, sgp, sto, mex, mel, hnl, bom, jnb, tlv, blr, del, scl, itm, man",,8,,16,350,,8,,96,USD,month,96,false,false,Mastercard; VISA; PayPal,https://www.vultr.com/pricing/,2026-08-30
vultr:vultr-vhf-4c-16gb-ewr-dfw-sea-lax-atl-ams-lhr-sjc-syd-yto-cdg-nrt-waw-mad-icn-mia-sgp-sto-mex-mel-bom-tlv-blr-del-scl-itm-man-28,Vultr,High Frequency 4C-16G,,Netherlands,NL,"ewr, dfw, sea, lax, atl, ams, lhr, sjc, syd, yto, cdg, nrt, waw, mad, icn, mia, sgp, sto, mex, mel, bom, tlv, blr, del, scl, itm, man",,4,,16,384,,5,,96,USD,month,96,false,false,Mastercard; VISA; PayPal,https://www.vultr.com/pricing/,2026-08-30
vultr:vultr-vhp-8c-16gb-amd-ewr-ord-dfw-sea-lax-ams-lhr-fra-sjc-syd-yto-cdg-nrt-waw-mad-icn-mia-sgp-sto-mex-mel-bom-jnb-tlv-blr-del-scl-itm-man-45,Vultr,High Performance AMD 8C-16G,,Netherlands,NL,"ewr, ord, dfw, sea, lax, ams, lhr, fra, sjc, syd, yto, cdg, nrt, waw, mad, icn, mia, sgp, sto, mex, mel, bom, jnb, tlv, blr, del, scl, itm, man",,8,,16,350,,8,,96,USD,month,96,false,false,Mastercard; VISA; PayPal,https://www.vultr.com/pricing/,2026-08-30
vultr:vultr-vhp-8c-16gb-intel-ewr-ord-dfw-sea-lax-atl-ams-lhr-fra-sjc-syd-yto-cdg-nrt-waw-mad-icn-mia-sgp-sto-mex-mel-hnl-bom-jnb-tlv-blr-del-scl-itm-man-61,Vultr,High Performance Intel 8C-16G,,Netherlands,NL,"ewr, ord, dfw, sea, lax, atl, ams, lhr, fra, sjc, syd, yto, cdg, nrt, waw, mad, icn, mia, sgp, sto, mex, mel, hnl, bom, jnb, tlv, blr, del, scl, itm, man",,8,,16,350,,8,,96,USD,month,96,false,false,Mastercard; VISA; PayPal,https://www.vultr.com/pricing/,2026-08-30
vultr:vultr-vhf-4c-16gb-ewr-dfw-sea-lax-atl-ams-lhr-sjc-syd-yto-cdg-nrt-waw-mad-icn-mia-sgp-sto-mex-mel-bom-tlv-blr-del-scl-itm-man-28,Vultr,High Frequency 4C-16G,,Poland,PL,"ewr, dfw, sea, lax, atl, ams, lhr, sjc, syd, yto, cdg, nrt, waw, mad, icn, mia, sgp, sto, mex, mel, bom, tlv, blr, del, scl, itm, man",,4,,16,384,,5,,96,USD,month,96,false,false,Mastercard; VISA; PayPal,https://www.vultr.com/pricing/,2026-08-30
vultr:vultr-vhp-8c-16gb-amd-ewr-ord-dfw-sea-lax-ams-lhr-fra-sjc-syd-yto-cdg-nrt-waw-mad-icn-mia-sgp-sto-mex-mel-bom-jnb-tlv-blr-del-scl-itm-man-45,Vultr,High Performance AMD 8C-16G,,Poland,PL,"ewr, ord, dfw, sea, lax, ams, lhr, fra, sjc, syd, yto, cdg, nrt, waw, mad, icn, mia, sgp, sto, mex, mel, bom, jnb, tlv, blr, del, scl, itm, man",,8,,16,350,,8,,96,USD,month,96,false,false,Mastercard; VISA; PayPal,https://www.vultr.com/pricing/,2026-08-30
vultr:vultr-vhp-8c-16gb-intel-ewr-ord-dfw-sea-lax-atl-ams-lhr-fra-sjc-syd-yto-cdg-nrt-waw-mad-icn-mia-sgp-sto-mex-mel-hnl-bom-jnb-tlv-blr-del-scl-itm-man-61,Vultr,High Performance Intel 8C-16G,,Poland,PL,"ewr, ord, dfw, sea, lax, atl, ams, lhr, fra, sjc, syd, yto, cdg, nrt, waw, mad, icn, mia, sgp, sto, mex, mel, hnl, bom, jnb, tlv, blr, del, scl, itm, man",,8,,16,350,,8,,96,USD,month,96,false,false,Mastercard; VISA; PayPal,https://www.vultr.com/pricing/,2026-08-30
vultr:vultr-vhf-4c-16gb-ewr-dfw-sea-lax-atl-ams-lhr-sjc-syd-yto-cdg-nrt-waw-mad-icn-mia-sgp-sto-mex-mel-bom-tlv-blr-del-scl-itm-man-28,Vultr,High Frequency 4C-16G,,Singapore,SG,"ewr, dfw, sea, lax, atl, ams, lhr, sjc, syd, yto, cdg, nrt, waw, mad, icn, mia, sgp, sto, mex, mel, bom, tlv, blr, del, scl, itm, man",,4,,16,384,,5,,96,USD,month,96,false,false,Mastercard; VISA; PayPal,https://www.vultr.com/pricing/,2026-08-30
vultr:vultr-vhp-8c-16gb-amd-ewr-ord-dfw-sea-lax-ams-lhr-fra-sjc-syd-yto-cdg-nrt-waw-mad-icn-mia-sgp-sto-mex-mel-bom-jnb-tlv-blr-del-scl-itm-man-45,Vultr,High Performance AMD 8C-16G,,Singapore,SG,"ewr, ord, dfw, sea, lax, ams, lhr, fra, sjc, syd, yto, cdg, nrt, waw, mad, icn, mia, sgp, sto, mex, mel, bom, jnb, tlv, blr, del, scl, itm, man",,8,,16,350,,8,,96,USD,month,96,false,false,Mastercard; VISA; PayPal,https://www.vultr.com/pricing/,2026-08-30
vultr:vultr-vhp-8c-16gb-intel-ewr-ord-dfw-sea-lax-atl-ams-lhr-fra-sjc-syd-yto-cdg-nrt-waw-mad-icn-mia-sgp-sto-mex-mel-hnl-bom-jnb-tlv-blr-del-scl-itm-man-61,Vultr,High Performance Intel 8C-16G,,Singapore,SG,"ewr, ord, dfw, sea, lax, atl, ams, lhr, fra, sjc, syd, yto, cdg, nrt, waw, mad, icn, mia, sgp, sto, mex, mel, hnl, bom, jnb, tlv, blr, del, scl, itm, man",,8,,16,350,,8,,96,USD,month,96,false,false,Mastercard; VISA; PayPal,https://www.vultr.com/pricing/,2026-08-30
vultr:vultr-vhp-8c-16gb-amd-ewr-ord-dfw-sea-lax-ams-lhr-fra-sjc-syd-yto-cdg-nrt-waw-mad-icn-mia-sgp-sto-mex-mel-bom-jnb-tlv-blr-del-scl-itm-man-45,Vultr,High Performance AMD 8C-16G,,South Africa,ZA,"ewr, ord, dfw, sea, lax, ams, lhr, fra, sjc, syd, yto, cdg, nrt, waw, mad, icn, mia, sgp, sto, mex, mel, bom, jnb, tlv, blr, del, scl, itm, man",,8,,16,350,,8,,96,USD,month,96,false,false,Mastercard; VISA; PayPal,https://www.vultr.com/pricing/,2026-08-30
vultr:vultr-vhp-8c-16gb-intel-ewr-ord-dfw-sea-lax-atl-ams-lhr-fra-sjc-syd-yto-cdg-nrt-waw-mad-icn-mia-sgp-sto-mex-mel-hnl-bom-jnb-tlv-blr-del-scl-itm-man-61,Vultr,High Performance Intel 8C-16G,,South Africa,ZA,"ewr, ord, dfw, sea, lax, atl, ams, lhr, fra, sjc, syd, yto, cdg, nrt, waw, mad, icn, mia, sgp, sto, mex, mel, hnl, bom, jnb, tlv, blr, del, scl, itm, man",,8,,16,350,,8,,96,USD,month,96,false,false,Mastercard; VISA; PayPal,https://www.vultr.com/pricing/,2026-08-30
vultr:vultr-vhf-4c-16gb-ewr-dfw-sea-lax-atl-ams-lhr-sjc-syd-yto-cdg-nrt-waw-mad-icn-mia-sgp-sto-mex-mel-bom-tlv-blr-del-scl-itm-man-28,Vultr,High Frequency 4C-16G,,South Korea,KR,"ewr, dfw, sea, lax, atl, ams, lhr, sjc, syd, yto, cdg, nrt, waw, mad, icn, mia, sgp, sto, mex, mel, bom, tlv, blr, del, scl, itm, man",,4,,16,384,,5,,96,USD,month,96,false,false,Mastercard; VISA; PayPal,https://www.vultr.com/pricing/,2026-08-30
vultr:vultr-vhp-8c-16gb-amd-ewr-ord-dfw-sea-lax-ams-lhr-fra-sjc-syd-yto-cdg-nrt-waw-mad-icn-mia-sgp-sto-mex-mel-bom-jnb-tlv-blr-del-scl-itm-man-45,Vultr,High Performance AMD 8C-16G,,South Korea,KR,"ewr, ord, dfw, sea, lax, ams, lhr, fra, sjc, syd, yto, cdg, nrt, waw, mad, icn, mia, sgp, sto, mex, mel, bom, jnb, tlv, blr, del, scl, itm, man",,8,,16,350,,8,,96,USD,month,96,false,false,Mastercard; VISA; PayPal,https://www.vultr.com/pricing/,2026-08-30
vultr:vultr-vhp-8c-16gb-intel-ewr-ord-dfw-sea-lax-atl-ams-lhr-fra-sjc-syd-yto-cdg-nrt-waw-mad-icn-mia-sgp-sto-mex-mel-hnl-bom-jnb-tlv-blr-del-scl-itm-man-61,Vultr,High Performance Intel 8C-16G,,South Korea,KR,"ewr, ord, dfw, sea, lax, atl, ams, lhr, fra, sjc, syd, yto, cdg, nrt, waw, mad, icn, mia, sgp, sto, mex, mel, hnl, bom, jnb, tlv, blr, del, scl, itm, man",,8,,16,350,,8,,96,USD,month,96,false,false,Mastercard; VISA; PayPal,https://www.vultr.com/pricing/,2026-08-30
vultr:vultr-vhf-4c-16gb-ewr-dfw-sea-lax-atl-ams-lhr-sjc-syd-yto-cdg-nrt-waw-mad-icn-mia-sgp-sto-mex-mel-bom-tlv-blr-del-scl-itm-man-28,Vultr,High Frequency 4C-16G,,Spain,ES,"ewr, dfw, sea, lax, atl, ams, lhr, sjc, syd, yto, cdg, nrt, waw, mad, icn, mia, sgp, sto, mex, mel, bom, tlv, blr, del, scl, itm, man",,4,,16,384,,5,,96,USD,month,96,false,false,Mastercard; VISA; PayPal,https://www.vultr.com/pricing/,2026-08-30
vultr:vultr-vhp-8c-16gb-amd-ewr-ord-dfw-sea-lax-ams-lhr-fra-sjc-syd-yto-cdg-nrt-waw-mad-icn-mia-sgp-sto-mex-mel-bom-jnb-tlv-blr-del-scl-itm-man-45,Vultr,High Performance AMD 8C-16G,,Spain,ES,"ewr, ord, dfw, sea, lax, ams, lhr, fra, sjc, syd, yto, cdg, nrt, waw, mad, icn, mia, sgp, sto, mex, mel, bom, jnb, tlv, blr, del, scl, itm, man",,8,,16,350,,8,,96,USD,month,96,false,false,Mastercard; VISA; PayPal,https://www.vultr.com/pricing/,2026-08-30
vultr:vultr-vhp-8c-16gb-intel-ewr-ord-dfw-sea-lax-atl-ams-lhr-fra-sjc-syd-yto-cdg-nrt-waw-mad-icn-mia-sgp-sto-mex-mel-hnl-bom-jnb-tlv-blr-del-scl-itm-man-61,Vultr,High Performance Intel 8C-16G,,Spain,ES,"ewr, ord, dfw, sea, lax, atl, ams, lhr, fra, sjc, syd, yto, cdg, nrt, waw, mad, icn, mia, sgp, sto, mex, mel, hnl, bom, jnb, tlv, blr, del, scl, itm, man",,8,,16,350,,8,,96,USD,month,96,false,false,Mastercard; VISA; PayPal,https://www.vultr.com/pricing/,2026-08-30
vultr:vultr-vhf-4c-16gb-ewr-dfw-sea-lax-atl-ams-lhr-sjc-syd-yto-cdg-nrt-waw-mad-icn-mia-sgp-sto-mex-mel-bom-tlv-blr-del-scl-itm-man-28,Vultr,High Frequency 4C-16G,,Sweden,SE,"ewr, dfw, sea, lax, atl, ams, lhr, sjc, syd, yto, cdg, nrt, waw, mad, icn, mia, sgp, sto, mex, mel, bom, tlv, blr, del, scl, itm, man",,4,,16,384,,5,,96,USD,month,96,false,false,Mastercard; VISA; PayPal,https://www.vultr.com/pricing/,2026-08-30
vultr:vultr-vhp-8c-16gb-amd-ewr-ord-dfw-sea-lax-ams-lhr-fra-sjc-syd-yto-cdg-nrt-waw-mad-icn-mia-sgp-sto-mex-mel-bom-jnb-tlv-blr-del-scl-itm-man-45,Vultr,High Performance AMD 8C-16G,,Sweden,SE,"ewr, ord, dfw, sea, lax, ams, lhr, fra, sjc, syd, yto, cdg, nrt, waw, mad, icn, mia, sgp, sto, mex, mel, bom, jnb, tlv, blr, del, scl, itm, man",,8,,16,350,,8,,96,USD,month,96,false,false,Mastercard; VISA; PayPal,https://www.vultr.com/pricing/,2026-08-30
vultr:vultr-vhp-8c-16gb-intel-ewr-ord-dfw-sea-lax-atl-ams-lhr-fra-sjc-syd-yto-cdg-nrt-waw-mad-icn-mia-sgp-sto-mex-mel-hnl-bom-jnb-tlv-blr-del-scl-itm-man-61,Vultr,High Performance Intel 8C-16G,,Sweden,SE,"ewr, ord, dfw, sea, lax, atl, ams, lhr, fra, sjc, syd, yto, cdg, nrt, waw, mad, icn, mia, sgp, sto, mex, mel, hnl, bom, jnb, tlv, blr, del, scl, itm, man",,8,,16,350,,8,,96,USD,month,96,false,false,Mastercard; VISA; PayPal,https://www.vultr.com/pricing/,2026-08-30
vultr:vultr-vhf-4c-16gb-ewr-dfw-sea-lax-atl-ams-lhr-sjc-syd-yto-cdg-nrt-waw-mad-icn-mia-sgp-sto-mex-mel-bom-tlv-blr-del-scl-itm-man-28,Vultr,High Frequency 4C-16G,,United Kingdom,GB,"ewr, dfw, sea, lax, atl, ams, lhr, sjc, syd, yto, cdg, nrt, waw, mad, icn, mia, sgp, sto, mex, mel, bom, tlv, blr, del, scl, itm, man",,4,,16,384,,5,,96,USD,month,96,false,false,Mastercard; VISA; PayPal,https://www.vultr.com/pricing/,2026-08-30
vultr:vultr-vhp-8c-16gb-amd-ewr-ord-dfw-sea-lax-ams-lhr-fra-sjc-syd-yto-cdg-nrt-waw-mad-icn-mia-sgp-sto-mex-mel-bom-jnb-tlv-blr-del-scl-itm-man-45,Vultr,High Performance AMD 8C-16G,,United Kingdom,GB,"ewr, ord, dfw, sea, lax, ams, lhr, fra, sjc, syd, yto, cdg, nrt, waw, mad, icn, mia, sgp, sto, mex, mel, bom, jnb, tlv, blr, del, scl, itm, man",,8,,16,350,,8,,96,USD,month,96,false,false,Mastercard; VISA; PayPal,https://www.vultr.com/pricing/,2026-08-30
vultr:vultr-vhp-8c-16gb-intel-ewr-ord-dfw-sea-lax-atl-ams-lhr-fra-sjc-syd-yto-cdg-nrt-waw-mad-icn-mia-sgp-sto-mex-mel-hnl-bom-jnb-tlv-blr-del-scl-itm-man-61,Vultr,High Performance Intel 8C-16G,,United Kingdom,GB,"ewr, ord, dfw, sea, lax, atl, ams, lhr, fra, sjc, syd, yto, cdg, nrt, waw, mad, icn, mia, sgp, sto, mex, mel, hnl, bom, jnb, tlv, blr, del, scl, itm, man",,8,,16,350,,8,,96,USD,month,96,false,false,Mastercard; VISA; PayPal,https://www.vultr.com/pricing/,2026-08-30
vultr:vultr-vhf-4c-16gb-ewr-dfw-sea-lax-atl-ams-lhr-sjc-syd-yto-cdg-nrt-waw-mad-icn-mia-sgp-sto-mex-mel-bom-tlv-blr-del-scl-itm-man-28,Vultr,High Frequency 4C-16G,,USA,US,"ewr, dfw, sea, lax, atl, ams, lhr, sjc, syd, yto, cdg, nrt, waw, mad, icn, mia, sgp, sto, mex, mel, bom, tlv, blr, del, scl, itm, man",,4,,16,384,,5,,96,USD,month,96,false,false,Mastercard; VISA; PayPal,https://www.vultr.com/pricing/,2026-08-30
vultr:vultr-vhp-8c-16gb-amd-ewr-ord-dfw-sea-lax-ams-lhr-fra-sjc-syd-yto-cdg-nrt-waw-mad-icn-mia-sgp-sto-mex-mel-bom-jnb-tlv-blr-del-scl-itm-man-45,Vultr,High Performance AMD 8C-16G,,USA,US,"ewr, ord, dfw, sea, lax, ams, lhr, fra, sjc, syd, yto, cdg, nrt, waw, mad, icn, mia, sgp, sto, mex, mel, bom, jnb, tlv, blr, del, scl, itm, man",,8,,16,350,,8,,96,USD,month,96,false,false,Mastercard; VISA; PayPal,https://www.vultr.com/pricing/,2026-08-30
vultr:vultr-vhp-8c-16gb-intel-ewr-ord-dfw-sea-lax-atl-ams-lhr-fra-sjc-syd-yto-cdg-nrt-waw-mad-icn-mia-sgp-sto-mex-mel-hnl-bom-jnb-tlv-blr-del-scl-itm-man-61,Vultr,High Performance Intel 8C-16G,,USA,US,"ewr, ord, dfw, sea, lax, atl, ams, lhr, fra, sjc, syd, yto, cdg, nrt, waw, mad, icn, mia, sgp, sto, mex, mel, hnl, bom, jnb, tlv, blr, del, scl, itm, man",,8,,16,350,,8,,96,USD,month,96,false,false,Mastercard; VISA; PayPal,https://www.vultr.com/pricing/,2026-08-30
timeweb:timeweb-dedic-cpu-100-msk-row-16,TimeWEB,Dedic CPU-100 MSK,Dedic CPU-100,Russia,RU,Россия-Москва; Россия-Санкт-Петербург,,4,,16,100,NVMe,,1000,8200,RUB,month,97.16,false,true,MIR; Mastercard; VISA; SberPay; SBP; YooMoney,https://timeweb.cloud/services/vds-vps,2026-08-30
hostkey:hostkey-vds-v1-storage-36-nl-5,HOSTKEY,vds.v1-storage-36,,Netherlands,NL,NL,,4,,32,36000,HDD,3,1000,87,EUR,month,99.73,true,false,VISA; Mastercard; American Express; UnionPay; PayPal; Alipay; WebMoney; BTC; Bank transfer,https://hostkey.com/vps/,2026-09-24
timeweb:timeweb-us-100-row-74,TimeWEB,US-100,,USA,US,США-Нью-Йорк,,8,,12,100,NVMe,,1000,8440,RUB,month,100,false,true,MIR; Mastercard; VISA; SberPay; SBP; YooMoney,https://timeweb.cloud/services/vds-vps?location=nyc,2026-08-30
hostkey:hostkey-vds-ryzen-32-nl-fi-de-gb-es-it-us-fr-pl-ch-tr-2,HOSTKEY,vds.ryzen-32,,Finland,FI,"NL, FI, DE, GB, ES, IT, US, FR, PL, CH, TR",,8,,32,400,NVMe,3,1000,89.9,EUR,month,103.05,true,false,VISA; Mastercard; American Express; UnionPay; PayPal; Alipay; WebMoney; BTC; Bank transfer,https://hostkey.com/vps/,2026-09-24
hostkey:hostkey-vds-ryzen-32-nl-fi-de-gb-es-it-us-fr-pl-ch-tr-2,HOSTKEY,vds.ryzen-32,,France,FR,"NL, FI, DE, GB, ES, IT, US, FR, PL, CH, TR",,8,,32,400,NVMe,3,1000,89.9,EUR,month,103.05,true,false,VISA; Mastercard; American Express; UnionPay; PayPal; Alipay; WebMoney; BTC; Bank transfer,https://hostkey.com/vps/,2026-09-24
hostkey:hostkey-vds-ryzen-32-nl-fi-de-gb-es-it-us-fr-pl-ch-tr-2,HOSTKEY,vds.ryzen-32,,Germany,DE,"NL, FI, DE, GB, ES, IT, US, FR, PL, CH, TR",,8,,32,400,NVMe,3,1000,89.9,EUR,month,103.05,true,false,VISA; Mastercard; American Express; UnionPay; PayPal; Alipay; WebMoney; BTC; Bank transfer,https://hostkey.com/vps/,2026-09-24
hostkey:hostkey-vds-ryzen-32-nl-fi-de-gb-es-it-us-fr-pl-ch-tr-2,HOSTKEY,vds.ryzen-32,,Italy,IT,"NL, FI, DE, GB, ES, IT, US, FR, PL, CH, TR",,8,,32,400,NVMe,3,1000,89.9,EUR,month,103.05,true,false,VISA; Mastercard; American Express; UnionPay; PayPal; Alipay; WebMoney; BTC; Bank transfer,https://hostkey.com/vps/,2026-09-24
hostkey:hostkey-vds-ryzen-32-nl-fi-de-gb-es-it-us-fr-pl-ch-tr-2,HOSTKEY,vds.ryzen-32,,Netherlands,NL,"NL, FI, DE, GB, ES, IT, US, FR, PL, CH, TR",,8,,32,400,NVMe,3,1000,89.9,EUR,month,103.05,true,false,VISA; Mastercard; American Express; UnionPay; PayPal; Alipay; WebMoney; BTC; Bank transfer,https://hostkey.com/vps/,2026-09-24
hostkey:hostkey-vds-ryzen-32-nl-fi-de-gb-es-it-us-fr-pl-ch-tr-2,HOSTKEY,vds.ryzen-32,,Poland,PL,"NL, FI, DE, GB, ES, IT, US, FR, PL, CH, TR",,8,,32,400,NVMe,3,1000,89.9,EUR,month,103.05,true,false,VISA; Mastercard; American Express; UnionPay; PayPal; Alipay; WebMoney; BTC; Bank transfer,https://hostkey.com/vps/,2026-09-24
hostkey:hostkey-vds-ryzen-32-nl-fi-de-gb-es-it-us-fr-pl-ch-tr-2,HOSTKEY,vds.ryzen-32,,Spain,ES,"NL, FI, DE, GB, ES, IT, US, FR, PL, CH, TR",,8,,32,400,NVMe,3,1000,89.9,EUR,month,103.05,true,false,VISA; Mastercard; American Express; UnionPay; PayPal; Alipay; WebMoney; BTC; Bank transfer,https://hostkey.com/vps/,2026-09-24
hostkey:hostkey-vds-ryzen-32-nl-fi-de-gb-es-it-us-fr-pl-ch-tr-2,HOSTKEY,vds.ryzen-32,,Switzerland,CH,"NL, FI, DE, GB, ES, IT, US, FR, PL, CH, TR",,8,,32,400,NVMe,3,1000,89.9,EUR,month,103.05,true,false,VISA; Mastercard; American Express; UnionPay; PayPal; Alipay; WebMoney; BTC; Bank transfer,https://hostkey.com/vps/,2026-09-24
hostkey:hostkey-vds-ryzen-32-nl-fi-de-gb-es-it-us-fr-pl-ch-tr-2,HOSTKEY,vds.ryzen-32,,Turkey,TR,"NL, FI, DE, GB, ES, IT, US, FR, PL, CH, TR",,8,,32,400,NVMe,3,1000,89.9,EUR,month,103.05,true,false,VISA; Mastercard; American Express; UnionPay; PayPal; Alipay; WebMoney; BTC; Bank transfer,https://hostkey.com/vps/,2026-09-24
hostkey:hostkey-vds-ryzen-32-nl-fi-de-gb-es-it-us-fr-pl-ch-tr-2,HOSTKEY,vds.ryzen-32,,United Kingdom,GB,"NL, FI, DE, GB, ES, IT, US, FR, PL, CH, TR",,8,,32,400,NVMe,3,1000,89.9,EUR,month,103.05,true,false,VISA; Mastercard; American Express; UnionPay; PayPal; Alipay; WebMoney; BTC; Bank transfer,https://hostkey.com/vps/,2026-09-24
hostkey:hostkey-vds-ryzen-32-nl-fi-de-gb-es-it-us-fr-pl-ch-tr-2,HOSTKEY,vds.ryzen-32,,USA,US,"NL, FI, DE, GB, ES, IT, US, FR, PL, CH, TR",,8,,32,400,NVMe,3,1000,89.9,EUR,month,103.05,true,false,VISA; Mastercard; American Express; UnionPay; PayPal; Alipay; WebMoney; BTC; Bank transfer,https://hostkey.com/vps/,2026-09-24
aeza:aeza-449-26-msk-hi-cpu-80,Aeza,RX32-4,,Russia,RU,26-MSK-HI-CPU,,8,,16,240,,unlimited,25000,89.91,EUR,month,103.06,true,true,BNB; BTC; ETH; LTC; SOL; TON; TRX; USDT; MIR; Mastercard; VISA,https://aeza.net/ru/enterprise,2026-08-30
zomro:zomro-zomro-basic-vertex-netherlands-25,Zomro,Basic Vertex,,Germany,DE,Germany,,16,,40,280,,16,,89.95,EUR,month,103.11,true,true,BNB; BTC; ETH; SOL; TON; USDC; USDT; MIR; Mastercard; VISA; SBP; PayPal,https://zomro.com/vps/basic,2026-08-30
zomro:zomro-zomro-basic-vertex-netherlands-25,Zomro,Basic Vertex,,Netherlands,NL,Netherlands,,16,,40,280,,16,,89.95,EUR,month,103.11,true,true,BNB; BTC; ETH; SOL; TON; USDC; USDT; MIR; Mastercard; VISA; SBP; PayPal,https://zomro.com/vps/basic,2026-08-30
zomro:zomro-zomro-basic-vertex-netherlands-25,Zomro,Basic Vertex,,USA,US,USA,,16,,40,280,,16,,89.95,EUR,month,103.11,true,true,BNB; BTC; ETH; SOL; TON; USDC; USDT; MIR; Mastercard; VISA; SBP; PayPal,https://zomro.com/vps/basic,2026-08-30
timeweb:timeweb-kz-80-row-50,TimeWEB,KZ-80,,Kazakhstan,KZ,Казахстан-Алматы,,4,,8,80,NVMe,,100,8710,RUB,month,103.2,false,true,MIR; Mastercard; VISA; SberPay; SBP; YooMoney,https://timeweb.cloud/services/vds-vps?location=kz,2026-08-30
smartape:smartape-linux-nvme-nvme-x16-640gb-datapro-moscow-i-ru-73,SmartApe,NVMe X16 · 640 GB,,Czech Republic,CZ,Host-Telecom (CZ),Linux; Windows,12,,16,640,NVMe,unlimited,200,8910,RUB,month,105.57,true,true,BNB; BTC; DOGE; ETH; HUMO; JCB; LTC; SOL; TRX; USDC; APRA; MIR; Mastercard; VISA; PayPal,https://www.smartape.ru/ssd-vps,2026-08-30
smartape:smartape-linux-nvme-nvme-x16-640gb-datapro-moscow-i-ru-73,SmartApe,NVMe X16 · 640 GB,,Israel,IL,Partner Group (IL),Linux; Windows,12,,16,640,NVMe,unlimited,200,8910,RUB,month,105.57,true,true,BNB; BTC; DOGE; ETH; HUMO; JCB; LTC; SOL; TRX; USDC; APRA; MIR; Mastercard; VISA; PayPal,https://www.smartape.ru/ssd-vps,2026-08-30
smartape:smartape-linux-nvme-nvme-x16-640gb-datapro-moscow-i-ru-73,SmartApe,NVMe X16 · 640 GB,,Russia,RU,DataPro Moscow I (RU),Linux; Windows,12,,16,640,NVMe,unlimited,200,8910,RUB,month,105.57,true,true,BNB; BTC; DOGE; ETH; HUMO; JCB; LTC; SOL; TRX; USDC; APRA; MIR; Mastercard; VISA; PayPal,https://www.smartape.ru/ssd-vps,2026-08-30
mevspace:mevspace-hc-4-16-poland-10,MevSpace,HC-4-16,,Poland,PL,Poland,,4,,16,400,SSD,unlimited,1000,92.9,EUR,month,106.49,true,false,BCC; BCH; BTC; BUSD; DAI; DASH; DOGE; ETH; GUSD; LSK; LTC; SHIB; SOL; TRX; USDC; USDP; WBTC; XRP; ZEC; ZND; Mastercard; VISA; SEPA; PayPal,https://mevspace.com/vps-cloud?id=general-purpose,2026-08-30
selectel:selectel-selectel-highfreq-4vcpu-16gb-320nvme-row-30,Selectel,HighFreq 4C-16G-320G,,Russia,RU,"Россия, Москва / Санкт-Петербург",,4,,16,320,NVMe,3,3000,9026.66,RUB,month,106.95,false,true,MIR; VISA; Mastercard; SBP; YooMoney; Bank transfer,https://selectel.ru/prices/calculator/,2026-09-22
zomro:zomro-zomro-storage-pax-netherlands-65,Zomro,Storage Pax,,Netherlands,NL,Netherlands,,6,,30,1500,,6,,93.95,EUR,month,107.69,true,true,BNB; BTC; ETH; SOL; TON; USDC; USDT; MIR; Mastercard; VISA; SBP; PayPal,https://zomro.com/big_vds,2026-08-30
vultr:vultr-vhp-4c-12gb-amd-sao-sao-44,Vultr,High Performance AMD 4C-12G,,Brazil,BR,sao,,4,,12,260,,7,,108,USD,month,108,false,false,Mastercard; VISA; PayPal,https://www.vultr.com/pricing/,2026-08-30
vultr:vultr-vhp-4c-12gb-intel-sao-sao-60,Vultr,High Performance Intel 4C-12G,,Brazil,BR,sao,,4,,12,260,,7,,108,USD,month,108,false,false,Mastercard; VISA; PayPal,https://www.vultr.com/pricing/,2026-08-30
aeza:aeza-420-18-vienna-15,Aeza,VIEs-5,,Austria,AT,18-VIENNA,,16,,32,480,,unlimited,1000,94.89,EUR,month,108.77,true,true,BNB; BTC; ETH; LTC; SOL; TON; TRX; USDT; MIR; Mastercard; VISA,https://aeza.net/ru/virtual-servers,2026-08-30
aeza:aeza-420-18-vienna-15,Aeza,HELs-5,,Finland,FI,34-HELSINKI,,16,,32,480,,unlimited,1000,94.89,EUR,month,108.77,true,true,BNB; BTC; ETH; LTC; SOL; TON; TRX; USDT; MIR; Mastercard; VISA,https://aeza.net/ru/virtual-servers,2026-08-30
aeza:aeza-420-18-vienna-15,Aeza,PARs-5,,France,FR,40-PARIS,,16,,32,480,,unlimited,1000,94.89,EUR,month,108.77,true,true,BNB; BTC; ETH; LTC; SOL; TON; TRX; USDT; MIR; Mastercard; VISA,https://aeza.net/ru/virtual-servers,2026-08-30
aeza:aeza-157-17-moscow-10,Aeza,MSKs-5,SPBs-5,Russia,RU,17-MOSCOW; 65-SAINT-PETERSBURG,,16,,32,480,,unlimited,25000,94.89,EUR,month,108.77,true,true,BNB; BTC; ETH; LTC; SOL; TON; TRX; USDT; MIR; Mastercard; VISA,https://aeza.net/ru/virtual-servers,2026-08-30
aeza:aeza-360-37-stockholm-35,Aeza,SWEs-5,,Sweden,SE,37-STOCKHOLM,,16,,32,480,,unlimited,1000,94.89,EUR,month,108.77,true,true,BNB; BTC; ETH; LTC; SOL; TON; TRX; USDT; MIR; Mastercard; VISA,https://aeza.net/ru/virtual-servers,2026-08-30
hostingvds:hostingvds-vds-kvm-nvme-amd-hi-cpu-64g-row-133,HostingVDS,Hi-CPU-64G,,Russia,RU,"Россия, Москва",,14,,64,500,NVMe,30,10000,96,EUR,month,110.04,true,true,BNB; BTC; DAI; ETH; LTC; POL; SOL; TON; TRX; USDC; USDT; MIR; SBP,https://my.hosting-vds.com/order/performance-vds-amd-epyc/34,2026-08-30
mevspace:mevspace-hc-8-16-poland-11,MevSpace,HC-8-16,,Poland,PL,Poland,,8,,16,400,SSD,unlimited,1000,96.9,EUR,month,111.08,true,false,BCC; BCH; BTC; BUSD; DAI; DASH; DOGE; ETH; GUSD; LSK; LTC; SHIB; SOL; TRX; USDC; USDP; WBTC; XRP; ZEC; ZND; Mastercard; VISA; SEPA; PayPal,https://mevspace.com/vps-cloud?id=general-purpose,2026-08-30
aeza:aeza-383-51-london-59,Aeza,LND-4,,United Kingdom,GB,51-LONDON,,8,,16,240,,unlimited,1000,97.48,EUR,month,111.74,true,true,BNB; BTC; ETH; LTC; SOL; TON; TRX; USDT; MIR; Mastercard; VISA,https://aeza.net/ru/virtual-servers,2026-08-30
zomro:zomro-zomro-premium-ultimate-poland-55,Zomro,Premium Ultimate,,Germany,DE,Germany,,16,,40,280,,16,1000,98.95,EUR,month,113.43,true,true,BNB; BTC; ETH; SOL; TON; USDC; USDT; MIR; Mastercard; VISA; SBP; PayPal,https://zomro.com/vps,2026-08-30
zomro:zomro-zomro-premium-ultimate-poland-55,Zomro,Premium Ultimate,,Netherlands,NL,Netherlands,,16,,40,280,,16,1000,98.95,EUR,month,113.43,true,true,BNB; BTC; ETH; SOL; TON; USDC; USDT; MIR; Mastercard; VISA; SBP; PayPal,https://zomro.com/vps,2026-08-30
zomro:zomro-zomro-premium-ultimate-poland-55,Zomro,Premium Ultimate,,Poland,PL,Poland,,16,,40,280,,16,1000,98.95,EUR,month,113.43,true,true,BNB; BTC; ETH; SOL; TON; USDC; USDT; MIR; Mastercard; VISA; SBP; PayPal,https://zomro.com/vps,2026-08-30
zomro:zomro-zomro-premium-ultimate-poland-55,Zomro,Premium Ultimate,,USA,US,USA,,16,,40,280,,16,1000,98.95,EUR,month,113.43,true,true,BNB; BTC; ETH; SOL; TON; USDC; USDT; MIR; Mastercard; VISA; SBP; PayPal,https://zomro.com/vps,2026-08-30
timeweb:timeweb-high-6-row-35,TimeWEB,High-6,,Russia,RU,Россия-Санкт-Петербург,,8,,12,100,NVMe,,200,9990,RUB,month,118.37,false,true,MIR; Mastercard; VISA; SberPay; SBP; YooMoney,https://timeweb.cloud/services/vds-vps?location=ru,2026-08-30
vdsina:vdsina-vdsina-com-hi-cpu-2-amsterdam-netherlands-6,VDSina,Hi-CPU 2,,Netherlands,NL,"Amsterdam, Netherlands",,8,,16,320,NVMe,64,10000,120,USD,month,120,true,true,BNB; BTC; DOGE; ETH; LTC; SOL; TON; TRX; USDT; MIR; Mastercard; VISA; SBP; Invoice for organization; YooMoney,https://vdsina.ru/pricing/standard,2026-08-30
vultr:vultr-vc2-6c-16gb-sao-sao-14,Vultr,Cloud Compute 6C-16G,,Brazil,BR,sao,,6,,16,320,SSD,5,,120,USD,month,120,false,false,Mastercard; VISA; PayPal,https://www.vultr.com/pricing/,2026-08-30
smartape:smartape-linux-nvme-nvme-x32-640gb-datapro-moscow-i-ru-85,SmartApe,NVMe X32 · 640 GB,,Czech Republic,CZ,Host-Telecom (CZ),Linux; Windows,16,,32,640,NVMe,unlimited,200,10185,RUB,month,120.68,true,true,BNB; BTC; DOGE; ETH; HUMO; JCB; LTC; SOL; TRX; USDC; APRA; MIR; Mastercard; VISA; PayPal,https://www.smartape.ru/ssd-vps,2026-08-30
smartape:smartape-linux-nvme-nvme-x32-640gb-datapro-moscow-i-ru-85,SmartApe,NVMe X32 · 640 GB,,Israel,IL,Partner Group (IL),Linux; Windows,16,,32,640,NVMe,unlimited,200,10185,RUB,month,120.68,true,true,BNB; BTC; DOGE; ETH; HUMO; JCB; LTC; SOL; TRX; USDC; APRA; MIR; Mastercard; VISA; PayPal,https://www.smartape.ru/ssd-vps,2026-08-30
smartape:smartape-linux-nvme-nvme-x32-640gb-datapro-moscow-i-ru-85,SmartApe,NVMe X32 · 640 GB,,Russia,RU,DataPro Moscow I (RU),Linux; Windows,16,,32,640,NVMe,unlimited,200,10185,RUB,month,120.68,true,true,BNB; BTC; DOGE; ETH; HUMO; JCB; LTC; SOL; TRX; USDC; APRA; MIR; Mastercard; VISA; PayPal,https://www.smartape.ru/ssd-vps,2026-08-30
timeweb:timeweb-high-msk-8-12-100-row-11,TimeWEB,High MSK 8/12/100,,Russia,RU,Россия-Москва,,8,,12,100,NVMe,,1000,10210,RUB,month,120.98,false,true,MIR; Mastercard; VISA; SberPay; SBP; YooMoney,https://timeweb.cloud/services/vds-vps,2026-08-30
timeweb:timeweb-dedic-high-60-row-21,TimeWEB,Dedic High-60,,Russia,RU,Россия-Москва,,4,,16,60,NVMe,,200,10300,RUB,month,122.04,false,true,MIR; Mastercard; VISA; SberPay; SBP; YooMoney,https://timeweb.cloud/services/vds-vps,2026-08-30
timeweb:timeweb-us-160-row-75,TimeWEB,US-160,,USA,US,США-Нью-Йорк,,8,,16,160,NVMe,,1000,10710,RUB,month,126.9,false,true,MIR; Mastercard; VISA; SberPay; SBP; YooMoney,https://timeweb.cloud/services/vds-vps?location=nyc,2026-08-30
selectel:selectel-selectel-standard-4vcpu-32gb-128nvme-row-14,Selectel,Standard 4C-32G-128G,,Russia,RU,"Россия, Москва / Санкт-Петербург",,4,,32,128,NVMe,3,3000,11495.67,RUB,month,136.21,false,true,MIR; VISA; Mastercard; SBP; YooMoney; Bank transfer,https://selectel.ru/prices/calculator/,2026-09-22
aeza:aeza-251-62-moscow-75,Aeza,NAS-12,,Russia,RU,62-MOSCOW,,12,,12,12288,HDD,unlimited,10000,120,EUR,month,137.56,true,true,BNB; BTC; ETH; LTC; SOL; TON; TRX; USDT; MIR; Mastercard; VISA,https://aeza.net/ru/storage-vps,2026-08-30
timeweb:timeweb-kz-100-row-51,TimeWEB,KZ-100,,Kazakhstan,KZ,Казахстан-Алматы,,8,,12,100,NVMe,,100,11790,RUB,month,139.7,false,true,MIR; Mastercard; VISA; SberPay; SBP; YooMoney,https://timeweb.cloud/services/vds-vps?location=kz,2026-08-30
smartape:smartape-linux-nvme-nvme-x64-640gb-datapro-moscow-i-ru-97,SmartApe,NVMe X64 · 640 GB,,Czech Republic,CZ,Host-Telecom (CZ),Linux; Windows,24,,64,640,NVMe,unlimited,200,11870,RUB,month,140.65,true,true,BNB; BTC; DOGE; ETH; HUMO; JCB; LTC; SOL; TRX; USDC; APRA; MIR; Mastercard; VISA; PayPal,https://www.smartape.ru/ssd-vps,2026-08-30
smartape:smartape-linux-nvme-nvme-x64-640gb-datapro-moscow-i-ru-97,SmartApe,NVMe X64 · 640 GB,,Israel,IL,Partner Group (IL),Linux; Windows,24,,64,640,NVMe,unlimited,200,11870,RUB,month,140.65,true,true,BNB; BTC; DOGE; ETH; HUMO; JCB; LTC; SOL; TRX; USDC; APRA; MIR; Mastercard; VISA; PayPal,https://www.smartape.ru/ssd-vps,2026-08-30
smartape:smartape-linux-nvme-nvme-x64-640gb-datapro-moscow-i-ru-97,SmartApe,NVMe X64 · 640 GB,,Russia,RU,DataPro Moscow I (RU),Linux; Windows,24,,64,640,NVMe,unlimited,200,11870,RUB,month,140.65,true,true,BNB; BTC; DOGE; ETH; HUMO; JCB; LTC; SOL; TRX; USDC; APRA; MIR; Mastercard; VISA; PayPal,https://www.smartape.ru/ssd-vps,2026-08-30
timeweb:timeweb-high-7-row-36,TimeWEB,High-7,,Russia,RU,Россия-Санкт-Петербург,,8,,16,160,NVMe,,200,11915,RUB,month,141.18,false,true,MIR; Mastercard; VISA; SberPay; SBP; YooMoney,https://timeweb.cloud/services/vds-vps?location=ru,2026-08-30
zomro:zomro-zomro-storage-zen-netherlands-66,Zomro,Storage Zen,,Netherlands,NL,Netherlands,,8,,40,2000,,8,,124.95,EUR,month,143.23,true,true,BNB; BTC; ETH; SOL; TON; USDC; USDT; MIR; Mastercard; VISA; SBP; PayPal,https://zomro.com/big_vds,2026-08-30
timeweb:timeweb-high-msk-8-16-160-row-12,TimeWEB,High MSK 8/16/160,,Russia,RU,Россия-Москва,,8,,16,160,NVMe,,1000,12135,RUB,month,143.78,false,true,MIR; Mastercard; VISA; SberPay; SBP; YooMoney,https://timeweb.cloud/services/vds-vps,2026-08-30
vultr:vultr-vhf-6c-24gb-ewr-sea-lax-atl-ams-lhr-sjc-syd-yto-cdg-nrt-waw-mad-icn-mia-sgp-sto-mex-mel-bom-tlv-blr-del-scl-itm-man-29,Vultr,High Frequency 6C-24G,,Australia,AU,"ewr, sea, lax, atl, ams, lhr, sjc, syd, yto, cdg, nrt, waw, mad, icn, mia, sgp, sto, mex, mel, bom, tlv, blr, del, scl, itm, man",,6,,24,448,,6,,144,USD,month,144,false,false,Mastercard; VISA; PayPal,https://www.vultr.com/pricing/,2026-08-30
vultr:vultr-vhp-12c-24gb-amd-ewr-ord-dfw-sea-lax-ams-lhr-fra-sjc-syd-yto-cdg-nrt-waw-mad-icn-mia-sgp-sto-mex-mel-bom-jnb-tlv-blr-del-scl-itm-man-47,Vultr,High Performance AMD 12C-24G,,Australia,AU,"ewr, ord, dfw, sea, lax, ams, lhr, fra, sjc, syd, yto, cdg, nrt, waw, mad, icn, mia, sgp, sto, mex, mel, bom, jnb, tlv, blr, del, scl, itm, man",,12,,24,500,,12,,144,USD,month,144,false,false,Mastercard; VISA; PayPal,https://www.vultr.com/pricing/,2026-08-30
vultr:vultr-vhp-12c-24gb-intel-ewr-ord-dfw-sea-lax-atl-ams-lhr-fra-sjc-syd-yto-cdg-nrt-waw-mad-icn-mia-sgp-sto-mex-mel-hnl-bom-jnb-tlv-blr-del-scl-itm-man-63,Vultr,High Performance Intel 12C-24G,,Australia,AU,"ewr, ord, dfw, sea, lax, atl, ams, lhr, fra, sjc, syd, yto, cdg, nrt, waw, mad, icn, mia, sgp, sto, mex, mel, hnl, bom, jnb, tlv, blr, del, scl, itm, man",,12,,24,500,,12,,144,USD,month,144,false,false,Mastercard; VISA; PayPal,https://www.vultr.com/pricing/,2026-08-30
vultr:vultr-vhp-8c-16gb-amd-sao-sao-46,Vultr,High Performance AMD 8C-16G,,Brazil,BR,sao,,8,,16,350,,8,,144,USD,month,144,false,false,Mastercard; VISA; PayPal,https://www.vultr.com/pricing/,2026-08-30
vultr:vultr-vhp-8c-16gb-intel-sao-sao-62,Vultr,High Performance Intel 8C-16G,,Brazil,BR,sao,,8,,16,350,,8,,144,USD,month,144,false,false,Mastercard; VISA; PayPal,https://www.vultr.com/pricing/,2026-08-30
vultr:vultr-vhf-6c-24gb-ewr-sea-lax-atl-ams-lhr-sjc-syd-yto-cdg-nrt-waw-mad-icn-mia-sgp-sto-mex-mel-bom-tlv-blr-del-scl-itm-man-29,Vultr,High Frequency 6C-24G,,Canada,CA,"ewr, sea, lax, atl, ams, lhr, sjc, syd, yto, cdg, nrt, waw, mad, icn, mia, sgp, sto, mex, mel, bom, tlv, blr, del, scl, itm, man",,6,,24,448,,6,,144,USD,month,144,false,false,Mastercard; VISA; PayPal,https://www.vultr.com/pricing/,2026-08-30
vultr:vultr-vhp-12c-24gb-amd-ewr-ord-dfw-sea-lax-ams-lhr-fra-sjc-syd-yto-cdg-nrt-waw-mad-icn-mia-sgp-sto-mex-mel-bom-jnb-tlv-blr-del-scl-itm-man-47,Vultr,High Performance AMD 12C-24G,,Canada,CA,"ewr, ord, dfw, sea, lax, ams, lhr, fra, sjc, syd, yto, cdg, nrt, waw, mad, icn, mia, sgp, sto, mex, mel, bom, jnb, tlv, blr, del, scl, itm, man",,12,,24,500,,12,,144,USD,month,144,false,false,Mastercard; VISA; PayPal,https://www.vultr.com/pricing/,2026-08-30
vultr:vultr-vhp-12c-24gb-intel-ewr-ord-dfw-sea-lax-atl-ams-lhr-fra-sjc-syd-yto-cdg-nrt-waw-mad-icn-mia-sgp-sto-mex-mel-hnl-bom-jnb-tlv-blr-del-scl-itm-man-63,Vultr,High Performance Intel 12C-24G,,Canada,CA,"ewr, ord, dfw, sea, lax, atl, ams, lhr, fra, sjc, syd, yto, cdg, nrt, waw, mad, icn, mia, sgp, sto, mex, mel, hnl, bom, jnb, tlv, blr, del, scl, itm, man",,12,,24,500,,12,,144,USD,month,144,false,false,Mastercard; VISA; PayPal,https://www.vultr.com/pricing/,2026-08-30
vultr:vultr-vhf-6c-24gb-ewr-sea-lax-atl-ams-lhr-sjc-syd-yto-cdg-nrt-waw-mad-icn-mia-sgp-sto-mex-mel-bom-tlv-blr-del-scl-itm-man-29,Vultr,High Frequency 6C-24G,,Chile,CL,"ewr, sea, lax, atl, ams, lhr, sjc, syd, yto, cdg, nrt, waw, mad, icn, mia, sgp, sto, mex, mel, bom, tlv, blr, del, scl, itm, man",,6,,24,448,,6,,144,USD,month,144,false,false,Mastercard; VISA; PayPal,https://www.vultr.com/pricing/,2026-08-30
vultr:vultr-vhp-12c-24gb-amd-ewr-ord-dfw-sea-lax-ams-lhr-fra-sjc-syd-yto-cdg-nrt-waw-mad-icn-mia-sgp-sto-mex-mel-bom-jnb-tlv-blr-del-scl-itm-man-47,Vultr,High Performance AMD 12C-24G,,Chile,CL,"ewr, ord, dfw, sea, lax, ams, lhr, fra, sjc, syd, yto, cdg, nrt, waw, mad, icn, mia, sgp, sto, mex, mel, bom, jnb, tlv, blr, del, scl, itm, man",,12,,24,500,,12,,144,USD,month,144,false,false,Mastercard; VISA; PayPal,https://www.vultr.com/pricing/,2026-08-30
vultr:vultr-vhp-12c-24gb-intel-ewr-ord-dfw-sea-lax-atl-ams-lhr-fra-sjc-syd-yto-cdg-nrt-waw-mad-icn-mia-sgp-sto-mex-mel-hnl-bom-jnb-tlv-blr-del-scl-itm-man-63,Vultr,High Performance Intel 12C-24G,,Chile,CL,"ewr, ord, dfw, sea, lax, atl, ams, lhr, fra, sjc, syd, yto, cdg, nrt, waw, mad, icn, mia, sgp, sto, mex, mel, hnl, bom, jnb, tlv, blr, del, scl, itm, man",,12,,24,500,,12,,144,USD,month,144,false,false,Mastercard; VISA; PayPal,https://www.vultr.com/pricing/,2026-08-30
vultr:vultr-vhf-6c-24gb-ewr-sea-lax-atl-ams-lhr-sjc-syd-yto-cdg-nrt-waw-mad-icn-mia-sgp-sto-mex-mel-bom-tlv-blr-del-scl-itm-man-29,Vultr,High Frequency 6C-24G,,France,FR,"ewr, sea, lax, atl, ams, lhr, sjc, syd, yto, cdg, nrt, waw, mad, icn, mia, sgp, sto, mex, mel, bom, tlv, blr, del, scl, itm, man",,6,,24,448,,6,,144,USD,month,144,false,false,Mastercard; VISA; PayPal,https://www.vultr.com/pricing/,2026-08-30
vultr:vultr-vhp-12c-24gb-amd-ewr-ord-dfw-sea-lax-ams-lhr-fra-sjc-syd-yto-cdg-nrt-waw-mad-icn-mia-sgp-sto-mex-mel-bom-jnb-tlv-blr-del-scl-itm-man-47,Vultr,High Performance AMD 12C-24G,,France,FR,"ewr, ord, dfw, sea, lax, ams, lhr, fra, sjc, syd, yto, cdg, nrt, waw, mad, icn, mia, sgp, sto, mex, mel, bom, jnb, tlv, blr, del, scl, itm, man",,12,,24,500,,12,,144,USD,month,144,false,false,Mastercard; VISA; PayPal,https://www.vultr.com/pricing/,2026-08-30
vultr:vultr-vhp-12c-24gb-intel-ewr-ord-dfw-sea-lax-atl-ams-lhr-fra-sjc-syd-yto-cdg-nrt-waw-mad-icn-mia-sgp-sto-mex-mel-hnl-bom-jnb-tlv-blr-del-scl-itm-man-63,Vultr,High Performance Intel 12C-24G,,France,FR,"ewr, ord, dfw, sea, lax, atl, ams, lhr, fra, sjc, syd, yto, cdg, nrt, waw, mad, icn, mia, sgp, sto, mex, mel, hnl, bom, jnb, tlv, blr, del, scl, itm, man",,12,,24,500,,12,,144,USD,month,144,false,false,Mastercard; VISA; PayPal,https://www.vultr.com/pricing/,2026-08-30
vultr:vultr-vhp-12c-24gb-amd-ewr-ord-dfw-sea-lax-ams-lhr-fra-sjc-syd-yto-cdg-nrt-waw-mad-icn-mia-sgp-sto-mex-mel-bom-jnb-tlv-blr-del-scl-itm-man-47,Vultr,High Performance AMD 12C-24G,,Germany,DE,"ewr, ord, dfw, sea, lax, ams, lhr, fra, sjc, syd, yto, cdg, nrt, waw, mad, icn, mia, sgp, sto, mex, mel, bom, jnb, tlv, blr, del, scl, itm, man",,12,,24,500,,12,,144,USD,month,144,false,false,Mastercard; VISA; PayPal,https://www.vultr.com/pricing/,2026-08-30
vultr:vultr-vhp-12c-24gb-intel-ewr-ord-dfw-sea-lax-atl-ams-lhr-fra-sjc-syd-yto-cdg-nrt-waw-mad-icn-mia-sgp-sto-mex-mel-hnl-bom-jnb-tlv-blr-del-scl-itm-man-63,Vultr,High Performance Intel 12C-24G,,Germany,DE,"ewr, ord, dfw, sea, lax, atl, ams, lhr, fra, sjc, syd, yto, cdg, nrt, waw, mad, icn, mia, sgp, sto, mex, mel, hnl, bom, jnb, tlv, blr, del, scl, itm, man",,12,,24,500,,12,,144,USD,month,144,false,false,Mastercard; VISA; PayPal,https://www.vultr.com/pricing/,2026-08-30
vultr:vultr-vhf-6c-24gb-ewr-sea-lax-atl-ams-lhr-sjc-syd-yto-cdg-nrt-waw-mad-icn-mia-sgp-sto-mex-mel-bom-tlv-blr-del-scl-itm-man-29,Vultr,High Frequency 6C-24G,,India,IN,"ewr, sea, lax, atl, ams, lhr, sjc, syd, yto, cdg, nrt, waw, mad, icn, mia, sgp, sto, mex, mel, bom, tlv, blr, del, scl, itm, man",,6,,24,448,,6,,144,USD,month,144,false,false,Mastercard; VISA; PayPal,https://www.vultr.com/pricing/,2026-08-30
vultr:vultr-vhp-12c-24gb-amd-ewr-ord-dfw-sea-lax-ams-lhr-fra-sjc-syd-yto-cdg-nrt-waw-mad-icn-mia-sgp-sto-mex-mel-bom-jnb-tlv-blr-del-scl-itm-man-47,Vultr,High Performance AMD 12C-24G,,India,IN,"ewr, ord, dfw, sea, lax, ams, lhr, fra, sjc, syd, yto, cdg, nrt, waw, mad, icn, mia, sgp, sto, mex, mel, bom, jnb, tlv, blr, del, scl, itm, man",,12,,24,500,,12,,144,USD,month,144,false,false,Mastercard; VISA; PayPal,https://www.vultr.com/pricing/,2026-08-30
vultr:vultr-vhp-12c-24gb-intel-ewr-ord-dfw-sea-lax-atl-ams-lhr-fra-sjc-syd-yto-cdg-nrt-waw-mad-icn-mia-sgp-sto-mex-mel-hnl-bom-jnb-tlv-blr-del-scl-itm-man-63,Vultr,High Performance Intel 12C-24G,,India,IN,"ewr, ord, dfw, sea, lax, atl, ams, lhr, fra, sjc, syd, yto, cdg, nrt, waw, mad, icn, mia, sgp, sto, mex, mel, hnl, bom, jnb, tlv, blr, del, scl, itm, man",,12,,24,500,,12,,144,USD,month,144,false,false,Mastercard; VISA; PayPal,https://www.vultr.com/pricing/,2026-08-30
vultr:vultr-vhf-6c-24gb-ewr-sea-lax-atl-ams-lhr-sjc-syd-yto-cdg-nrt-waw-mad-icn-mia-sgp-sto-mex-mel-bom-tlv-blr-del-scl-itm-man-29,Vultr,High Frequency 6C-24G,,Israel,IL,"ewr, sea, lax, atl, ams, lhr, sjc, syd, yto, cdg, nrt, waw, mad, icn, mia, sgp, sto, mex, mel, bom, tlv, blr, del, scl, itm, man",,6,,24,448,,6,,144,USD,month,144,false,false,Mastercard; VISA; PayPal,https://www.vultr.com/pricing/,2026-08-30
vultr:vultr-vhp-12c-24gb-amd-ewr-ord-dfw-sea-lax-ams-lhr-fra-sjc-syd-yto-cdg-nrt-waw-mad-icn-mia-sgp-sto-mex-mel-bom-jnb-tlv-blr-del-scl-itm-man-47,Vultr,High Performance AMD 12C-24G,,Israel,IL,"ewr, ord, dfw, sea, lax, ams, lhr, fra, sjc, syd, yto, cdg, nrt, waw, mad, icn, mia, sgp, sto, mex, mel, bom, jnb, tlv, blr, del, scl, itm, man",,12,,24,500,,12,,144,USD,month,144,false,false,Mastercard; VISA; PayPal,https://www.vultr.com/pricing/,2026-08-30
vultr:vultr-vhp-12c-24gb-intel-ewr-ord-dfw-sea-lax-atl-ams-lhr-fra-sjc-syd-yto-cdg-nrt-waw-mad-icn-mia-sgp-sto-mex-mel-hnl-bom-jnb-tlv-blr-del-scl-itm-man-63,Vultr,High Performance Intel 12C-24G,,Israel,IL,"ewr, ord, dfw, sea, lax, atl, ams, lhr, fra, sjc, syd, yto, cdg, nrt, waw, mad, icn, mia, sgp, sto, mex, mel, hnl, bom, jnb, tlv, blr, del, scl, itm, man",,12,,24,500,,12,,144,USD,month,144,false,false,Mastercard; VISA; PayPal,https://www.vultr.com/pricing/,2026-08-30
vultr:vultr-vhf-6c-24gb-ewr-sea-lax-atl-ams-lhr-sjc-syd-yto-cdg-nrt-waw-mad-icn-mia-sgp-sto-mex-mel-bom-tlv-blr-del-scl-itm-man-29,Vultr,High Frequency 6C-24G,,Japan,JP,"ewr, sea, lax, atl, ams, lhr, sjc, syd, yto, cdg, nrt, waw, mad, icn, mia, sgp, sto, mex, mel, bom, tlv, blr, del, scl, itm, man",,6,,24,448,,6,,144,USD,month,144,false,false,Mastercard; VISA; PayPal,https://www.vultr.com/pricing/,2026-08-30
vultr:vultr-vhp-12c-24gb-amd-ewr-ord-dfw-sea-lax-ams-lhr-fra-sjc-syd-yto-cdg-nrt-waw-mad-icn-mia-sgp-sto-mex-mel-bom-jnb-tlv-blr-del-scl-itm-man-47,Vultr,High Performance AMD 12C-24G,,Japan,JP,"ewr, ord, dfw, sea, lax, ams, lhr, fra, sjc, syd, yto, cdg, nrt, waw, mad, icn, mia, sgp, sto, mex, mel, bom, jnb, tlv, blr, del, scl, itm, man",,12,,24,500,,12,,144,USD,month,144,false,false,Mastercard; VISA; PayPal,https://www.vultr.com/pricing/,2026-08-30
vultr:vultr-vhp-12c-24gb-intel-ewr-ord-dfw-sea-lax-atl-ams-lhr-fra-sjc-syd-yto-cdg-nrt-waw-mad-icn-mia-sgp-sto-mex-mel-hnl-bom-jnb-tlv-blr-del-scl-itm-man-63,Vultr,High Performance Intel 12C-24G,,Japan,JP,"ewr, ord, dfw, sea, lax, atl, ams, lhr, fra, sjc, syd, yto, cdg, nrt, waw, mad, icn, mia, sgp, sto, mex, mel, hnl, bom, jnb, tlv, blr, del, scl, itm, man",,12,,24,500,,12,,144,USD,month,144,false,false,Mastercard; VISA; PayPal,https://www.vultr.com/pricing/,2026-08-30
vultr:vultr-vhf-6c-24gb-ewr-sea-lax-atl-ams-lhr-sjc-syd-yto-cdg-nrt-waw-mad-icn-mia-sgp-sto-mex-mel-bom-tlv-blr-del-scl-itm-man-29,Vultr,High Frequency 6C-24G,,Mexico,MX,"ewr, sea, lax, atl, ams, lhr, sjc, syd, yto, cdg, nrt, waw, mad, icn, mia, sgp, sto, mex, mel, bom, tlv, blr, del, scl, itm, man",,6,,24,448,,6,,144,USD,month,144,false,false,Mastercard; VISA; PayPal,https://www.vultr.com/pricing/,2026-08-30
vultr:vultr-vhp-12c-24gb-amd-ewr-ord-dfw-sea-lax-ams-lhr-fra-sjc-syd-yto-cdg-nrt-waw-mad-icn-mia-sgp-sto-mex-mel-bom-jnb-tlv-blr-del-scl-itm-man-47,Vultr,High Performance AMD 12C-24G,,Mexico,MX,"ewr, ord, dfw, sea, lax, ams, lhr, fra, sjc, syd, yto, cdg, nrt, waw, mad, icn, mia, sgp, sto, mex, mel, bom, jnb, tlv, blr, del, scl, itm, man",,12,,24,500,,12,,144,USD,month,144,false,false,Mastercard; VISA; PayPal,https://www.vultr.com/pricing/,2026-08-30
vultr:vultr-vhp-12c-24gb-intel-ewr-ord-dfw-sea-lax-atl-ams-lhr-fra-sjc-syd-yto-cdg-nrt-waw-mad-icn-mia-sgp-sto-mex-mel-hnl-bom-jnb-tlv-blr-del-scl-itm-man-63,Vultr,High Performance Intel 12C-24G,,Mexico,MX,"ewr, ord, dfw, sea, lax, atl, ams, lhr, fra, sjc, syd, yto, cdg, nrt, waw, mad, icn, mia, sgp, sto, mex, mel, hnl, bom, jnb, tlv, blr, del, scl, itm, man",,12,,24,500,,12,,144,USD,month,144,false,false,Mastercard; VISA; PayPal,https://www.vultr.com/pricing/,2026-08-30
vultr:vultr-vhf-6c-24gb-ewr-sea-lax-atl-ams-lhr-sjc-syd-yto-cdg-nrt-waw-mad-icn-mia-sgp-sto-mex-mel-bom-tlv-blr-del-scl-itm-man-29,Vultr,High Frequency 6C-24G,,Netherlands,NL,"ewr, sea, lax, atl, ams, lhr, sjc, syd, yto, cdg, nrt, waw, mad, icn, mia, sgp, sto, mex, mel, bom, tlv, blr, del, scl, itm, man",,6,,24,448,,6,,144,USD,month,144,false,false,Mastercard; VISA; PayPal,https://www.vultr.com/pricing/,2026-08-30
vultr:vultr-vhp-12c-24gb-amd-ewr-ord-dfw-sea-lax-ams-lhr-fra-sjc-syd-yto-cdg-nrt-waw-mad-icn-mia-sgp-sto-mex-mel-bom-jnb-tlv-blr-del-scl-itm-man-47,Vultr,High Performance AMD 12C-24G,,Netherlands,NL,"ewr, ord, dfw, sea, lax, ams, lhr, fra, sjc, syd, yto, cdg, nrt, waw, mad, icn, mia, sgp, sto, mex, mel, bom, jnb, tlv, blr, del, scl, itm, man",,12,,24,500,,12,,144,USD,month,144,false,false,Mastercard; VISA; PayPal,https://www.vultr.com/pricing/,2026-08-30
vultr:vultr-vhp-12c-24gb-intel-ewr-ord-dfw-sea-lax-atl-ams-lhr-fra-sjc-syd-yto-cdg-nrt-waw-mad-icn-mia-sgp-sto-mex-mel-hnl-bom-jnb-tlv-blr-del-scl-itm-man-63,Vultr,High Performance Intel 12C-24G,,Netherlands,NL,"ewr, ord, dfw, sea, lax, atl, ams, lhr, fra, sjc, syd, yto, cdg, nrt, waw, mad, icn, mia, sgp, sto, mex, mel, hnl, bom, jnb, tlv, blr, del, scl, itm, man",,12,,24,500,,12,,144,USD,month,144,false,false,Mastercard; VISA; PayPal,https://www.vultr.com/pricing/,2026-08-30
vultr:vultr-vhf-6c-24gb-ewr-sea-lax-atl-ams-lhr-sjc-syd-yto-cdg-nrt-waw-mad-icn-mia-sgp-sto-mex-mel-bom-tlv-blr-del-scl-itm-man-29,Vultr,High Frequency 6C-24G,,Poland,PL,"ewr, sea, lax, atl, ams, lhr, sjc, syd, yto, cdg, nrt, waw, mad, icn, mia, sgp, sto, mex, mel, bom, tlv, blr, del, scl, itm, man",,6,,24,448,,6,,144,USD,month,144,false,false,Mastercard; VISA; PayPal,https://www.vultr.com/pricing/,2026-08-30
vultr:vultr-vhp-12c-24gb-amd-ewr-ord-dfw-sea-lax-ams-lhr-fra-sjc-syd-yto-cdg-nrt-waw-mad-icn-mia-sgp-sto-mex-mel-bom-jnb-tlv-blr-del-scl-itm-man-47,Vultr,High Performance AMD 12C-24G,,Poland,PL,"ewr, ord, dfw, sea, lax, ams, lhr, fra, sjc, syd, yto, cdg, nrt, waw, mad, icn, mia, sgp, sto, mex, mel, bom, jnb, tlv, blr, del, scl, itm, man",,12,,24,500,,12,,144,USD,month,144,false,false,Mastercard; VISA; PayPal,https://www.vultr.com/pricing/,2026-08-30
vultr:vultr-vhp-12c-24gb-intel-ewr-ord-dfw-sea-lax-atl-ams-lhr-fra-sjc-syd-yto-cdg-nrt-waw-mad-icn-mia-sgp-sto-mex-mel-hnl-bom-jnb-tlv-blr-del-scl-itm-man-63,Vultr,High Performance Intel 12C-24G,,Poland,PL,"ewr, ord, dfw, sea, lax, atl, ams, lhr, fra, sjc, syd, yto, cdg, nrt, waw, mad, icn, mia, sgp, sto, mex, mel, hnl, bom, jnb, tlv, blr, del, scl, itm, man",,12,,24,500,,12,,144,USD,month,144,false,false,Mastercard; VISA; PayPal,https://www.vultr.com/pricing/,2026-08-30
vultr:vultr-vhf-6c-24gb-ewr-sea-lax-atl-ams-lhr-sjc-syd-yto-cdg-nrt-waw-mad-icn-mia-sgp-sto-mex-mel-bom-tlv-blr-del-scl-itm-man-29,Vultr,High Frequency 6C-24G,,Singapore,SG,"ewr, sea, lax, atl, ams, lhr, sjc, syd, yto, cdg, nrt, waw, mad, icn, mia, sgp, sto, mex, mel, bom, tlv, blr, del, scl, itm, man",,6,,24,448,,6,,144,USD,month,144,false,false,Mastercard; VISA; PayPal,https://www.vultr.com/pricing/,2026-08-30
vultr:vultr-vhp-12c-24gb-amd-ewr-ord-dfw-sea-lax-ams-lhr-fra-sjc-syd-yto-cdg-nrt-waw-mad-icn-mia-sgp-sto-mex-mel-bom-jnb-tlv-blr-del-scl-itm-man-47,Vultr,High Performance AMD 12C-24G,,Singapore,SG,"ewr, ord, dfw, sea, lax, ams, lhr, fra, sjc, syd, yto, cdg, nrt, waw, mad, icn, mia, sgp, sto, mex, mel, bom, jnb, tlv, blr, del, scl, itm, man",,12,,24,500,,12,,144,USD,month,144,false,false,Mastercard; VISA; PayPal,https://www.vultr.com/pricing/,2026-08-30
vultr:vultr-vhp-12c-24gb-intel-ewr-ord-dfw-sea-lax-atl-ams-lhr-fra-sjc-syd-yto-cdg-nrt-waw-mad-icn-mia-sgp-sto-mex-mel-hnl-bom-jnb-tlv-blr-del-scl-itm-man-63,Vultr,High Performance Intel 12C-24G,,Singapore,SG,"ewr, ord, dfw, sea, lax, atl, ams, lhr, fra, sjc, syd, yto, cdg, nrt, waw, mad, icn, mia, sgp, sto, mex, mel, hnl, bom, jnb, tlv, blr, del, scl, itm, man",,12,,24,500,,12,,144,USD,month,144,false,false,Mastercard; VISA; PayPal,https://www.vultr.com/pricing/,2026-08-30
vultr:vultr-vhp-12c-24gb-amd-ewr-ord-dfw-sea-lax-ams-lhr-fra-sjc-syd-yto-cdg-nrt-waw-mad-icn-mia-sgp-sto-mex-mel-bom-jnb-tlv-blr-del-scl-itm-man-47,Vultr,High Performance AMD 12C-24G,,South Africa,ZA,"ewr, ord, dfw, sea, lax, ams, lhr, fra, sjc, syd, yto, cdg, nrt, waw, mad, icn, mia, sgp, sto, mex, mel, bom, jnb, tlv, blr, del, scl, itm, man",,12,,24,500,,12,,144,USD,month,144,false,false,Mastercard; VISA; PayPal,https://www.vultr.com/pricing/,2026-08-30
vultr:vultr-vhp-12c-24gb-intel-ewr-ord-dfw-sea-lax-atl-ams-lhr-fra-sjc-syd-yto-cdg-nrt-waw-mad-icn-mia-sgp-sto-mex-mel-hnl-bom-jnb-tlv-blr-del-scl-itm-man-63,Vultr,High Performance Intel 12C-24G,,South Africa,ZA,"ewr, ord, dfw, sea, lax, atl, ams, lhr, fra, sjc, syd, yto, cdg, nrt, waw, mad, icn, mia, sgp, sto, mex, mel, hnl, bom, jnb, tlv, blr, del, scl, itm, man",,12,,24,500,,12,,144,USD,month,144,false,false,Mastercard; VISA; PayPal,https://www.vultr.com/pricing/,2026-08-30
vultr:vultr-vhf-6c-24gb-ewr-sea-lax-atl-ams-lhr-sjc-syd-yto-cdg-nrt-waw-mad-icn-mia-sgp-sto-mex-mel-bom-tlv-blr-del-scl-itm-man-29,Vultr,High Frequency 6C-24G,,South Korea,KR,"ewr, sea, lax, atl, ams, lhr, sjc, syd, yto, cdg, nrt, waw, mad, icn, mia, sgp, sto, mex, mel, bom, tlv, blr, del, scl, itm, man",,6,,24,448,,6,,144,USD,month,144,false,false,Mastercard; VISA; PayPal,https://www.vultr.com/pricing/,2026-08-30
vultr:vultr-vhp-12c-24gb-amd-ewr-ord-dfw-sea-lax-ams-lhr-fra-sjc-syd-yto-cdg-nrt-waw-mad-icn-mia-sgp-sto-mex-mel-bom-jnb-tlv-blr-del-scl-itm-man-47,Vultr,High Performance AMD 12C-24G,,South Korea,KR,"ewr, ord, dfw, sea, lax, ams, lhr, fra, sjc, syd, yto, cdg, nrt, waw, mad, icn, mia, sgp, sto, mex, mel, bom, jnb, tlv, blr, del, scl, itm, man",,12,,24,500,,12,,144,USD,month,144,false,false,Mastercard; VISA; PayPal,https://www.vultr.com/pricing/,2026-08-30
vultr:vultr-vhp-12c-24gb-intel-ewr-ord-dfw-sea-lax-atl-ams-lhr-fra-sjc-syd-yto-cdg-nrt-waw-mad-icn-mia-sgp-sto-mex-mel-hnl-bom-jnb-tlv-blr-del-scl-itm-man-63,Vultr,High Performance Intel 12C-24G,,South Korea,KR,"ewr, ord, dfw, sea, lax, atl, ams, lhr, fra, sjc, syd, yto, cdg, nrt, waw, mad, icn, mia, sgp, sto, mex, mel, hnl, bom, jnb, tlv, blr, del, scl, itm, man",,12,,24,500,,12,,144,USD,month,144,false,false,Mastercard; VISA; PayPal,https://www.vultr.com/pricing/,2026-08-30
vultr:vultr-vhf-6c-24gb-ewr-sea-lax-atl-ams-lhr-sjc-syd-yto-cdg-nrt-waw-mad-icn-mia-sgp-sto-mex-mel-bom-tlv-blr-del-scl-itm-man-29,Vultr,High Frequency 6C-24G,,Spain,ES,"ewr, sea, lax, atl, ams, lhr, sjc, syd, yto, cdg, nrt, waw, mad, icn, mia, sgp, sto, mex, mel, bom, tlv, blr, del, scl, itm, man",,6,,24,448,,6,,144,USD,month,144,false,false,Mastercard; VISA; PayPal,https://www.vultr.com/pricing/,2026-08-30
vultr:vultr-vhp-12c-24gb-amd-ewr-ord-dfw-sea-lax-ams-lhr-fra-sjc-syd-yto-cdg-nrt-waw-mad-icn-mia-sgp-sto-mex-mel-bom-jnb-tlv-blr-del-scl-itm-man-47,Vultr,High Performance AMD 12C-24G,,Spain,ES,"ewr, ord, dfw, sea, lax, ams, lhr, fra, sjc, syd, yto, cdg, nrt, waw, mad, icn, mia, sgp, sto, mex, mel, bom, jnb, tlv, blr, del, scl, itm, man",,12,,24,500,,12,,144,USD,month,144,false,false,Mastercard; VISA; PayPal,https://www.vultr.com/pricing/,2026-08-30
vultr:vultr-vhp-12c-24gb-intel-ewr-ord-dfw-sea-lax-atl-ams-lhr-fra-sjc-syd-yto-cdg-nrt-waw-mad-icn-mia-sgp-sto-mex-mel-hnl-bom-jnb-tlv-blr-del-scl-itm-man-63,Vultr,High Performance Intel 12C-24G,,Spain,ES,"ewr, ord, dfw, sea, lax, atl, ams, lhr, fra, sjc, syd, yto, cdg, nrt, waw, mad, icn, mia, sgp, sto, mex, mel, hnl, bom, jnb, tlv, blr, del, scl, itm, man",,12,,24,500,,12,,144,USD,month,144,false,false,Mastercard; VISA; PayPal,https://www.vultr.com/pricing/,2026-08-30
vultr:vultr-vhf-6c-24gb-ewr-sea-lax-atl-ams-lhr-sjc-syd-yto-cdg-nrt-waw-mad-icn-mia-sgp-sto-mex-mel-bom-tlv-blr-del-scl-itm-man-29,Vultr,High Frequency 6C-24G,,Sweden,SE,"ewr, sea, lax, atl, ams, lhr, sjc, syd, yto, cdg, nrt, waw, mad, icn, mia, sgp, sto, mex, mel, bom, tlv, blr, del, scl, itm, man",,6,,24,448,,6,,144,USD,month,144,false,false,Mastercard; VISA; PayPal,https://www.vultr.com/pricing/,2026-08-30
vultr:vultr-vhp-12c-24gb-amd-ewr-ord-dfw-sea-lax-ams-lhr-fra-sjc-syd-yto-cdg-nrt-waw-mad-icn-mia-sgp-sto-mex-mel-bom-jnb-tlv-blr-del-scl-itm-man-47,Vultr,High Performance AMD 12C-24G,,Sweden,SE,"ewr, ord, dfw, sea, lax, ams, lhr, fra, sjc, syd, yto, cdg, nrt, waw, mad, icn, mia, sgp, sto, mex, mel, bom, jnb, tlv, blr, del, scl, itm, man",,12,,24,500,,12,,144,USD,month,144,false,false,Mastercard; VISA; PayPal,https://www.vultr.com/pricing/,2026-08-30
vultr:vultr-vhp-12c-24gb-intel-ewr-ord-dfw-sea-lax-atl-ams-lhr-fra-sjc-syd-yto-cdg-nrt-waw-mad-icn-mia-sgp-sto-mex-mel-hnl-bom-jnb-tlv-blr-del-scl-itm-man-63,Vultr,High Performance Intel 12C-24G,,Sweden,SE,"ewr, ord, dfw, sea, lax, atl, ams, lhr, fra, sjc, syd, yto, cdg, nrt, waw, mad, icn, mia, sgp, sto, mex, mel, hnl, bom, jnb, tlv, blr, del, scl, itm, man",,12,,24,500,,12,,144,USD,month,144,false,false,Mastercard; VISA; PayPal,https://www.vultr.com/pricing/,2026-08-30
vultr:vultr-vhf-6c-24gb-ewr-sea-lax-atl-ams-lhr-sjc-syd-yto-cdg-nrt-waw-mad-icn-mia-sgp-sto-mex-mel-bom-tlv-blr-del-scl-itm-man-29,Vultr,High Frequency 6C-24G,,United Kingdom,GB,"ewr, sea, lax, atl, ams, lhr, sjc, syd, yto, cdg, nrt, waw, mad, icn, mia, sgp, sto, mex, mel, bom, tlv, blr, del, scl, itm, man",,6,,24,448,,6,,144,USD,month,144,false,false,Mastercard; VISA; PayPal,https://www.vultr.com/pricing/,2026-08-30
vultr:vultr-vhp-12c-24gb-amd-ewr-ord-dfw-sea-lax-ams-lhr-fra-sjc-syd-yto-cdg-nrt-waw-mad-icn-mia-sgp-sto-mex-mel-bom-jnb-tlv-blr-del-scl-itm-man-47,Vultr,High Performance AMD 12C-24G,,United Kingdom,GB,"ewr, ord, dfw, sea, lax, ams, lhr, fra, sjc, syd, yto, cdg, nrt, waw, mad, icn, mia, sgp, sto, mex, mel, bom, jnb, tlv, blr, del, scl, itm, man",,12,,24,500,,12,,144,USD,month,144,false,false,Mastercard; VISA; PayPal,https://www.vultr.com/pricing/,2026-08-30
vultr:vultr-vhp-12c-24gb-intel-ewr-ord-dfw-sea-lax-atl-ams-lhr-fra-sjc-syd-yto-cdg-nrt-waw-mad-icn-mia-sgp-sto-mex-mel-hnl-bom-jnb-tlv-blr-del-scl-itm-man-63,Vultr,High Performance Intel 12C-24G,,United Kingdom,GB,"ewr, ord, dfw, sea, lax, atl, ams, lhr, fra, sjc, syd, yto, cdg, nrt, waw, mad, icn, mia, sgp, sto, mex, mel, hnl, bom, jnb, tlv, blr, del, scl, itm, man",,12,,24,500,,12,,144,USD,month,144,false,false,Mastercard; VISA; PayPal,https://www.vultr.com/pricing/,2026-08-30
vultr:vultr-vhf-6c-24gb-ewr-sea-lax-atl-ams-lhr-sjc-syd-yto-cdg-nrt-waw-mad-icn-mia-sgp-sto-mex-mel-bom-tlv-blr-del-scl-itm-man-29,Vultr,High Frequency 6C-24G,,USA,US,"ewr, sea, lax, atl, ams, lhr, sjc, syd, yto, cdg, nrt, waw, mad, icn, mia, sgp, sto, mex, mel, bom, tlv, blr, del, scl, itm, man",,6,,24,448,,6,,144,USD,month,144,false,false,Mastercard; VISA; PayPal,https://www.vultr.com/pricing/,2026-08-30
vultr:vultr-vhp-12c-24gb-amd-ewr-ord-dfw-sea-lax-ams-lhr-fra-sjc-syd-yto-cdg-nrt-waw-mad-icn-mia-sgp-sto-mex-mel-bom-jnb-tlv-blr-del-scl-itm-man-47,Vultr,High Performance AMD 12C-24G,,USA,US,"ewr, ord, dfw, sea, lax, ams, lhr, fra, sjc, syd, yto, cdg, nrt, waw, mad, icn, mia, sgp, sto, mex, mel, bom, jnb, tlv, blr, del, scl, itm, man",,12,,24,500,,12,,144,USD,month,144,false,false,Mastercard; VISA; PayPal,https://www.vultr.com/pricing/,2026-08-30
vultr:vultr-vhp-12c-24gb-intel-ewr-ord-dfw-sea-lax-atl-ams-lhr-fra-sjc-syd-yto-cdg-nrt-waw-mad-icn-mia-sgp-sto-mex-mel-hnl-bom-jnb-tlv-blr-del-scl-itm-man-63,Vultr,High Performance Intel 12C-24G,,USA,US,"ewr, ord, dfw, sea, lax, atl, ams, lhr, fra, sjc, syd, yto, cdg, nrt, waw, mad, icn, mia, sgp, sto, mex, mel, hnl, bom, jnb, tlv, blr, del, scl, itm, man",,12,,24,500,,12,,144,USD,month,144,false,false,Mastercard; VISA; PayPal,https://www.vultr.com/pricing/,2026-08-30
timeweb:timeweb-kz-160-row-52,TimeWEB,KZ-160,,Kazakhstan,KZ,Казахстан-Алматы,,8,,16,160,NVMe,,100,12360,RUB,month,146.45,false,true,MIR; Mastercard; VISA; SberPay; SBP; YooMoney,https://timeweb.cloud/services/vds-vps?location=kz,2026-08-30
waicore:waicore-amd-epyc-9454-ep5-germany-frankfurt-am-main-5,WAICORE,EP5,,Germany,DE,"Germany, Frankfurt am Main",,16,,32,480,,50,2500,12800,RUB,month,151.66,,,,https://waicore.com/prices?tab=virtual,2026-08-30
selectel:selectel-selectel-highfreq-8vcpu-16gb-240nvme-row-32,Selectel,HighFreq 8C-16G-240G,,Russia,RU,"Россия, Москва / Санкт-Петербург",,8,,16,240,NVMe,3,3000,12916.22,RUB,month,153.04,false,true,MIR; VISA; Mastercard; SBP; YooMoney; Bank transfer,https://selectel.ru/prices/calculator/,2026-09-22
zomro:zomro-zomro-basic-pulse-netherlands-28,Zomro,Basic Pulse,,Germany,DE,Germany,,24,,60,420,,24,,133.95,EUR,month,153.55,true,true,BNB; BTC; ETH; SOL; TON; USDC; USDT; MIR; Mastercard; VISA; SBP; PayPal,https://zomro.com/vps/basic,2026-08-30
zomro:zomro-zomro-basic-pulse-netherlands-28,Zomro,Basic Pulse,,Netherlands,NL,Netherlands,,24,,60,420,,24,,133.95,EUR,month,153.55,true,true,BNB; BTC; ETH; SOL; TON; USDC; USDT; MIR; Mastercard; VISA; SBP; PayPal,https://zomro.com/vps/basic,2026-08-30
zomro:zomro-zomro-basic-pulse-netherlands-28,Zomro,Basic Pulse,,USA,US,USA,,24,,60,420,,24,,133.95,EUR,month,153.55,true,true,BNB; BTC; ETH; SOL; TON; USDC; USDT; MIR; Mastercard; VISA; SBP; PayPal,https://zomro.com/vps/basic,2026-08-30
selectel:selectel-selectel-standard-6vcpu-32gb-256nvme-row-15,Selectel,Standard 6C-32G-256G,,Russia,RU,"Россия, Москва / Санкт-Петербург",,6,,32,256,NVMe,3,3000,12966.05,RUB,month,153.63,false,true,MIR; VISA; Mastercard; SBP; YooMoney; Bank transfer,https://selectel.ru/prices/calculator/,2026-09-22
aeza:aeza-415-18-vienna-20,Aeza,VIE-5,,Austria,AT,18-VIENNA,,16,,32,480,,unlimited,1000,135.72,EUR,month,155.58,true,true,BNB; BTC; ETH; LTC; SOL; TON; TRX; USDT; MIR; Mastercard; VISA,https://aeza.net/ru/virtual-servers,2026-08-30
aeza:aeza-415-18-vienna-20,Aeza,HEL-5,,Finland,FI,34-HELSINKI,,16,,32,480,,unlimited,1000,135.72,EUR,month,155.58,true,true,BNB; BTC; ETH; LTC; SOL; TON; TRX; USDT; MIR; Mastercard; VISA,https://aeza.net/ru/virtual-servers,2026-08-30
aeza:aeza-405-40-paris-50,Aeza,PAR-5,,France,FR,40-PARIS,,16,,32,480,,,1000,135.72,EUR,month,155.58,true,true,BNB; BTC; ETH; LTC; SOL; TON; TRX; USDT; MIR; Mastercard; VISA,https://aeza.net/ru/virtual-servers,2026-08-30
aeza:aeza-152-17-moscow-5,Aeza,MSK-5,SPB-5,Russia,RU,17-MOSCOW; 65-SAINT-PETERSBURG,,16,,32,480,,unlimited,25000,135.72,EUR,month,155.58,true,true,BNB; BTC; ETH; LTC; SOL; TON; TRX; USDT; MIR; Mastercard; VISA,https://aeza.net/ru/virtual-servers,2026-08-30
aeza:aeza-415-18-vienna-20,Aeza,SWE-5,,Sweden,SE,37-STOCKHOLM,,16,,32,480,,unlimited,1000,135.72,EUR,month,155.58,true,true,BNB; BTC; ETH; LTC; SOL; TON; TRX; USDT; MIR; Mastercard; VISA,https://aeza.net/ru/virtual-servers,2026-08-30
aeza:aeza-389-51-london-55,Aeza,LNDs-5,,United Kingdom,GB,51-LONDON,,16,,32,480,,unlimited,1000,136.21,EUR,month,156.14,true,true,BNB; BTC; ETH; LTC; SOL; TON; TRX; USDT; MIR; Mastercard; VISA,https://aeza.net/ru/virtual-servers,2026-08-30
waicore:waicore-amd-epyc-9454-ispmanager-lite-isp-ep5-germany-frankfurt-am-main-10,WAICORE,ISP EP5 · ispmanager Lite,,Germany,DE,"Germany, Frankfurt am Main",,16,,32,480,,,2500,13449,RUB,month,159.35,,,,https://waicore.com/prices?tab=ispmanager,2026-08-30
vultr:vultr-vc2-8c-32gb-ewr-ord-dfw-sea-lax-atl-ams-lhr-fra-sjc-syd-yto-cdg-nrt-waw-mad-icn-mia-sgp-sto-mex-mel-bom-jnb-tlv-blr-del-scl-itm-man-15,Vultr,Cloud Compute 8C-32G,,Australia,AU,"ewr, ord, dfw, sea, lax, atl, ams, lhr, fra, sjc, syd, yto, cdg, nrt, waw, mad, icn, mia, sgp, sto, mex, mel, bom, jnb, tlv, blr, del, scl, itm, man",,8,,32,640,SSD,6,,160,USD,month,160,false,false,Mastercard; VISA; PayPal,https://www.vultr.com/pricing/,2026-08-30
vultr:vultr-vc2-8c-32gb-ewr-ord-dfw-sea-lax-atl-ams-lhr-fra-sjc-syd-yto-cdg-nrt-waw-mad-icn-mia-sgp-sto-mex-mel-bom-jnb-tlv-blr-del-scl-itm-man-15,Vultr,Cloud Compute 8C-32G,,Canada,CA,"ewr, ord, dfw, sea, lax, atl, ams, lhr, fra, sjc, syd, yto, cdg, nrt, waw, mad, icn, mia, sgp, sto, mex, mel, bom, jnb, tlv, blr, del, scl, itm, man",,8,,32,640,SSD,6,,160,USD,month,160,false,false,Mastercard; VISA; PayPal,https://www.vultr.com/pricing/,2026-08-30
vultr:vultr-vc2-8c-32gb-ewr-ord-dfw-sea-lax-atl-ams-lhr-fra-sjc-syd-yto-cdg-nrt-waw-mad-icn-mia-sgp-sto-mex-mel-bom-jnb-tlv-blr-del-scl-itm-man-15,Vultr,Cloud Compute 8C-32G,,Chile,CL,"ewr, ord, dfw, sea, lax, atl, ams, lhr, fra, sjc, syd, yto, cdg, nrt, waw, mad, icn, mia, sgp, sto, mex, mel, bom, jnb, tlv, blr, del, scl, itm, man",,8,,32,640,SSD,6,,160,USD,month,160,false,false,Mastercard; VISA; PayPal,https://www.vultr.com/pricing/,2026-08-30
vultr:vultr-vc2-8c-32gb-ewr-ord-dfw-sea-lax-atl-ams-lhr-fra-sjc-syd-yto-cdg-nrt-waw-mad-icn-mia-sgp-sto-mex-mel-bom-jnb-tlv-blr-del-scl-itm-man-15,Vultr,Cloud Compute 8C-32G,,France,FR,"ewr, ord, dfw, sea, lax, atl, ams, lhr, fra, sjc, syd, yto, cdg, nrt, waw, mad, icn, mia, sgp, sto, mex, mel, bom, jnb, tlv, blr, del, scl, itm, man",,8,,32,640,SSD,6,,160,USD,month,160,false,false,Mastercard; VISA; PayPal,https://www.vultr.com/pricing/,2026-08-30
vultr:vultr-vc2-8c-32gb-ewr-ord-dfw-sea-lax-atl-ams-lhr-fra-sjc-syd-yto-cdg-nrt-waw-mad-icn-mia-sgp-sto-mex-mel-bom-jnb-tlv-blr-del-scl-itm-man-15,Vultr,Cloud Compute 8C-32G,,Germany,DE,"ewr, ord, dfw, sea, lax, atl, ams, lhr, fra, sjc, syd, yto, cdg, nrt, waw, mad, icn, mia, sgp, sto, mex, mel, bom, jnb, tlv, blr, del, scl, itm, man",,8,,32,640,SSD,6,,160,USD,month,160,false,false,Mastercard; VISA; PayPal,https://www.vultr.com/pricing/,2026-08-30
vultr:vultr-vc2-8c-32gb-ewr-ord-dfw-sea-lax-atl-ams-lhr-fra-sjc-syd-yto-cdg-nrt-waw-mad-icn-mia-sgp-sto-mex-mel-bom-jnb-tlv-blr-del-scl-itm-man-15,Vultr,Cloud Compute 8C-32G,,India,IN,"ewr, ord, dfw, sea, lax, atl, ams, lhr, fra, sjc, syd, yto, cdg, nrt, waw, mad, icn, mia, sgp, sto, mex, mel, bom, jnb, tlv, blr, del, scl, itm, man",,8,,32,640,SSD,6,,160,USD,month,160,false,false,Mastercard; VISA; PayPal,https://www.vultr.com/pricing/,2026-08-30
vultr:vultr-vc2-8c-32gb-ewr-ord-dfw-sea-lax-atl-ams-lhr-fra-sjc-syd-yto-cdg-nrt-waw-mad-icn-mia-sgp-sto-mex-mel-bom-jnb-tlv-blr-del-scl-itm-man-15,Vultr,Cloud Compute 8C-32G,,Israel,IL,"ewr, ord, dfw, sea, lax, atl, ams, lhr, fra, sjc, syd, yto, cdg, nrt, waw, mad, icn, mia, sgp, sto, mex, mel, bom, jnb, tlv, blr, del, scl, itm, man",,8,,32,640,SSD,6,,160,USD,month,160,false,false,Mastercard; VISA; PayPal,https://www.vultr.com/pricing/,2026-08-30
vultr:vultr-vc2-8c-32gb-ewr-ord-dfw-sea-lax-atl-ams-lhr-fra-sjc-syd-yto-cdg-nrt-waw-mad-icn-mia-sgp-sto-mex-mel-bom-jnb-tlv-blr-del-scl-itm-man-15,Vultr,Cloud Compute 8C-32G,,Japan,JP,"ewr, ord, dfw, sea, lax, atl, ams, lhr, fra, sjc, syd, yto, cdg, nrt, waw, mad, icn, mia, sgp, sto, mex, mel, bom, jnb, tlv, blr, del, scl, itm, man",,8,,32,640,SSD,6,,160,USD,month,160,false,false,Mastercard; VISA; PayPal,https://www.vultr.com/pricing/,2026-08-30
vultr:vultr-vc2-8c-32gb-ewr-ord-dfw-sea-lax-atl-ams-lhr-fra-sjc-syd-yto-cdg-nrt-waw-mad-icn-mia-sgp-sto-mex-mel-bom-jnb-tlv-blr-del-scl-itm-man-15,Vultr,Cloud Compute 8C-32G,,Mexico,MX,"ewr, ord, dfw, sea, lax, atl, ams, lhr, fra, sjc, syd, yto, cdg, nrt, waw, mad, icn, mia, sgp, sto, mex, mel, bom, jnb, tlv, blr, del, scl, itm, man",,8,,32,640,SSD,6,,160,USD,month,160,false,false,Mastercard; VISA; PayPal,https://www.vultr.com/pricing/,2026-08-30
vultr:vultr-vc2-8c-32gb-ewr-ord-dfw-sea-lax-atl-ams-lhr-fra-sjc-syd-yto-cdg-nrt-waw-mad-icn-mia-sgp-sto-mex-mel-bom-jnb-tlv-blr-del-scl-itm-man-15,Vultr,Cloud Compute 8C-32G,,Netherlands,NL,"ewr, ord, dfw, sea, lax, atl, ams, lhr, fra, sjc, syd, yto, cdg, nrt, waw, mad, icn, mia, sgp, sto, mex, mel, bom, jnb, tlv, blr, del, scl, itm, man",,8,,32,640,SSD,6,,160,USD,month,160,false,false,Mastercard; VISA; PayPal,https://www.vultr.com/pricing/,2026-08-30
vultr:vultr-vc2-8c-32gb-ewr-ord-dfw-sea-lax-atl-ams-lhr-fra-sjc-syd-yto-cdg-nrt-waw-mad-icn-mia-sgp-sto-mex-mel-bom-jnb-tlv-blr-del-scl-itm-man-15,Vultr,Cloud Compute 8C-32G,,Poland,PL,"ewr, ord, dfw, sea, lax, atl, ams, lhr, fra, sjc, syd, yto, cdg, nrt, waw, mad, icn, mia, sgp, sto, mex, mel, bom, jnb, tlv, blr, del, scl, itm, man",,8,,32,640,SSD,6,,160,USD,month,160,false,false,Mastercard; VISA; PayPal,https://www.vultr.com/pricing/,2026-08-30
vultr:vultr-vc2-8c-32gb-ewr-ord-dfw-sea-lax-atl-ams-lhr-fra-sjc-syd-yto-cdg-nrt-waw-mad-icn-mia-sgp-sto-mex-mel-bom-jnb-tlv-blr-del-scl-itm-man-15,Vultr,Cloud Compute 8C-32G,,Singapore,SG,"ewr, ord, dfw, sea, lax, atl, ams, lhr, fra, sjc, syd, yto, cdg, nrt, waw, mad, icn, mia, sgp, sto, mex, mel, bom, jnb, tlv, blr, del, scl, itm, man",,8,,32,640,SSD,6,,160,USD,month,160,false,false,Mastercard; VISA; PayPal,https://www.vultr.com/pricing/,2026-08-30
vultr:vultr-vc2-8c-32gb-ewr-ord-dfw-sea-lax-atl-ams-lhr-fra-sjc-syd-yto-cdg-nrt-waw-mad-icn-mia-sgp-sto-mex-mel-bom-jnb-tlv-blr-del-scl-itm-man-15,Vultr,Cloud Compute 8C-32G,,South Africa,ZA,"ewr, ord, dfw, sea, lax, atl, ams, lhr, fra, sjc, syd, yto, cdg, nrt, waw, mad, icn, mia, sgp, sto, mex, mel, bom, jnb, tlv, blr, del, scl, itm, man",,8,,32,640,SSD,6,,160,USD,month,160,false,false,Mastercard; VISA; PayPal,https://www.vultr.com/pricing/,2026-08-30
vultr:vultr-vc2-8c-32gb-ewr-ord-dfw-sea-lax-atl-ams-lhr-fra-sjc-syd-yto-cdg-nrt-waw-mad-icn-mia-sgp-sto-mex-mel-bom-jnb-tlv-blr-del-scl-itm-man-15,Vultr,Cloud Compute 8C-32G,,South Korea,KR,"ewr, ord, dfw, sea, lax, atl, ams, lhr, fra, sjc, syd, yto, cdg, nrt, waw, mad, icn, mia, sgp, sto, mex, mel, bom, jnb, tlv, blr, del, scl, itm, man",,8,,32,640,SSD,6,,160,USD,month,160,false,false,Mastercard; VISA; PayPal,https://www.vultr.com/pricing/,2026-08-30
vultr:vultr-vc2-8c-32gb-ewr-ord-dfw-sea-lax-atl-ams-lhr-fra-sjc-syd-yto-cdg-nrt-waw-mad-icn-mia-sgp-sto-mex-mel-bom-jnb-tlv-blr-del-scl-itm-man-15,Vultr,Cloud Compute 8C-32G,,Spain,ES,"ewr, ord, dfw, sea, lax, atl, ams, lhr, fra, sjc, syd, yto, cdg, nrt, waw, mad, icn, mia, sgp, sto, mex, mel, bom, jnb, tlv, blr, del, scl, itm, man",,8,,32,640,SSD,6,,160,USD,month,160,false,false,Mastercard; VISA; PayPal,https://www.vultr.com/pricing/,2026-08-30
vultr:vultr-vc2-8c-32gb-ewr-ord-dfw-sea-lax-atl-ams-lhr-fra-sjc-syd-yto-cdg-nrt-waw-mad-icn-mia-sgp-sto-mex-mel-bom-jnb-tlv-blr-del-scl-itm-man-15,Vultr,Cloud Compute 8C-32G,,Sweden,SE,"ewr, ord, dfw, sea, lax, atl, ams, lhr, fra, sjc, syd, yto, cdg, nrt, waw, mad, icn, mia, sgp, sto, mex, mel, bom, jnb, tlv, blr, del, scl, itm, man",,8,,32,640,SSD,6,,160,USD,month,160,false,false,Mastercard; VISA; PayPal,https://www.vultr.com/pricing/,2026-08-30
vultr:vultr-vc2-8c-32gb-ewr-ord-dfw-sea-lax-atl-ams-lhr-fra-sjc-syd-yto-cdg-nrt-waw-mad-icn-mia-sgp-sto-mex-mel-bom-jnb-tlv-blr-del-scl-itm-man-15,Vultr,Cloud Compute 8C-32G,,United Kingdom,GB,"ewr, ord, dfw, sea, lax, atl, ams, lhr, fra, sjc, syd, yto, cdg, nrt, waw, mad, icn, mia, sgp, sto, mex, mel, bom, jnb, tlv, blr, del, scl, itm, man",,8,,32,640,SSD,6,,160,USD,month,160,false,false,Mastercard; VISA; PayPal,https://www.vultr.com/pricing/,2026-08-30
vultr:vultr-vc2-8c-32gb-ewr-ord-dfw-sea-lax-atl-ams-lhr-fra-sjc-syd-yto-cdg-nrt-waw-mad-icn-mia-sgp-sto-mex-mel-bom-jnb-tlv-blr-del-scl-itm-man-15,Vultr,Cloud Compute 8C-32G,,USA,US,"ewr, ord, dfw, sea, lax, atl, ams, lhr, fra, sjc, syd, yto, cdg, nrt, waw, mad, icn, mia, sgp, sto, mex, mel, bom, jnb, tlv, blr, del, scl, itm, man",,8,,32,640,SSD,6,,160,USD,month,160,false,false,Mastercard; VISA; PayPal,https://www.vultr.com/pricing/,2026-08-30
selectel:selectel-selectel-highfreq-4vcpu-32gb-480nvme-row-31,Selectel,HighFreq 4C-32G-480G,,Russia,RU,"Россия, Москва / Санкт-Петербург",,4,,32,480,NVMe,3,3000,14163.77,RUB,month,167.82,false,true,MIR; VISA; Mastercard; SBP; YooMoney; Bank transfer,https://selectel.ru/prices/calculator/,2026-09-22
zomro:zomro-zomro-premium-supreme-poland-59,Zomro,Premium Supreme,,Germany,DE,Germany,,24,,60,420,,24,1000,146.95,EUR,month,168.45,true,true,BNB; BTC; ETH; SOL; TON; USDC; USDT; MIR; Mastercard; VISA; SBP; PayPal,https://zomro.com/vps,2026-08-30
zomro:zomro-zomro-premium-supreme-poland-59,Zomro,Premium Supreme,,Netherlands,NL,Netherlands,,24,,60,420,,24,1000,146.95,EUR,month,168.45,true,true,BNB; BTC; ETH; SOL; TON; USDC; USDT; MIR; Mastercard; VISA; SBP; PayPal,https://zomro.com/vps,2026-08-30
zomro:zomro-zomro-premium-supreme-poland-59,Zomro,Premium Supreme,,Poland,PL,Poland,,24,,60,420,,24,1000,146.95,EUR,month,168.45,true,true,BNB; BTC; ETH; SOL; TON; USDC; USDT; MIR; Mastercard; VISA; SBP; PayPal,https://zomro.com/vps,2026-08-30
zomro:zomro-zomro-premium-supreme-poland-59,Zomro,Premium Supreme,,USA,US,USA,,24,,60,420,,24,1000,146.95,EUR,month,168.45,true,true,BNB; BTC; ETH; SOL; TON; USDC; USDT; MIR; Mastercard; VISA; SBP; PayPal,https://zomro.com/vps,2026-08-30
selectel:selectel-selectel-standard-8vcpu-32gb-384nvme-row-16,Selectel,Standard 8C-32G-384G,,Russia,RU,"Россия, Москва / Санкт-Петербург",,8,,32,384,NVMe,3,3000,14436.42,RUB,month,171.05,false,true,MIR; VISA; Mastercard; SBP; YooMoney; Bank transfer,https://selectel.ru/prices/calculator/,2026-09-22
mevspace:mevspace-hc-12-24-poland-13,MevSpace,HC-12-24,,Poland,PL,Poland,,12,,24,500,SSD,unlimited,1000,149.9,EUR,month,171.83,true,false,BCC; BCH; BTC; BUSD; DAI; DASH; DOGE; ETH; GUSD; LSK; LTC; SHIB; SOL; TRX; USDC; USDP; WBTC; XRP; ZEC; ZND; Mastercard; VISA; SEPA; PayPal,https://mevspace.com/vps-cloud?id=general-purpose,2026-08-30
mevspace:mevspace-gp-128-poland-6,MevSpace,GP-128,,Poland,PL,Poland,,32,,128,500,SSD,unlimited,1000,149.99,EUR,month,171.93,true,false,BCC; BCH; BTC; BUSD; DAI; DASH; DOGE; ETH; GUSD; LSK; LTC; SHIB; SOL; TRX; USDC; USDP; WBTC; XRP; ZEC; ZND; Mastercard; VISA; SEPA; PayPal,https://mevspace.com/vps-cloud?id=general-purpose,2026-08-30
timeweb:timeweb-high-msk-8-16-260-row-13,TimeWEB,High MSK 8/16/260,,Russia,RU,Россия-Москва,,8,,16,260,NVMe,,1000,14940,RUB,month,177.02,false,true,MIR; Mastercard; VISA; SberPay; SBP; YooMoney,https://timeweb.cloud/services/vds-vps,2026-08-30
selectel:selectel-selectel-standard-12vcpu-24gb-256nvme-row-20,Selectel,Standard 12C-24G-256G,,Russia,RU,"Россия, Москва / Санкт-Петербург",,12,,24,256,NVMe,3,3000,15238.45,RUB,month,180.56,false,true,MIR; VISA; Mastercard; SBP; YooMoney; Bank transfer,https://selectel.ru/prices/calculator/,2026-09-22
timeweb:timeweb-dedic-cpu-120-msk-row-17,TimeWEB,Dedic CPU-120 MSK,Dedic CPU-120,Russia,RU,Россия-Москва; Россия-Санкт-Петербург,,8,,32,120,NVMe,,1000,15240,RUB,month,180.58,false,true,MIR; Mastercard; VISA; SberPay; SBP; YooMoney,https://timeweb.cloud/services/vds-vps,2026-08-30
smartape:smartape-linux-nvme-nvme-x16-1280gb-datapro-moscow-i-ru-77,SmartApe,NVMe X16 · 1280 GB,,Czech Republic,CZ,Host-Telecom (CZ),Linux; Windows,12,,16,1280,NVMe,unlimited,200,15310,RUB,month,181.4,true,true,BNB; BTC; DOGE; ETH; HUMO; JCB; LTC; SOL; TRX; USDC; APRA; MIR; Mastercard; VISA; PayPal,https://www.smartape.ru/ssd-vps,2026-08-30
smartape:smartape-linux-nvme-nvme-x16-1280gb-datapro-moscow-i-ru-77,SmartApe,NVMe X16 · 1280 GB,,Israel,IL,Partner Group (IL),Linux; Windows,12,,16,1280,NVMe,unlimited,200,15310,RUB,month,181.4,true,true,BNB; BTC; DOGE; ETH; HUMO; JCB; LTC; SOL; TRX; USDC; APRA; MIR; Mastercard; VISA; PayPal,https://www.smartape.ru/ssd-vps,2026-08-30
smartape:smartape-linux-nvme-nvme-x16-1280gb-datapro-moscow-i-ru-77,SmartApe,NVMe X16 · 1280 GB,,Russia,RU,DataPro Moscow I (RU),Linux; Windows,12,,16,1280,NVMe,unlimited,200,15310,RUB,month,181.4,true,true,BNB; BTC; DOGE; ETH; HUMO; JCB; LTC; SOL; TRX; USDC; APRA; MIR; Mastercard; VISA; PayPal,https://www.smartape.ru/ssd-vps,2026-08-30
macloud:macloud-hi-cpu-16-russia-moscow-datapro-6,Macloud,Hi-CPU 16,,Russia,RU,Russia-Moscow-DataPro,,16,,32,640,NVMe,64,1000,15360,RUB,month,182,true,true,BNB; BTC; DOGE; ETH; LTC; SOL; TON; TRX; USDC; USDT; MIR; Mastercard; VISA; SBP; Invoice for organization; YooMoney,https://macloud.ru/,2026-08-30
aeza:aeza-252-62-moscow-76,Aeza,NAS-16,,Russia,RU,62-MOSCOW,,16,,16,16384,HDD,unlimited,10000,160,EUR,month,183.41,true,true,BNB; BTC; ETH; LTC; SOL; TON; TRX; USDT; MIR; Mastercard; VISA,https://aeza.net/ru/storage-vps,2026-08-30
aeza:aeza-450-26-msk-hi-cpu-81,Aeza,RX32-5,,Russia,RU,26-MSK-HI-CPU,,16,,32,480,,unlimited,25000,163.46,EUR,month,187.37,true,true,BNB; BTC; ETH; LTC; SOL; TON; TRX; USDT; MIR; Mastercard; VISA,https://aeza.net/ru/enterprise,2026-08-30
vultr:vultr-vhf-8c-32gb-ewr-sea-lax-ams-lhr-sjc-syd-yto-cdg-nrt-waw-mad-icn-mia-sgp-sto-mex-bom-tlv-blr-del-scl-itm-man-30,Vultr,High Frequency 8C-32G,,Australia,AU,"ewr, sea, lax, ams, lhr, sjc, syd, yto, cdg, nrt, waw, mad, icn, mia, sgp, sto, mex, bom, tlv, blr, del, scl, itm, man",,8,,32,512,,7,,192,USD,month,192,false,false,Mastercard; VISA; PayPal,https://www.vultr.com/pricing/,2026-08-30
vultr:vultr-vhf-8c-32gb-ewr-sea-lax-ams-lhr-sjc-syd-yto-cdg-nrt-waw-mad-icn-mia-sgp-sto-mex-bom-tlv-blr-del-scl-itm-man-30,Vultr,High Frequency 8C-32G,,Canada,CA,"ewr, sea, lax, ams, lhr, sjc, syd, yto, cdg, nrt, waw, mad, icn, mia, sgp, sto, mex, bom, tlv, blr, del, scl, itm, man",,8,,32,512,,7,,192,USD,month,192,false,false,Mastercard; VISA; PayPal,https://www.vultr.com/pricing/,2026-08-30
vultr:vultr-vhf-8c-32gb-ewr-sea-lax-ams-lhr-sjc-syd-yto-cdg-nrt-waw-mad-icn-mia-sgp-sto-mex-bom-tlv-blr-del-scl-itm-man-30,Vultr,High Frequency 8C-32G,,Chile,CL,"ewr, sea, lax, ams, lhr, sjc, syd, yto, cdg, nrt, waw, mad, icn, mia, sgp, sto, mex, bom, tlv, blr, del, scl, itm, man",,8,,32,512,,7,,192,USD,month,192,false,false,Mastercard; VISA; PayPal,https://www.vultr.com/pricing/,2026-08-30
vultr:vultr-vhf-8c-32gb-ewr-sea-lax-ams-lhr-sjc-syd-yto-cdg-nrt-waw-mad-icn-mia-sgp-sto-mex-bom-tlv-blr-del-scl-itm-man-30,Vultr,High Frequency 8C-32G,,France,FR,"ewr, sea, lax, ams, lhr, sjc, syd, yto, cdg, nrt, waw, mad, icn, mia, sgp, sto, mex, bom, tlv, blr, del, scl, itm, man",,8,,32,512,,7,,192,USD,month,192,false,false,Mastercard; VISA; PayPal,https://www.vultr.com/pricing/,2026-08-30
vultr:vultr-vhf-8c-32gb-ewr-sea-lax-ams-lhr-sjc-syd-yto-cdg-nrt-waw-mad-icn-mia-sgp-sto-mex-bom-tlv-blr-del-scl-itm-man-30,Vultr,High Frequency 8C-32G,,India,IN,"ewr, sea, lax, ams, lhr, sjc, syd, yto, cdg, nrt, waw, mad, icn, mia, sgp, sto, mex, bom, tlv, blr, del, scl, itm, man",,8,,32,512,,7,,192,USD,month,192,false,false,Mastercard; VISA; PayPal,https://www.vultr.com/pricing/,2026-08-30
vultr:vultr-vhf-8c-32gb-ewr-sea-lax-ams-lhr-sjc-syd-yto-cdg-nrt-waw-mad-icn-mia-sgp-sto-mex-bom-tlv-blr-del-scl-itm-man-30,Vultr,High Frequency 8C-32G,,Israel,IL,"ewr, sea, lax, ams, lhr, sjc, syd, yto, cdg, nrt, waw, mad, icn, mia, sgp, sto, mex, bom, tlv, blr, del, scl, itm, man",,8,,32,512,,7,,192,USD,month,192,false,false,Mastercard; VISA; PayPal,https://www.vultr.com/pricing/,2026-08-30
vultr:vultr-vhf-8c-32gb-ewr-sea-lax-ams-lhr-sjc-syd-yto-cdg-nrt-waw-mad-icn-mia-sgp-sto-mex-bom-tlv-blr-del-scl-itm-man-30,Vultr,High Frequency 8C-32G,,Japan,JP,"ewr, sea, lax, ams, lhr, sjc, syd, yto, cdg, nrt, waw, mad, icn, mia, sgp, sto, mex, bom, tlv, blr, del, scl, itm, man",,8,,32,512,,7,,192,USD,month,192,false,false,Mastercard; VISA; PayPal,https://www.vultr.com/pricing/,2026-08-30
vultr:vultr-vhf-8c-32gb-ewr-sea-lax-ams-lhr-sjc-syd-yto-cdg-nrt-waw-mad-icn-mia-sgp-sto-mex-bom-tlv-blr-del-scl-itm-man-30,Vultr,High Frequency 8C-32G,,Mexico,MX,"ewr, sea, lax, ams, lhr, sjc, syd, yto, cdg, nrt, waw, mad, icn, mia, sgp, sto, mex, bom, tlv, blr, del, scl, itm, man",,8,,32,512,,7,,192,USD,month,192,false,false,Mastercard; VISA; PayPal,https://www.vultr.com/pricing/,2026-08-30
vultr:vultr-vhf-8c-32gb-ewr-sea-lax-ams-lhr-sjc-syd-yto-cdg-nrt-waw-mad-icn-mia-sgp-sto-mex-bom-tlv-blr-del-scl-itm-man-30,Vultr,High Frequency 8C-32G,,Netherlands,NL,"ewr, sea, lax, ams, lhr, sjc, syd, yto, cdg, nrt, waw, mad, icn, mia, sgp, sto, mex, bom, tlv, blr, del, scl, itm, man",,8,,32,512,,7,,192,USD,month,192,false,false,Mastercard; VISA; PayPal,https://www.vultr.com/pricing/,2026-08-30
vultr:vultr-vhf-8c-32gb-ewr-sea-lax-ams-lhr-sjc-syd-yto-cdg-nrt-waw-mad-icn-mia-sgp-sto-mex-bom-tlv-blr-del-scl-itm-man-30,Vultr,High Frequency 8C-32G,,Poland,PL,"ewr, sea, lax, ams, lhr, sjc, syd, yto, cdg, nrt, waw, mad, icn, mia, sgp, sto, mex, bom, tlv, blr, del, scl, itm, man",,8,,32,512,,7,,192,USD,month,192,false,false,Mastercard; VISA; PayPal,https://www.vultr.com/pricing/,2026-08-30
vultr:vultr-vhf-8c-32gb-ewr-sea-lax-ams-lhr-sjc-syd-yto-cdg-nrt-waw-mad-icn-mia-sgp-sto-mex-bom-tlv-blr-del-scl-itm-man-30,Vultr,High Frequency 8C-32G,,Singapore,SG,"ewr, sea, lax, ams, lhr, sjc, syd, yto, cdg, nrt, waw, mad, icn, mia, sgp, sto, mex, bom, tlv, blr, del, scl, itm, man",,8,,32,512,,7,,192,USD,month,192,false,false,Mastercard; VISA; PayPal,https://www.vultr.com/pricing/,2026-08-30
vultr:vultr-vhf-8c-32gb-ewr-sea-lax-ams-lhr-sjc-syd-yto-cdg-nrt-waw-mad-icn-mia-sgp-sto-mex-bom-tlv-blr-del-scl-itm-man-30,Vultr,High Frequency 8C-32G,,South Korea,KR,"ewr, sea, lax, ams, lhr, sjc, syd, yto, cdg, nrt, waw, mad, icn, mia, sgp, sto, mex, bom, tlv, blr, del, scl, itm, man",,8,,32,512,,7,,192,USD,month,192,false,false,Mastercard; VISA; PayPal,https://www.vultr.com/pricing/,2026-08-30
vultr:vultr-vhf-8c-32gb-ewr-sea-lax-ams-lhr-sjc-syd-yto-cdg-nrt-waw-mad-icn-mia-sgp-sto-mex-bom-tlv-blr-del-scl-itm-man-30,Vultr,High Frequency 8C-32G,,Spain,ES,"ewr, sea, lax, ams, lhr, sjc, syd, yto, cdg, nrt, waw, mad, icn, mia, sgp, sto, mex, bom, tlv, blr, del, scl, itm, man",,8,,32,512,,7,,192,USD,month,192,false,false,Mastercard; VISA; PayPal,https://www.vultr.com/pricing/,2026-08-30
vultr:vultr-vhf-8c-32gb-ewr-sea-lax-ams-lhr-sjc-syd-yto-cdg-nrt-waw-mad-icn-mia-sgp-sto-mex-bom-tlv-blr-del-scl-itm-man-30,Vultr,High Frequency 8C-32G,,Sweden,SE,"ewr, sea, lax, ams, lhr, sjc, syd, yto, cdg, nrt, waw, mad, icn, mia, sgp, sto, mex, bom, tlv, blr, del, scl, itm, man",,8,,32,512,,7,,192,USD,month,192,false,false,Mastercard; VISA; PayPal,https://www.vultr.com/pricing/,2026-08-30
vultr:vultr-vhf-8c-32gb-ewr-sea-lax-ams-lhr-sjc-syd-yto-cdg-nrt-waw-mad-icn-mia-sgp-sto-mex-bom-tlv-blr-del-scl-itm-man-30,Vultr,High Frequency 8C-32G,,United Kingdom,GB,"ewr, sea, lax, ams, lhr, sjc, syd, yto, cdg, nrt, waw, mad, icn, mia, sgp, sto, mex, bom, tlv, blr, del, scl, itm, man",,8,,32,512,,7,,192,USD,month,192,false,false,Mastercard; VISA; PayPal,https://www.vultr.com/pricing/,2026-08-30
vultr:vultr-vhf-8c-32gb-ewr-sea-lax-ams-lhr-sjc-syd-yto-cdg-nrt-waw-mad-icn-mia-sgp-sto-mex-bom-tlv-blr-del-scl-itm-man-30,Vultr,High Frequency 8C-32G,,USA,US,"ewr, sea, lax, ams, lhr, sjc, syd, yto, cdg, nrt, waw, mad, icn, mia, sgp, sto, mex, bom, tlv, blr, del, scl, itm, man",,8,,32,512,,7,,192,USD,month,192,false,false,Mastercard; VISA; PayPal,https://www.vultr.com/pricing/,2026-08-30
smartape:smartape-linux-nvme-nvme-x32-1280gb-datapro-moscow-i-ru-89,SmartApe,NVMe X32 · 1280 GB,,Czech Republic,CZ,Host-Telecom (CZ),Linux; Windows,16,,32,1280,NVMe,unlimited,200,16585,RUB,month,196.51,true,true,BNB; BTC; DOGE; ETH; HUMO; JCB; LTC; SOL; TRX; USDC; APRA; MIR; Mastercard; VISA; PayPal,https://www.smartape.ru/ssd-vps,2026-08-30
smartape:smartape-linux-nvme-nvme-x32-1280gb-datapro-moscow-i-ru-89,SmartApe,NVMe X32 · 1280 GB,,Israel,IL,Partner Group (IL),Linux; Windows,16,,32,1280,NVMe,unlimited,200,16585,RUB,month,196.51,true,true,BNB; BTC; DOGE; ETH; HUMO; JCB; LTC; SOL; TRX; USDC; APRA; MIR; Mastercard; VISA; PayPal,https://www.smartape.ru/ssd-vps,2026-08-30
smartape:smartape-linux-nvme-nvme-x32-1280gb-datapro-moscow-i-ru-89,SmartApe,NVMe X32 · 1280 GB,,Russia,RU,DataPro Moscow I (RU),Linux; Windows,16,,32,1280,NVMe,unlimited,200,16585,RUB,month,196.51,true,true,BNB; BTC; DOGE; ETH; HUMO; JCB; LTC; SOL; TRX; USDC; APRA; MIR; Mastercard; VISA; PayPal,https://www.smartape.ru/ssd-vps,2026-08-30
zomro:zomro-zomro-storage-nex-netherlands-67,Zomro,Storage Nex,,Netherlands,NL,Netherlands,,12,,60,3000,,12,,184.95,EUR,month,212.01,true,true,BNB; BTC; ETH; SOL; TON; USDC; USDT; MIR; Mastercard; VISA; SBP; PayPal,https://zomro.com/big_vds,2026-08-30
selectel:selectel-selectel-highfreq-8vcpu-32gb-640nvme-row-33,Selectel,HighFreq 8C-32G-640G,,Russia,RU,"Россия, Москва / Санкт-Петербург",,8,,32,640,NVMe,3,3000,18053.33,RUB,month,213.91,false,true,MIR; VISA; Mastercard; SBP; YooMoney; Bank transfer,https://selectel.ru/prices/calculator/,2026-09-22
vultr:vultr-vhp-12c-24gb-amd-sao-sao-48,Vultr,High Performance AMD 12C-24G,,Brazil,BR,sao,,12,,24,500,,12,,216,USD,month,216,false,false,Mastercard; VISA; PayPal,https://www.vultr.com/pricing/,2026-08-30
vultr:vultr-vhp-12c-24gb-intel-sao-sao-64,Vultr,High Performance Intel 12C-24G,,Brazil,BR,sao,,12,,24,500,,12,,216,USD,month,216,false,false,Mastercard; VISA; PayPal,https://www.vultr.com/pricing/,2026-08-30
smartape:smartape-linux-nvme-nvme-x64-1280gb-datapro-moscow-i-ru-101,SmartApe,NVMe X64 · 1280 GB,,Czech Republic,CZ,Host-Telecom (CZ),Linux; Windows,24,,64,1280,NVMe,unlimited,200,18270,RUB,month,216.48,true,true,BNB; BTC; DOGE; ETH; HUMO; JCB; LTC; SOL; TRX; USDC; APRA; MIR; Mastercard; VISA; PayPal,https://www.smartape.ru/ssd-vps,2026-08-30
smartape:smartape-linux-nvme-nvme-x64-1280gb-datapro-moscow-i-ru-101,SmartApe,NVMe X64 · 1280 GB,,Israel,IL,Partner Group (IL),Linux; Windows,24,,64,1280,NVMe,unlimited,200,18270,RUB,month,216.48,true,true,BNB; BTC; DOGE; ETH; HUMO; JCB; LTC; SOL; TRX; USDC; APRA; MIR; Mastercard; VISA; PayPal,https://www.smartape.ru/ssd-vps,2026-08-30
smartape:smartape-linux-nvme-nvme-x64-1280gb-datapro-moscow-i-ru-101,SmartApe,NVMe X64 · 1280 GB,,Russia,RU,DataPro Moscow I (RU),Linux; Windows,24,,64,1280,NVMe,unlimited,200,18270,RUB,month,216.48,true,true,BNB; BTC; DOGE; ETH; HUMO; JCB; LTC; SOL; TRX; USDC; APRA; MIR; Mastercard; VISA; PayPal,https://www.smartape.ru/ssd-vps,2026-08-30
mevspace:mevspace-hc-8-32-poland-12,MevSpace,HC-8-32,,Poland,PL,Poland,,8,,32,500,SSD,unlimited,1000,192.9,EUR,month,221.12,true,false,BCC; BCH; BTC; BUSD; DAI; DASH; DOGE; ETH; GUSD; LSK; LTC; SHIB; SOL; TRX; USDC; USDP; WBTC; XRP; ZEC; ZND; Mastercard; VISA; SEPA; PayPal,https://mevspace.com/vps-cloud?id=general-purpose,2026-08-30
aeza:aeza-384-51-london-60,Aeza,LND-5,,United Kingdom,GB,51-LONDON,,16,,32,480,,unlimited,1000,194.94,EUR,month,223.46,true,true,BNB; BTC; ETH; LTC; SOL; TON; TRX; USDT; MIR; Mastercard; VISA,https://aeza.net/ru/virtual-servers,2026-08-30
timeweb:timeweb-dedic-high-100-row-22,TimeWEB,Dedic High-100,,Russia,RU,Россия-Москва,,8,,32,100,NVMe,,200,20100,RUB,month,238.16,false,true,MIR; Mastercard; VISA; SberPay; SBP; YooMoney,https://timeweb.cloud/services/vds-vps,2026-08-30
vdsina:vdsina-vdsina-com-hi-cpu-3-amsterdam-netherlands-7,VDSina,Hi-CPU 3,,Netherlands,NL,"Amsterdam, Netherlands",,16,,32,640,NVMe,64,10000,240,USD,month,240,true,true,BNB; BTC; DOGE; ETH; LTC; SOL; TON; TRX; USDT; MIR; Mastercard; VISA; SBP; Invoice for organization; YooMoney,https://vdsina.ru/pricing/standard,2026-08-30
vultr:vultr-vc2-8c-32gb-sao-sao-16,Vultr,Cloud Compute 8C-32G,,Brazil,BR,sao,,8,,32,640,SSD,6,,240,USD,month,240,false,false,Mastercard; VISA; PayPal,https://www.vultr.com/pricing/,2026-08-30
selectel:selectel-selectel-standard-16vcpu-32gb-384nvme-row-21,Selectel,Standard 16C-32G-384G,,Russia,RU,"Россия, Москва / Санкт-Петербург",,16,,32,384,NVMe,3,3000,20317.93,RUB,month,240.74,false,true,MIR; VISA; Mastercard; SBP; YooMoney; Bank transfer,https://selectel.ru/prices/calculator/,2026-09-22
mevspace:mevspace-hc-16-32-poland-15,MevSpace,HC-16-32,,Poland,PL,Poland,,16,,32,700,SSD,unlimited,1000,219.9,EUR,month,252.07,true,false,BCC; BCH; BTC; BUSD; DAI; DASH; DOGE; ETH; GUSD; LSK; LTC; SHIB; SOL; TRX; USDC; USDP; WBTC; XRP; ZEC; ZND; Mastercard; VISA; SEPA; PayPal,https://mevspace.com/vps-cloud?id=general-purpose,2026-08-30
vultr:vultr-vhf-12c-48gb-ewr-sea-ams-lhr-sjc-syd-yto-cdg-nrt-waw-mad-icn-mia-sgp-sto-mex-bom-blr-del-scl-itm-man-31,Vultr,High Frequency 12C-48G,,Australia,AU,"ewr, sea, ams, lhr, sjc, syd, yto, cdg, nrt, waw, mad, icn, mia, sgp, sto, mex, bom, blr, del, scl, itm, man",,12,,48,768,,8,,256,USD,month,256,false,false,Mastercard; VISA; PayPal,https://www.vultr.com/pricing/,2026-08-30
vultr:vultr-vhf-12c-48gb-ewr-sea-ams-lhr-sjc-syd-yto-cdg-nrt-waw-mad-icn-mia-sgp-sto-mex-bom-blr-del-scl-itm-man-31,Vultr,High Frequency 12C-48G,,Canada,CA,"ewr, sea, ams, lhr, sjc, syd, yto, cdg, nrt, waw, mad, icn, mia, sgp, sto, mex, bom, blr, del, scl, itm, man",,12,,48,768,,8,,256,USD,month,256,false,false,Mastercard; VISA; PayPal,https://www.vultr.com/pricing/,2026-08-30
vultr:vultr-vhf-12c-48gb-ewr-sea-ams-lhr-sjc-syd-yto-cdg-nrt-waw-mad-icn-mia-sgp-sto-mex-bom-blr-del-scl-itm-man-31,Vultr,High Frequency 12C-48G,,Chile,CL,"ewr, sea, ams, lhr, sjc, syd, yto, cdg, nrt, waw, mad, icn, mia, sgp, sto, mex, bom, blr, del, scl, itm, man",,12,,48,768,,8,,256,USD,month,256,false,false,Mastercard; VISA; PayPal,https://www.vultr.com/pricing/,2026-08-30
vultr:vultr-vhf-12c-48gb-ewr-sea-ams-lhr-sjc-syd-yto-cdg-nrt-waw-mad-icn-mia-sgp-sto-mex-bom-blr-del-scl-itm-man-31,Vultr,High Frequency 12C-48G,,France,FR,"ewr, sea, ams, lhr, sjc, syd, yto, cdg, nrt, waw, mad, icn, mia, sgp, sto, mex, bom, blr, del, scl, itm, man",,12,,48,768,,8,,256,USD,month,256,false,false,Mastercard; VISA; PayPal,https://www.vultr.com/pricing/,2026-08-30
vultr:vultr-vhf-12c-48gb-ewr-sea-ams-lhr-sjc-syd-yto-cdg-nrt-waw-mad-icn-mia-sgp-sto-mex-bom-blr-del-scl-itm-man-31,Vultr,High Frequency 12C-48G,,India,IN,"ewr, sea, ams, lhr, sjc, syd, yto, cdg, nrt, waw, mad, icn, mia, sgp, sto, mex, bom, blr, del, scl, itm, man",,12,,48,768,,8,,256,USD,month,256,false,false,Mastercard; VISA; PayPal,https://www.vultr.com/pricing/,2026-08-30
vultr:vultr-vhf-12c-48gb-ewr-sea-ams-lhr-sjc-syd-yto-cdg-nrt-waw-mad-icn-mia-sgp-sto-mex-bom-blr-del-scl-itm-man-31,Vultr,High Frequency 12C-48G,,Japan,JP,"ewr, sea, ams, lhr, sjc, syd, yto, cdg, nrt, waw, mad, icn, mia, sgp, sto, mex, bom, blr, del, scl, itm, man",,12,,48,768,,8,,256,USD,month,256,false,false,Mastercard; VISA; PayPal,https://www.vultr.com/pricing/,2026-08-30
vultr:vultr-vhf-12c-48gb-ewr-sea-ams-lhr-sjc-syd-yto-cdg-nrt-waw-mad-icn-mia-sgp-sto-mex-bom-blr-del-scl-itm-man-31,Vultr,High Frequency 12C-48G,,Mexico,MX,"ewr, sea, ams, lhr, sjc, syd, yto, cdg, nrt, waw, mad, icn, mia, sgp, sto, mex, bom, blr, del, scl, itm, man",,12,,48,768,,8,,256,USD,month,256,false,false,Mastercard; VISA; PayPal,https://www.vultr.com/pricing/,2026-08-30
vultr:vultr-vhf-12c-48gb-ewr-sea-ams-lhr-sjc-syd-yto-cdg-nrt-waw-mad-icn-mia-sgp-sto-mex-bom-blr-del-scl-itm-man-31,Vultr,High Frequency 12C-48G,,Netherlands,NL,"ewr, sea, ams, lhr, sjc, syd, yto, cdg, nrt, waw, mad, icn, mia, sgp, sto, mex, bom, blr, del, scl, itm, man",,12,,48,768,,8,,256,USD,month,256,false,false,Mastercard; VISA; PayPal,https://www.vultr.com/pricing/,2026-08-30
vultr:vultr-vhf-12c-48gb-ewr-sea-ams-lhr-sjc-syd-yto-cdg-nrt-waw-mad-icn-mia-sgp-sto-mex-bom-blr-del-scl-itm-man-31,Vultr,High Frequency 12C-48G,,Poland,PL,"ewr, sea, ams, lhr, sjc, syd, yto, cdg, nrt, waw, mad, icn, mia, sgp, sto, mex, bom, blr, del, scl, itm, man",,12,,48,768,,8,,256,USD,month,256,false,false,Mastercard; VISA; PayPal,https://www.vultr.com/pricing/,2026-08-30
vultr:vultr-vhf-12c-48gb-ewr-sea-ams-lhr-sjc-syd-yto-cdg-nrt-waw-mad-icn-mia-sgp-sto-mex-bom-blr-del-scl-itm-man-31,Vultr,High Frequency 12C-48G,,Singapore,SG,"ewr, sea, ams, lhr, sjc, syd, yto, cdg, nrt, waw, mad, icn, mia, sgp, sto, mex, bom, blr, del, scl, itm, man",,12,,48,768,,8,,256,USD,month,256,false,false,Mastercard; VISA; PayPal,https://www.vultr.com/pricing/,2026-08-30
vultr:vultr-vhf-12c-48gb-ewr-sea-ams-lhr-sjc-syd-yto-cdg-nrt-waw-mad-icn-mia-sgp-sto-mex-bom-blr-del-scl-itm-man-31,Vultr,High Frequency 12C-48G,,South Korea,KR,"ewr, sea, ams, lhr, sjc, syd, yto, cdg, nrt, waw, mad, icn, mia, sgp, sto, mex, bom, blr, del, scl, itm, man",,12,,48,768,,8,,256,USD,month,256,false,false,Mastercard; VISA; PayPal,https://www.vultr.com/pricing/,2026-08-30
vultr:vultr-vhf-12c-48gb-ewr-sea-ams-lhr-sjc-syd-yto-cdg-nrt-waw-mad-icn-mia-sgp-sto-mex-bom-blr-del-scl-itm-man-31,Vultr,High Frequency 12C-48G,,Spain,ES,"ewr, sea, ams, lhr, sjc, syd, yto, cdg, nrt, waw, mad, icn, mia, sgp, sto, mex, bom, blr, del, scl, itm, man",,12,,48,768,,8,,256,USD,month,256,false,false,Mastercard; VISA; PayPal,https://www.vultr.com/pricing/,2026-08-30
vultr:vultr-vhf-12c-48gb-ewr-sea-ams-lhr-sjc-syd-yto-cdg-nrt-waw-mad-icn-mia-sgp-sto-mex-bom-blr-del-scl-itm-man-31,Vultr,High Frequency 12C-48G,,Sweden,SE,"ewr, sea, ams, lhr, sjc, syd, yto, cdg, nrt, waw, mad, icn, mia, sgp, sto, mex, bom, blr, del, scl, itm, man",,12,,48,768,,8,,256,USD,month,256,false,false,Mastercard; VISA; PayPal,https://www.vultr.com/pricing/,2026-08-30
vultr:vultr-vhf-12c-48gb-ewr-sea-ams-lhr-sjc-syd-yto-cdg-nrt-waw-mad-icn-mia-sgp-sto-mex-bom-blr-del-scl-itm-man-31,Vultr,High Frequency 12C-48G,,United Kingdom,GB,"ewr, sea, ams, lhr, sjc, syd, yto, cdg, nrt, waw, mad, icn, mia, sgp, sto, mex, bom, blr, del, scl, itm, man",,12,,48,768,,8,,256,USD,month,256,false,false,Mastercard; VISA; PayPal,https://www.vultr.com/pricing/,2026-08-30
vultr:vultr-vhf-12c-48gb-ewr-sea-ams-lhr-sjc-syd-yto-cdg-nrt-waw-mad-icn-mia-sgp-sto-mex-bom-blr-del-scl-itm-man-31,Vultr,High Frequency 12C-48G,,USA,US,"ewr, sea, ams, lhr, sjc, syd, yto, cdg, nrt, waw, mad, icn, mia, sgp, sto, mex, bom, blr, del, scl, itm, man",,12,,48,768,,8,,256,USD,month,256,false,false,Mastercard; VISA; PayPal,https://www.vultr.com/pricing/,2026-08-30
selectel:selectel-selectel-standard-12vcpu-48gb-512nvme-row-17,Selectel,Standard 12C-48G-512G,,Russia,RU,"Россия, Москва / Санкт-Петербург",,12,,48,512,NVMe,3,3000,21654.64,RUB,month,256.58,false,true,MIR; VISA; Mastercard; SBP; YooMoney; Bank transfer,https://selectel.ru/prices/calculator/,2026-09-22
zomro:zomro-zomro-storage-fort-netherlands-68,Zomro,Storage Fort,,Netherlands,NL,Netherlands,,16,,80,4000,,16,,246.95,EUR,month,283.08,true,true,BNB; BTC; ETH; SOL; TON; USDC; USDT; MIR; Mastercard; VISA; SBP; PayPal,https://zomro.com/big_vds,2026-08-30
mevspace:mevspace-hc-12-48-poland-14,MevSpace,HC-12-48,,Poland,PL,Poland,,12,,48,700,SSD,unlimited,1000,249.9,EUR,month,286.46,true,false,BCC; BCH; BTC; BUSD; DAI; DASH; DOGE; ETH; GUSD; LSK; LTC; SHIB; SOL; TRX; USDC; USDP; WBTC; XRP; ZEC; ZND; Mastercard; VISA; SEPA; PayPal,https://mevspace.com/vps-cloud?id=general-purpose,2026-08-30
selectel:selectel-selectel-highfreq-16vcpu-32gb-240nvme-row-35,Selectel,HighFreq 16C-32G-240G,,Russia,RU,"Россия, Москва / Санкт-Петербург",,16,,32,240,NVMe,3,3000,25832.43,RUB,month,306.08,false,true,MIR; VISA; Mastercard; SBP; YooMoney; Bank transfer,https://selectel.ru/prices/calculator/,2026-09-22
vultr:vultr-vc2-16c-64gb-ewr-dfw-sea-lax-atl-ams-lhr-fra-sjc-syd-yto-cdg-nrt-waw-mad-icn-mia-sgp-sto-mex-mel-bom-jnb-tlv-blr-scl-itm-man-17,Vultr,Cloud Compute 16C-64G,,Australia,AU,"ewr, dfw, sea, lax, atl, ams, lhr, fra, sjc, syd, yto, cdg, nrt, waw, mad, icn, mia, sgp, sto, mex, mel, bom, jnb, tlv, blr, scl, itm, man",,16,,64,1280,SSD,10,,320,USD,month,320,false,false,Mastercard; VISA; PayPal,https://www.vultr.com/pricing/,2026-08-30
vultr:vultr-vhf-16c-58gb-sea-lhr-sjc-syd-yto-cdg-nrt-waw-mad-icn-sto-mex-bom-blr-del-scl-itm-man-32,Vultr,High Frequency 16C-58G,,Australia,AU,"sea, lhr, sjc, syd, yto, cdg, nrt, waw, mad, icn, sto, mex, bom, blr, del, scl, itm, man",,16,,58,1024,,9,,320,USD,month,320,false,false,Mastercard; VISA; PayPal,https://www.vultr.com/pricing/,2026-08-30
vultr:vultr-vc2-16c-64gb-ewr-dfw-sea-lax-atl-ams-lhr-fra-sjc-syd-yto-cdg-nrt-waw-mad-icn-mia-sgp-sto-mex-mel-bom-jnb-tlv-blr-scl-itm-man-17,Vultr,Cloud Compute 16C-64G,,Canada,CA,"ewr, dfw, sea, lax, atl, ams, lhr, fra, sjc, syd, yto, cdg, nrt, waw, mad, icn, mia, sgp, sto, mex, mel, bom, jnb, tlv, blr, scl, itm, man",,16,,64,1280,SSD,10,,320,USD,month,320,false,false,Mastercard; VISA; PayPal,https://www.vultr.com/pricing/,2026-08-30
vultr:vultr-vhf-16c-58gb-sea-lhr-sjc-syd-yto-cdg-nrt-waw-mad-icn-sto-mex-bom-blr-del-scl-itm-man-32,Vultr,High Frequency 16C-58G,,Canada,CA,"sea, lhr, sjc, syd, yto, cdg, nrt, waw, mad, icn, sto, mex, bom, blr, del, scl, itm, man",,16,,58,1024,,9,,320,USD,month,320,false,false,Mastercard; VISA; PayPal,https://www.vultr.com/pricing/,2026-08-30
vultr:vultr-vc2-16c-64gb-ewr-dfw-sea-lax-atl-ams-lhr-fra-sjc-syd-yto-cdg-nrt-waw-mad-icn-mia-sgp-sto-mex-mel-bom-jnb-tlv-blr-scl-itm-man-17,Vultr,Cloud Compute 16C-64G,,Chile,CL,"ewr, dfw, sea, lax, atl, ams, lhr, fra, sjc, syd, yto, cdg, nrt, waw, mad, icn, mia, sgp, sto, mex, mel, bom, jnb, tlv, blr, scl, itm, man",,16,,64,1280,SSD,10,,320,USD,month,320,false,false,Mastercard; VISA; PayPal,https://www.vultr.com/pricing/,2026-08-30
vultr:vultr-vhf-16c-58gb-sea-lhr-sjc-syd-yto-cdg-nrt-waw-mad-icn-sto-mex-bom-blr-del-scl-itm-man-32,Vultr,High Frequency 16C-58G,,Chile,CL,"sea, lhr, sjc, syd, yto, cdg, nrt, waw, mad, icn, sto, mex, bom, blr, del, scl, itm, man",,16,,58,1024,,9,,320,USD,month,320,false,false,Mastercard; VISA; PayPal,https://www.vultr.com/pricing/,2026-08-30
vultr:vultr-vc2-16c-64gb-ewr-dfw-sea-lax-atl-ams-lhr-fra-sjc-syd-yto-cdg-nrt-waw-mad-icn-mia-sgp-sto-mex-mel-bom-jnb-tlv-blr-scl-itm-man-17,Vultr,Cloud Compute 16C-64G,,France,FR,"ewr, dfw, sea, lax, atl, ams, lhr, fra, sjc, syd, yto, cdg, nrt, waw, mad, icn, mia, sgp, sto, mex, mel, bom, jnb, tlv, blr, scl, itm, man",,16,,64,1280,SSD,10,,320,USD,month,320,false,false,Mastercard; VISA; PayPal,https://www.vultr.com/pricing/,2026-08-30
vultr:vultr-vhf-16c-58gb-sea-lhr-sjc-syd-yto-cdg-nrt-waw-mad-icn-sto-mex-bom-blr-del-scl-itm-man-32,Vultr,High Frequency 16C-58G,,France,FR,"sea, lhr, sjc, syd, yto, cdg, nrt, waw, mad, icn, sto, mex, bom, blr, del, scl, itm, man",,16,,58,1024,,9,,320,USD,month,320,false,false,Mastercard; VISA; PayPal,https://www.vultr.com/pricing/,2026-08-30
vultr:vultr-vc2-16c-64gb-ewr-dfw-sea-lax-atl-ams-lhr-fra-sjc-syd-yto-cdg-nrt-waw-mad-icn-mia-sgp-sto-mex-mel-bom-jnb-tlv-blr-scl-itm-man-17,Vultr,Cloud Compute 16C-64G,,Germany,DE,"ewr, dfw, sea, lax, atl, ams, lhr, fra, sjc, syd, yto, cdg, nrt, waw, mad, icn, mia, sgp, sto, mex, mel, bom, jnb, tlv, blr, scl, itm, man",,16,,64,1280,SSD,10,,320,USD,month,320,false,false,Mastercard; VISA; PayPal,https://www.vultr.com/pricing/,2026-08-30
vultr:vultr-vc2-16c-64gb-ewr-dfw-sea-lax-atl-ams-lhr-fra-sjc-syd-yto-cdg-nrt-waw-mad-icn-mia-sgp-sto-mex-mel-bom-jnb-tlv-blr-scl-itm-man-17,Vultr,Cloud Compute 16C-64G,,India,IN,"ewr, dfw, sea, lax, atl, ams, lhr, fra, sjc, syd, yto, cdg, nrt, waw, mad, icn, mia, sgp, sto, mex, mel, bom, jnb, tlv, blr, scl, itm, man",,16,,64,1280,SSD,10,,320,USD,month,320,false,false,Mastercard; VISA; PayPal,https://www.vultr.com/pricing/,2026-08-30
vultr:vultr-vhf-16c-58gb-sea-lhr-sjc-syd-yto-cdg-nrt-waw-mad-icn-sto-mex-bom-blr-del-scl-itm-man-32,Vultr,High Frequency 16C-58G,,India,IN,"sea, lhr, sjc, syd, yto, cdg, nrt, waw, mad, icn, sto, mex, bom, blr, del, scl, itm, man",,16,,58,1024,,9,,320,USD,month,320,false,false,Mastercard; VISA; PayPal,https://www.vultr.com/pricing/,2026-08-30
vultr:vultr-vc2-16c-64gb-ewr-dfw-sea-lax-atl-ams-lhr-fra-sjc-syd-yto-cdg-nrt-waw-mad-icn-mia-sgp-sto-mex-mel-bom-jnb-tlv-blr-scl-itm-man-17,Vultr,Cloud Compute 16C-64G,,Israel,IL,"ewr, dfw, sea, lax, atl, ams, lhr, fra, sjc, syd, yto, cdg, nrt, waw, mad, icn, mia, sgp, sto, mex, mel, bom, jnb, tlv, blr, scl, itm, man",,16,,64,1280,SSD,10,,320,USD,month,320,false,false,Mastercard; VISA; PayPal,https://www.vultr.com/pricing/,2026-08-30
vultr:vultr-vc2-16c-64gb-ewr-dfw-sea-lax-atl-ams-lhr-fra-sjc-syd-yto-cdg-nrt-waw-mad-icn-mia-sgp-sto-mex-mel-bom-jnb-tlv-blr-scl-itm-man-17,Vultr,Cloud Compute 16C-64G,,Japan,JP,"ewr, dfw, sea, lax, atl, ams, lhr, fra, sjc, syd, yto, cdg, nrt, waw, mad, icn, mia, sgp, sto, mex, mel, bom, jnb, tlv, blr, scl, itm, man",,16,,64,1280,SSD,10,,320,USD,month,320,false,false,Mastercard; VISA; PayPal,https://www.vultr.com/pricing/,2026-08-30
vultr:vultr-vhf-16c-58gb-sea-lhr-sjc-syd-yto-cdg-nrt-waw-mad-icn-sto-mex-bom-blr-del-scl-itm-man-32,Vultr,High Frequency 16C-58G,,Japan,JP,"sea, lhr, sjc, syd, yto, cdg, nrt, waw, mad, icn, sto, mex, bom, blr, del, scl, itm, man",,16,,58,1024,,9,,320,USD,month,320,false,false,Mastercard; VISA; PayPal,https://www.vultr.com/pricing/,2026-08-30
vultr:vultr-vc2-16c-64gb-ewr-dfw-sea-lax-atl-ams-lhr-fra-sjc-syd-yto-cdg-nrt-waw-mad-icn-mia-sgp-sto-mex-mel-bom-jnb-tlv-blr-scl-itm-man-17,Vultr,Cloud Compute 16C-64G,,Mexico,MX,"ewr, dfw, sea, lax, atl, ams, lhr, fra, sjc, syd, yto, cdg, nrt, waw, mad, icn, mia, sgp, sto, mex, mel, bom, jnb, tlv, blr, scl, itm, man",,16,,64,1280,SSD,10,,320,USD,month,320,false,false,Mastercard; VISA; PayPal,https://www.vultr.com/pricing/,2026-08-30
vultr:vultr-vhf-16c-58gb-sea-lhr-sjc-syd-yto-cdg-nrt-waw-mad-icn-sto-mex-bom-blr-del-scl-itm-man-32,Vultr,High Frequency 16C-58G,,Mexico,MX,"sea, lhr, sjc, syd, yto, cdg, nrt, waw, mad, icn, sto, mex, bom, blr, del, scl, itm, man",,16,,58,1024,,9,,320,USD,month,320,false,false,Mastercard; VISA; PayPal,https://www.vultr.com/pricing/,2026-08-30
vultr:vultr-vc2-16c-64gb-ewr-dfw-sea-lax-atl-ams-lhr-fra-sjc-syd-yto-cdg-nrt-waw-mad-icn-mia-sgp-sto-mex-mel-bom-jnb-tlv-blr-scl-itm-man-17,Vultr,Cloud Compute 16C-64G,,Netherlands,NL,"ewr, dfw, sea, lax, atl, ams, lhr, fra, sjc, syd, yto, cdg, nrt, waw, mad, icn, mia, sgp, sto, mex, mel, bom, jnb, tlv, blr, scl, itm, man",,16,,64,1280,SSD,10,,320,USD,month,320,false,false,Mastercard; VISA; PayPal,https://www.vultr.com/pricing/,2026-08-30
vultr:vultr-vc2-16c-64gb-ewr-dfw-sea-lax-atl-ams-lhr-fra-sjc-syd-yto-cdg-nrt-waw-mad-icn-mia-sgp-sto-mex-mel-bom-jnb-tlv-blr-scl-itm-man-17,Vultr,Cloud Compute 16C-64G,,Poland,PL,"ewr, dfw, sea, lax, atl, ams, lhr, fra, sjc, syd, yto, cdg, nrt, waw, mad, icn, mia, sgp, sto, mex, mel, bom, jnb, tlv, blr, scl, itm, man",,16,,64,1280,SSD,10,,320,USD,month,320,false,false,Mastercard; VISA; PayPal,https://www.vultr.com/pricing/,2026-08-30
vultr:vultr-vhf-16c-58gb-sea-lhr-sjc-syd-yto-cdg-nrt-waw-mad-icn-sto-mex-bom-blr-del-scl-itm-man-32,Vultr,High Frequency 16C-58G,,Poland,PL,"sea, lhr, sjc, syd, yto, cdg, nrt, waw, mad, icn, sto, mex, bom, blr, del, scl, itm, man",,16,,58,1024,,9,,320,USD,month,320,false,false,Mastercard; VISA; PayPal,https://www.vultr.com/pricing/,2026-08-30
vultr:vultr-vc2-16c-64gb-ewr-dfw-sea-lax-atl-ams-lhr-fra-sjc-syd-yto-cdg-nrt-waw-mad-icn-mia-sgp-sto-mex-mel-bom-jnb-tlv-blr-scl-itm-man-17,Vultr,Cloud Compute 16C-64G,,Singapore,SG,"ewr, dfw, sea, lax, atl, ams, lhr, fra, sjc, syd, yto, cdg, nrt, waw, mad, icn, mia, sgp, sto, mex, mel, bom, jnb, tlv, blr, scl, itm, man",,16,,64,1280,SSD,10,,320,USD,month,320,false,false,Mastercard; VISA; PayPal,https://www.vultr.com/pricing/,2026-08-30
vultr:vultr-vc2-16c-64gb-ewr-dfw-sea-lax-atl-ams-lhr-fra-sjc-syd-yto-cdg-nrt-waw-mad-icn-mia-sgp-sto-mex-mel-bom-jnb-tlv-blr-scl-itm-man-17,Vultr,Cloud Compute 16C-64G,,South Africa,ZA,"ewr, dfw, sea, lax, atl, ams, lhr, fra, sjc, syd, yto, cdg, nrt, waw, mad, icn, mia, sgp, sto, mex, mel, bom, jnb, tlv, blr, scl, itm, man",,16,,64,1280,SSD,10,,320,USD,month,320,false,false,Mastercard; VISA; PayPal,https://www.vultr.com/pricing/,2026-08-30
vultr:vultr-vc2-16c-64gb-ewr-dfw-sea-lax-atl-ams-lhr-fra-sjc-syd-yto-cdg-nrt-waw-mad-icn-mia-sgp-sto-mex-mel-bom-jnb-tlv-blr-scl-itm-man-17,Vultr,Cloud Compute 16C-64G,,South Korea,KR,"ewr, dfw, sea, lax, atl, ams, lhr, fra, sjc, syd, yto, cdg, nrt, waw, mad, icn, mia, sgp, sto, mex, mel, bom, jnb, tlv, blr, scl, itm, man",,16,,64,1280,SSD,10,,320,USD,month,320,false,false,Mastercard; VISA; PayPal,https://www.vultr.com/pricing/,2026-08-30
vultr:vultr-vhf-16c-58gb-sea-lhr-sjc-syd-yto-cdg-nrt-waw-mad-icn-sto-mex-bom-blr-del-scl-itm-man-32,Vultr,High Frequency 16C-58G,,South Korea,KR,"sea, lhr, sjc, syd, yto, cdg, nrt, waw, mad, icn, sto, mex, bom, blr, del, scl, itm, man",,16,,58,1024,,9,,320,USD,month,320,false,false,Mastercard; VISA; PayPal,https://www.vultr.com/pricing/,2026-08-30
vultr:vultr-vc2-16c-64gb-ewr-dfw-sea-lax-atl-ams-lhr-fra-sjc-syd-yto-cdg-nrt-waw-mad-icn-mia-sgp-sto-mex-mel-bom-jnb-tlv-blr-scl-itm-man-17,Vultr,Cloud Compute 16C-64G,,Spain,ES,"ewr, dfw, sea, lax, atl, ams, lhr, fra, sjc, syd, yto, cdg, nrt, waw, mad, icn, mia, sgp, sto, mex, mel, bom, jnb, tlv, blr, scl, itm, man",,16,,64,1280,SSD,10,,320,USD,month,320,false,false,Mastercard; VISA; PayPal,https://www.vultr.com/pricing/,2026-08-30
vultr:vultr-vhf-16c-58gb-sea-lhr-sjc-syd-yto-cdg-nrt-waw-mad-icn-sto-mex-bom-blr-del-scl-itm-man-32,Vultr,High Frequency 16C-58G,,Spain,ES,"sea, lhr, sjc, syd, yto, cdg, nrt, waw, mad, icn, sto, mex, bom, blr, del, scl, itm, man",,16,,58,1024,,9,,320,USD,month,320,false,false,Mastercard; VISA; PayPal,https://www.vultr.com/pricing/,2026-08-30
vultr:vultr-vc2-16c-64gb-ewr-dfw-sea-lax-atl-ams-lhr-fra-sjc-syd-yto-cdg-nrt-waw-mad-icn-mia-sgp-sto-mex-mel-bom-jnb-tlv-blr-scl-itm-man-17,Vultr,Cloud Compute 16C-64G,,Sweden,SE,"ewr, dfw, sea, lax, atl, ams, lhr, fra, sjc, syd, yto, cdg, nrt, waw, mad, icn, mia, sgp, sto, mex, mel, bom, jnb, tlv, blr, scl, itm, man",,16,,64,1280,SSD,10,,320,USD,month,320,false,false,Mastercard; VISA; PayPal,https://www.vultr.com/pricing/,2026-08-30
vultr:vultr-vhf-16c-58gb-sea-lhr-sjc-syd-yto-cdg-nrt-waw-mad-icn-sto-mex-bom-blr-del-scl-itm-man-32,Vultr,High Frequency 16C-58G,,Sweden,SE,"sea, lhr, sjc, syd, yto, cdg, nrt, waw, mad, icn, sto, mex, bom, blr, del, scl, itm, man",,16,,58,1024,,9,,320,USD,month,320,false,false,Mastercard; VISA; PayPal,https://www.vultr.com/pricing/,2026-08-30
vultr:vultr-vc2-16c-64gb-ewr-dfw-sea-lax-atl-ams-lhr-fra-sjc-syd-yto-cdg-nrt-waw-mad-icn-mia-sgp-sto-mex-mel-bom-jnb-tlv-blr-scl-itm-man-17,Vultr,Cloud Compute 16C-64G,,United Kingdom,GB,"ewr, dfw, sea, lax, atl, ams, lhr, fra, sjc, syd, yto, cdg, nrt, waw, mad, icn, mia, sgp, sto, mex, mel, bom, jnb, tlv, blr, scl, itm, man",,16,,64,1280,SSD,10,,320,USD,month,320,false,false,Mastercard; VISA; PayPal,https://www.vultr.com/pricing/,2026-08-30
vultr:vultr-vhf-16c-58gb-sea-lhr-sjc-syd-yto-cdg-nrt-waw-mad-icn-sto-mex-bom-blr-del-scl-itm-man-32,Vultr,High Frequency 16C-58G,,United Kingdom,GB,"sea, lhr, sjc, syd, yto, cdg, nrt, waw, mad, icn, sto, mex, bom, blr, del, scl, itm, man",,16,,58,1024,,9,,320,USD,month,320,false,false,Mastercard; VISA; PayPal,https://www.vultr.com/pricing/,2026-08-30
vultr:vultr-vc2-16c-64gb-ewr-dfw-sea-lax-atl-ams-lhr-fra-sjc-syd-yto-cdg-nrt-waw-mad-icn-mia-sgp-sto-mex-mel-bom-jnb-tlv-blr-scl-itm-man-17,Vultr,Cloud Compute 16C-64G,,USA,US,"ewr, dfw, sea, lax, atl, ams, lhr, fra, sjc, syd, yto, cdg, nrt, waw, mad, icn, mia, sgp, sto, mex, mel, bom, jnb, tlv, blr, scl, itm, man",,16,,64,1280,SSD,10,,320,USD,month,320,false,false,Mastercard; VISA; PayPal,https://www.vultr.com/pricing/,2026-08-30
vultr:vultr-vhf-16c-58gb-sea-lhr-sjc-syd-yto-cdg-nrt-waw-mad-icn-sto-mex-bom-blr-del-scl-itm-man-32,Vultr,High Frequency 16C-58G,,USA,US,"sea, lhr, sjc, syd, yto, cdg, nrt, waw, mad, icn, sto, mex, bom, blr, del, scl, itm, man",,16,,58,1024,,9,,320,USD,month,320,false,false,Mastercard; VISA; PayPal,https://www.vultr.com/pricing/,2026-08-30
selectel:selectel-selectel-highfreq-8vcpu-64gb-960nvme-row-34,Selectel,HighFreq 8C-64G-960G,,Russia,RU,"Россия, Москва / Санкт-Петербург",,8,,64,960,NVMe,3,3000,28327.55,RUB,month,335.65,false,true,MIR; VISA; Mastercard; SBP; YooMoney; Bank transfer,https://selectel.ru/prices/calculator/,2026-09-22
selectel:selectel-selectel-standard-16vcpu-64gb-768nvme-row-18,Selectel,Standard 16C-64G-768G,,Russia,RU,"Россия, Москва / Санкт-Петербург",,16,,64,768,NVMe,3,3000,28872.85,RUB,month,342.11,false,true,MIR; VISA; Mastercard; SBP; YooMoney; Bank transfer,https://selectel.ru/prices/calculator/,2026-09-22
timeweb:timeweb-dedic-cpu-140-msk-row-18,TimeWEB,Dedic CPU-140 MSK,Dedic CPU-140,Russia,RU,Россия-Москва; Россия-Санкт-Петербург,,16,,64,140,NVMe,,1000,29080,RUB,month,344.56,false,true,MIR; Mastercard; VISA; SberPay; SBP; YooMoney,https://timeweb.cloud/services/vds-vps,2026-08-30
smartape:smartape-linux-nvme-nvme-x32-2560gb-datapro-moscow-i-ru-93,SmartApe,NVMe X32 · 2560 GB,,Czech Republic,CZ,Host-Telecom (CZ),Linux; Windows,16,,32,2560,NVMe,unlimited,200,29385,RUB,month,348.18,true,true,BNB; BTC; DOGE; ETH; HUMO; JCB; LTC; SOL; TRX; USDC; APRA; MIR; Mastercard; VISA; PayPal,https://www.smartape.ru/ssd-vps,2026-08-30
smartape:smartape-linux-nvme-nvme-x32-2560gb-datapro-moscow-i-ru-93,SmartApe,NVMe X32 · 2560 GB,,Israel,IL,Partner Group (IL),Linux; Windows,16,,32,2560,NVMe,unlimited,200,29385,RUB,month,348.18,true,true,BNB; BTC; DOGE; ETH; HUMO; JCB; LTC; SOL; TRX; USDC; APRA; MIR; Mastercard; VISA; PayPal,https://www.smartape.ru/ssd-vps,2026-08-30
smartape:smartape-linux-nvme-nvme-x32-2560gb-datapro-moscow-i-ru-93,SmartApe,NVMe X32 · 2560 GB,,Russia,RU,DataPro Moscow I (RU),Linux; Windows,16,,32,2560,NVMe,unlimited,200,29385,RUB,month,348.18,true,true,BNB; BTC; DOGE; ETH; HUMO; JCB; LTC; SOL; TRX; USDC; APRA; MIR; Mastercard; VISA; PayPal,https://www.smartape.ru/ssd-vps,2026-08-30
mevspace:mevspace-hc-16-58-poland-16,MevSpace,HC-16-58,,Poland,PL,Poland,,16,,58,1000,SSD,unlimited,1000,309.9,EUR,month,355.24,true,false,BCC; BCH; BTC; BUSD; DAI; DASH; DOGE; ETH; GUSD; LSK; LTC; SHIB; SOL; TRX; USDC; USDP; WBTC; XRP; ZEC; ZND; Mastercard; VISA; SEPA; PayPal,https://mevspace.com/vps-cloud?id=general-purpose,2026-08-30
selectel:selectel-selectel-standard-24vcpu-48gb-512nvme-row-23,Selectel,Standard 24C-48G-512G,,Russia,RU,"Россия, Москва / Санкт-Петербург",,24,,48,512,NVMe,3,3000,30476.89,RUB,month,361.11,false,true,MIR; VISA; Mastercard; SBP; YooMoney; Bank transfer,https://selectel.ru/prices/calculator/,2026-09-22
macloud:macloud-hi-cpu-32-russia-moscow-datapro-7,Macloud,Hi-CPU 32,,Russia,RU,Russia-Moscow-DataPro,,32,,64,1280,NVMe,64,1000,30720,RUB,month,363.99,true,true,BNB; BTC; DOGE; ETH; LTC; SOL; TON; TRX; USDC; USDT; MIR; Mastercard; VISA; SBP; Invoice for organization; YooMoney,https://macloud.ru/,2026-08-30
smartape:smartape-linux-nvme-nvme-x64-2560gb-datapro-moscow-i-ru-105,SmartApe,NVMe X64 · 2560 GB,,Czech Republic,CZ,Host-Telecom (CZ),Linux; Windows,24,,64,2560,NVMe,unlimited,200,31070,RUB,month,368.14,true,true,BNB; BTC; DOGE; ETH; HUMO; JCB; LTC; SOL; TRX; USDC; APRA; MIR; Mastercard; VISA; PayPal,https://www.smartape.ru/ssd-vps,2026-08-30
smartape:smartape-linux-nvme-nvme-x64-2560gb-datapro-moscow-i-ru-105,SmartApe,NVMe X64 · 2560 GB,,Israel,IL,Partner Group (IL),Linux; Windows,24,,64,2560,NVMe,unlimited,200,31070,RUB,month,368.14,true,true,BNB; BTC; DOGE; ETH; HUMO; JCB; LTC; SOL; TRX; USDC; APRA; MIR; Mastercard; VISA; PayPal,https://www.smartape.ru/ssd-vps,2026-08-30
smartape:smartape-linux-nvme-nvme-x64-2560gb-datapro-moscow-i-ru-105,SmartApe,NVMe X64 · 2560 GB,,Russia,RU,DataPro Moscow I (RU),Linux; Windows,24,,64,2560,NVMe,unlimited,200,31070,RUB,month,368.14,true,true,BNB; BTC; DOGE; ETH; HUMO; JCB; LTC; SOL; TRX; USDC; APRA; MIR; Mastercard; VISA; PayPal,https://www.smartape.ru/ssd-vps,2026-08-30
zomro:zomro-zomro-storage-zelt-netherlands-69,Zomro,Storage Zelt,,Netherlands,NL,Netherlands,,24,,120,6000,,24,,369.95,EUR,month,424.07,true,true,BNB; BTC; ETH; SOL; TON; USDC; USDT; MIR; Mastercard; VISA; SBP; PayPal,https://zomro.com/big_vds,2026-08-30
selectel:selectel-selectel-highfreq-16vcpu-64gb-640nvme-row-36,Selectel,HighFreq 16C-64G-640G,,Russia,RU,"Россия, Москва / Санкт-Петербург",,16,,64,640,NVMe,3,3000,36106.65,RUB,month,427.82,false,true,MIR; VISA; Mastercard; SBP; YooMoney; Bank transfer,https://selectel.ru/prices/calculator/,2026-09-22
timeweb:timeweb-dedic-high-120-row-23,TimeWEB,Dedic High-120,,Russia,RU,Россия-Москва,,16,,64,120,NVMe,,200,38800,RUB,month,459.73,false,true,MIR; Mastercard; VISA; SberPay; SBP; YooMoney,https://timeweb.cloud/services/vds-vps,2026-08-30
vdsina:vdsina-vdsina-com-hi-cpu-4-amsterdam-netherlands-8,VDSina,Hi-CPU 4,,Netherlands,NL,"Amsterdam, Netherlands",,32,,64,1280,NVMe,64,10000,480,USD,month,480,true,true,BNB; BTC; DOGE; ETH; LTC; SOL; TON; TRX; USDT; MIR; Mastercard; VISA; SBP; Invoice for organization; YooMoney,https://vdsina.ru/pricing/standard,2026-08-30
selectel:selectel-selectel-standard-24vcpu-96gb-1024nvme-row-19,Selectel,Standard 24C-96G-1024G,,Russia,RU,"Россия, Москва / Санкт-Петербург",,24,,96,1024,NVMe,3,3000,43309.27,RUB,month,513.16,false,true,MIR; VISA; Mastercard; SBP; YooMoney; Bank transfer,https://selectel.ru/prices/calculator/,2026-09-22
selectel:selectel-selectel-standard-16vcpu-128gb-512nvme-row-22,Selectel,Standard 16C-128G-512G,,Russia,RU,"Россия, Москва / Санкт-Петербург",,16,,128,512,NVMe,3,3000,45982.68,RUB,month,544.84,false,true,MIR; VISA; Mastercard; SBP; YooMoney; Bank transfer,https://selectel.ru/prices/calculator/,2026-09-22
vultr:vultr-vc2-24c-96gb-dfw-sea-lax-atl-ams-lhr-fra-sjc-syd-yto-cdg-nrt-waw-mad-icn-sgp-sto-mex-mel-bom-jnb-tlv-blr-scl-itm-man-18,Vultr,Cloud Compute 24C-96G,,Australia,AU,"dfw, sea, lax, atl, ams, lhr, fra, sjc, syd, yto, cdg, nrt, waw, mad, icn, sgp, sto, mex, mel, bom, jnb, tlv, blr, scl, itm, man",,24,,96,1600,SSD,15,,640,USD,month,640,false,false,Mastercard; VISA; PayPal,https://www.vultr.com/pricing/,2026-08-30
vultr:vultr-vc2-24c-96gb-dfw-sea-lax-atl-ams-lhr-fra-sjc-syd-yto-cdg-nrt-waw-mad-icn-sgp-sto-mex-mel-bom-jnb-tlv-blr-scl-itm-man-18,Vultr,Cloud Compute 24C-96G,,Canada,CA,"dfw, sea, lax, atl, ams, lhr, fra, sjc, syd, yto, cdg, nrt, waw, mad, icn, sgp, sto, mex, mel, bom, jnb, tlv, blr, scl, itm, man",,24,,96,1600,SSD,15,,640,USD,month,640,false,false,Mastercard; VISA; PayPal,https://www.vultr.com/pricing/,2026-08-30
vultr:vultr-vc2-24c-96gb-dfw-sea-lax-atl-ams-lhr-fra-sjc-syd-yto-cdg-nrt-waw-mad-icn-sgp-sto-mex-mel-bom-jnb-tlv-blr-scl-itm-man-18,Vultr,Cloud Compute 24C-96G,,Chile,CL,"dfw, sea, lax, atl, ams, lhr, fra, sjc, syd, yto, cdg, nrt, waw, mad, icn, sgp, sto, mex, mel, bom, jnb, tlv, blr, scl, itm, man",,24,,96,1600,SSD,15,,640,USD,month,640,false,false,Mastercard; VISA; PayPal,https://www.vultr.com/pricing/,2026-08-30
vultr:vultr-vc2-24c-96gb-dfw-sea-lax-atl-ams-lhr-fra-sjc-syd-yto-cdg-nrt-waw-mad-icn-sgp-sto-mex-mel-bom-jnb-tlv-blr-scl-itm-man-18,Vultr,Cloud Compute 24C-96G,,France,FR,"dfw, sea, lax, atl, ams, lhr, fra, sjc, syd, yto, cdg, nrt, waw, mad, icn, sgp, sto, mex, mel, bom, jnb, tlv, blr, scl, itm, man",,24,,96,1600,SSD,15,,640,USD,month,640,false,false,Mastercard; VISA; PayPal,https://www.vultr.com/pricing/,2026-08-30
vultr:vultr-vc2-24c-96gb-dfw-sea-lax-atl-ams-lhr-fra-sjc-syd-yto-cdg-nrt-waw-mad-icn-sgp-sto-mex-mel-bom-jnb-tlv-blr-scl-itm-man-18,Vultr,Cloud Compute 24C-96G,,Germany,DE,"dfw, sea, lax, atl, ams, lhr, fra, sjc, syd, yto, cdg, nrt, waw, mad, icn, sgp, sto, mex, mel, bom, jnb, tlv, blr, scl, itm, man",,24,,96,1600,SSD,15,,640,USD,month,640,false,false,Mastercard; VISA; PayPal,https://www.vultr.com/pricing/,2026-08-30
vultr:vultr-vc2-24c-96gb-dfw-sea-lax-atl-ams-lhr-fra-sjc-syd-yto-cdg-nrt-waw-mad-icn-sgp-sto-mex-mel-bom-jnb-tlv-blr-scl-itm-man-18,Vultr,Cloud Compute 24C-96G,,India,IN,"dfw, sea, lax, atl, ams, lhr, fra, sjc, syd, yto, cdg, nrt, waw, mad, icn, sgp, sto, mex, mel, bom, jnb, tlv, blr, scl, itm, man",,24,,96,1600,SSD,15,,640,USD,month,640,false,false,Mastercard; VISA; PayPal,https://www.vultr.com/pricing/,2026-08-30
vultr:vultr-vc2-24c-96gb-dfw-sea-lax-atl-ams-lhr-fra-sjc-syd-yto-cdg-nrt-waw-mad-icn-sgp-sto-mex-mel-bom-jnb-tlv-blr-scl-itm-man-18,Vultr,Cloud Compute 24C-96G,,Israel,IL,"dfw, sea, lax, atl, ams, lhr, fra, sjc, syd, yto, cdg, nrt, waw, mad, icn, sgp, sto, mex, mel, bom, jnb, tlv, blr, scl, itm, man",,24,,96,1600,SSD,15,,640,USD,month,640,false,false,Mastercard; VISA; PayPal,https://www.vultr.com/pricing/,2026-08-30
vultr:vultr-vc2-24c-96gb-dfw-sea-lax-atl-ams-lhr-fra-sjc-syd-yto-cdg-nrt-waw-mad-icn-sgp-sto-mex-mel-bom-jnb-tlv-blr-scl-itm-man-18,Vultr,Cloud Compute 24C-96G,,Japan,JP,"dfw, sea, lax, atl, ams, lhr, fra, sjc, syd, yto, cdg, nrt, waw, mad, icn, sgp, sto, mex, mel, bom, jnb, tlv, blr, scl, itm, man",,24,,96,1600,SSD,15,,640,USD,month,640,false,false,Mastercard; VISA; PayPal,https://www.vultr.com/pricing/,2026-08-30
vultr:vultr-vc2-24c-96gb-dfw-sea-lax-atl-ams-lhr-fra-sjc-syd-yto-cdg-nrt-waw-mad-icn-sgp-sto-mex-mel-bom-jnb-tlv-blr-scl-itm-man-18,Vultr,Cloud Compute 24C-96G,,Mexico,MX,"dfw, sea, lax, atl, ams, lhr, fra, sjc, syd, yto, cdg, nrt, waw, mad, icn, sgp, sto, mex, mel, bom, jnb, tlv, blr, scl, itm, man",,24,,96,1600,SSD,15,,640,USD,month,640,false,false,Mastercard; VISA; PayPal,https://www.vultr.com/pricing/,2026-08-30
vultr:vultr-vc2-24c-96gb-dfw-sea-lax-atl-ams-lhr-fra-sjc-syd-yto-cdg-nrt-waw-mad-icn-sgp-sto-mex-mel-bom-jnb-tlv-blr-scl-itm-man-18,Vultr,Cloud Compute 24C-96G,,Netherlands,NL,"dfw, sea, lax, atl, ams, lhr, fra, sjc, syd, yto, cdg, nrt, waw, mad, icn, sgp, sto, mex, mel, bom, jnb, tlv, blr, scl, itm, man",,24,,96,1600,SSD,15,,640,USD,month,640,false,false,Mastercard; VISA; PayPal,https://www.vultr.com/pricing/,2026-08-30
vultr:vultr-vc2-24c-96gb-dfw-sea-lax-atl-ams-lhr-fra-sjc-syd-yto-cdg-nrt-waw-mad-icn-sgp-sto-mex-mel-bom-jnb-tlv-blr-scl-itm-man-18,Vultr,Cloud Compute 24C-96G,,Poland,PL,"dfw, sea, lax, atl, ams, lhr, fra, sjc, syd, yto, cdg, nrt, waw, mad, icn, sgp, sto, mex, mel, bom, jnb, tlv, blr, scl, itm, man",,24,,96,1600,SSD,15,,640,USD,month,640,false,false,Mastercard; VISA; PayPal,https://www.vultr.com/pricing/,2026-08-30
vultr:vultr-vc2-24c-96gb-dfw-sea-lax-atl-ams-lhr-fra-sjc-syd-yto-cdg-nrt-waw-mad-icn-sgp-sto-mex-mel-bom-jnb-tlv-blr-scl-itm-man-18,Vultr,Cloud Compute 24C-96G,,Singapore,SG,"dfw, sea, lax, atl, ams, lhr, fra, sjc, syd, yto, cdg, nrt, waw, mad, icn, sgp, sto, mex, mel, bom, jnb, tlv, blr, scl, itm, man",,24,,96,1600,SSD,15,,640,USD,month,640,false,false,Mastercard; VISA; PayPal,https://www.vultr.com/pricing/,2026-08-30
vultr:vultr-vc2-24c-96gb-dfw-sea-lax-atl-ams-lhr-fra-sjc-syd-yto-cdg-nrt-waw-mad-icn-sgp-sto-mex-mel-bom-jnb-tlv-blr-scl-itm-man-18,Vultr,Cloud Compute 24C-96G,,South Africa,ZA,"dfw, sea, lax, atl, ams, lhr, fra, sjc, syd, yto, cdg, nrt, waw, mad, icn, sgp, sto, mex, mel, bom, jnb, tlv, blr, scl, itm, man",,24,,96,1600,SSD,15,,640,USD,month,640,false,false,Mastercard; VISA; PayPal,https://www.vultr.com/pricing/,2026-08-30
vultr:vultr-vc2-24c-96gb-dfw-sea-lax-atl-ams-lhr-fra-sjc-syd-yto-cdg-nrt-waw-mad-icn-sgp-sto-mex-mel-bom-jnb-tlv-blr-scl-itm-man-18,Vultr,Cloud Compute 24C-96G,,South Korea,KR,"dfw, sea, lax, atl, ams, lhr, fra, sjc, syd, yto, cdg, nrt, waw, mad, icn, sgp, sto, mex, mel, bom, jnb, tlv, blr, scl, itm, man",,24,,96,1600,SSD,15,,640,USD,month,640,false,false,Mastercard; VISA; PayPal,https://www.vultr.com/pricing/,2026-08-30
vultr:vultr-vc2-24c-96gb-dfw-sea-lax-atl-ams-lhr-fra-sjc-syd-yto-cdg-nrt-waw-mad-icn-sgp-sto-mex-mel-bom-jnb-tlv-blr-scl-itm-man-18,Vultr,Cloud Compute 24C-96G,,Spain,ES,"dfw, sea, lax, atl, ams, lhr, fra, sjc, syd, yto, cdg, nrt, waw, mad, icn, sgp, sto, mex, mel, bom, jnb, tlv, blr, scl, itm, man",,24,,96,1600,SSD,15,,640,USD,month,640,false,false,Mastercard; VISA; PayPal,https://www.vultr.com/pricing/,2026-08-30
vultr:vultr-vc2-24c-96gb-dfw-sea-lax-atl-ams-lhr-fra-sjc-syd-yto-cdg-nrt-waw-mad-icn-sgp-sto-mex-mel-bom-jnb-tlv-blr-scl-itm-man-18,Vultr,Cloud Compute 24C-96G,,Sweden,SE,"dfw, sea, lax, atl, ams, lhr, fra, sjc, syd, yto, cdg, nrt, waw, mad, icn, sgp, sto, mex, mel, bom, jnb, tlv, blr, scl, itm, man",,24,,96,1600,SSD,15,,640,USD,month,640,false,false,Mastercard; VISA; PayPal,https://www.vultr.com/pricing/,2026-08-30
vultr:vultr-vc2-24c-96gb-dfw-sea-lax-atl-ams-lhr-fra-sjc-syd-yto-cdg-nrt-waw-mad-icn-sgp-sto-mex-mel-bom-jnb-tlv-blr-scl-itm-man-18,Vultr,Cloud Compute 24C-96G,,United Kingdom,GB,"dfw, sea, lax, atl, ams, lhr, fra, sjc, syd, yto, cdg, nrt, waw, mad, icn, sgp, sto, mex, mel, bom, jnb, tlv, blr, scl, itm, man",,24,,96,1600,SSD,15,,640,USD,month,640,false,false,Mastercard; VISA; PayPal,https://www.vultr.com/pricing/,2026-08-30
vultr:vultr-vc2-24c-96gb-dfw-sea-lax-atl-ams-lhr-fra-sjc-syd-yto-cdg-nrt-waw-mad-icn-sgp-sto-mex-mel-bom-jnb-tlv-blr-scl-itm-man-18,Vultr,Cloud Compute 24C-96G,,USA,US,"dfw, sea, lax, atl, ams, lhr, fra, sjc, syd, yto, cdg, nrt, waw, mad, icn, sgp, sto, mex, mel, bom, jnb, tlv, blr, scl, itm, man",,24,,96,1600,SSD,15,,640,USD,month,640,false,false,Mastercard; VISA; PayPal,https://www.vultr.com/pricing/,2026-08-30
selectel:selectel-selectel-highfreq-16vcpu-128gb-960nvme-row-37,Selectel,HighFreq 16C-128G-960G,,Russia,RU,"Россия, Москва / Санкт-Петербург",,16,,128,960,NVMe,3,3000,56655.09,RUB,month,671.29,false,true,MIR; VISA; Mastercard; SBP; YooMoney; Bank transfer,https://selectel.ru/prices/calculator/,2026-09-22
macloud:macloud-hi-cpu-64-russia-moscow-datapro-8,Macloud,Hi-CPU 64,,Russia,RU,Russia-Moscow-DataPro,,64,,128,2000,NVMe,64,1000,61440,RUB,month,727.99,true,true,BNB; BTC; DOGE; ETH; LTC; SOL; TON; TRX; USDC; USDT; MIR; Mastercard; VISA; SBP; Invoice for organization; YooMoney,https://macloud.ru/,2026-08-30
timeweb:timeweb-dedic-high-160-row-24,TimeWEB,Dedic High-160,,Russia,RU,Россия-Москва,,28,,112,160,NVMe,,200,67000,RUB,month,793.87,false,true,MIR; Mastercard; VISA; SberPay; SBP; YooMoney,https://timeweb.cloud/services/vds-vps,2026-08-30
selectel:selectel-selectel-highfreq-32vcpu-128gb-960nvme-row-38,Selectel,HighFreq 32C-128G-960G,,Russia,RU,"Россия, Москва / Санкт-Петербург",,32,,128,960,NVMe,3,3000,72213.3,RUB,month,855.64,false,true,MIR; VISA; Mastercard; SBP; YooMoney; Bank transfer,https://selectel.ru/prices/calculator/,2026-09-22
vdsina:vdsina-vdsina-com-hi-cpu-5-amsterdam-netherlands-9,VDSina,Hi-CPU 5,,Netherlands,NL,"Amsterdam, Netherlands",,64,,128,2000,NVMe,64,10000,960,USD,month,960,true,true,BNB; BTC; DOGE; ETH; LTC; SOL; TON; TRX; USDT; MIR; Mastercard; VISA; SBP; Invoice for organization; YooMoney,https://vdsina.ru/pricing/standard,2026-08-30
selectel:selectel-selectel-highfreq-32vcpu-160gb-1280nvme-row-39,Selectel,HighFreq 32C-160G-1280G,,Russia,RU,"Россия, Москва / Санкт-Петербург",,32,,160,1280,NVMe,3,3000,82487.52,RUB,month,977.38,false,true,MIR; VISA; Mastercard; SBP; YooMoney; Bank transfer,https://selectel.ru/prices/calculator/,2026-09-22
selectel:selectel-selectel-highfreq-32vcpu-256gb-1536nvme-row-40,Selectel,HighFreq 32C-256G-1536G,,Russia,RU,"Россия, Москва / Санкт-Петербург",,32,,256,1536,NVMe,3,3000,113310.19,RUB,month,1342.59,false,true,MIR; VISA; Mastercard; SBP; YooMoney; Bank transfer,https://selectel.ru/prices/calculator/,2026-09-22
